month,score,congestion_pct
2020-06,2.16,22
2020-07,2.37,23
2020-08,2.29,22
2020-09,2.93,32
2020-10,2.38,29
2020-11,2.2,25
2020-12,3.04,32
2021-01,2.25,26
2021-02,3.38,38
2021-03,2.87,32
2021-04,3.62,18
2021-05,2.36,32
2021-06,2.82,38
2021-07,2.59,36
2021-08,2.61,38
2021-09,2.75,43
2021-10,2.81,42
2021-11,2.93,39
2021-12,3.74,48
2022-01,2.19,33
2022-02,2.74,41
2022-03,2.37,41
2022-04,2.29,41
2022-05,1.93,37
2022-06,1.9,39
2022-07,1.58,36
2022-08,1.49,34
2022-09,2.04,38
2022-10,1.92,35
2022-11,1.9,36
2022-12,2.39,43
2023-01,0.94,27
2023-02,1.44,33
2023-03,2.02,35
2023-04,2.18,36
2023-05,2.32,35
2023-06,2.26,34
2023-07,1.8,27
2023-08,1.9,28
2023-09,2.1,30
2023-10,2.3,26
2023-11,2.5,28
2023-12,2.5,33
2024-01,1.9,21
2024-02,2.1,27
2024-03,1.7,26
2024-04,1.8,29
2024-05,1.7,28
2024-06,1.9,27
2024-07,1.6,24
2024-08,1.6,25
2024-09,1.9,27
2024-10,2.1,29
2024-11,2.4,27
2024-12,2.95,28
2025-01,1.4,15
2025-02,1.9,21
2025-03,1.8,22
2025-04,2,25
2025-05,2,23
2025-06,1.8,21
2025-07,1.9,18
2025-08,1.9,14
2025-09,2.1,17
2025-10,2.2,19
2025-11,2.8,22
2025-12,2.8,25
2026-01,2,16
2026-02,2.4,25
2026-03,1.7,23
2026-04,2,27
2026-05,1.4,20
2026-06,1.8,18
2026-07,1.6,15
2026-08,1.69,16
