region,time_msk,score,forecast_score,avg_speed_kmh,vehicles_on_roads,vehicles_vs_prev_month_pct,url
Москва,2025-01-15T09:26+03:00,5,,,,,https://t.me/DtOperativno/19976
Москва,2025-01-17T18:09+03:00,6,,,,,https://t.me/DtOperativno/20005
Москва,2025-02-14T18:00+03:00,6,,24,,,https://t.me/DtOperativno/20178
Москва,2025-02-19T17:45+03:00,5,,,,,https://t.me/DtOperativno/20216
Москва,2025-02-19T18:47+03:00,7,,27,,,https://t.me/DtOperativno/20217
Москва,2025-02-20T14:41+03:00,4,,,,,https://t.me/DtOperativno/20229
Москва,2025-02-21T14:38+03:00,5,,,,,https://t.me/DtOperativno/20238
Москва,2025-02-21T17:41+03:00,6,,25,,,https://t.me/DtOperativno/20243
Москва,2025-02-28T15:00+03:00,4,,,,,https://t.me/DtOperativno/20315
Москва,2025-03-04T09:35+03:00,5,,28,,,https://t.me/DtOperativno/20347
Москва,2025-03-05T12:26+03:00,4,,,,,https://t.me/DtOperativno/20358
Москва,2025-03-06T12:44+03:00,4,,,,,https://t.me/DtOperativno/20367
Москва,2025-03-06T15:01+03:00,5,,31,,,https://t.me/DtOperativno/20369
Москва,2025-03-06T17:11+03:00,6,,29,,,https://t.me/DtOperativno/20373
Москва,2025-03-06T18:38+03:00,7,,26,,,https://t.me/DtOperativno/20376
Москва,2025-03-06T21:10+03:00,4,,,,,https://t.me/DtOperativno/20377
Москва,2025-03-07T13:20+03:00,4,,,,,https://t.me/DtOperativno/20381
Москва,2025-03-07T16:01+03:00,6,,25,,,https://t.me/DtOperativno/20396
Москва,2025-03-07T17:38+03:00,7,,25,,,https://t.me/DtOperativno/20398
Москва,2025-03-13T15:00+03:00,4,,,,,https://t.me/DtOperativno/20447
Москва,2025-03-14T14:41+03:00,3,,,,,https://t.me/DtOperativno/20457
Москва,2025-03-17T08:52+03:00,6,,25,,,https://t.me/DtOperativno/20483
Москва,2025-03-18T13:11+03:00,4,,,,,https://t.me/DtOperativno/20497
Москва,2025-03-21T14:19+03:00,3,,,,,https://t.me/DtOperativno/20525
Москва,2025-03-25T14:21+03:00,4,,,,,https://t.me/DtOperativno/20568
Москва,2025-03-25T18:46+03:00,6,,23,,,https://t.me/DtOperativno/20572
Москва,2025-03-26T14:12+03:00,4,,,,,https://t.me/DtOperativno/20575
Москва,2025-03-26T18:49+03:00,6,,27,,,https://t.me/DtOperativno/20578
Москва,2025-03-28T14:29+03:00,3,,,,,https://t.me/DtOperativno/20603
Москва,2025-04-01T09:20+03:00,3,,,,,https://t.me/DtOperativno/20638
Москва,2025-04-01T18:30+03:00,5,,24,,,https://t.me/DtOperativno/20644
Москва,2025-04-01T19:38+03:00,7,,22,,,https://t.me/DtOperativno/20646
Москва,2025-04-03T14:11+03:00,4,,,,,https://t.me/DtOperativno/20651
Москва,2025-04-04T15:02+03:00,4,,,,,https://t.me/DtOperativno/20662
Москва,2025-04-04T18:09+03:00,6,,25,,,https://t.me/DtOperativno/20665
Москва,2025-04-08T17:35+03:00,3,,,,,https://t.me/DtOperativno/20716
Москва,2025-04-11T14:07+03:00,2,,,,,https://t.me/DtOperativno/20735
Москва,2025-04-15T19:10+03:00,6,,24,,,https://t.me/DtOperativno/20786
Москва,2025-04-16T15:05+03:00,5,,31,,,https://t.me/DtOperativno/20793
Москва,2025-04-16T16:43+03:00,6,,28,,,https://t.me/DtOperativno/20796
Москва,2025-04-16T17:34+03:00,7,,27,,,https://t.me/DtOperativno/20798
Москва,2025-04-16T18:55+03:00,8,,23,,,https://t.me/DtOperativno/20800
Москва,2025-04-18T14:51+03:00,5,,,,,https://t.me/DtOperativno/20839
Москва,2025-04-18T17:57+03:00,6,,25,,,https://t.me/DtOperativno/20850
Москва,2025-04-21T10:30+03:00,4,,,,,https://t.me/DtOperativno/20865
Москва,2025-04-21T18:28+03:00,6,,28,,,https://t.me/DtOperativno/20869
Москва,2025-04-21T19:51+03:00,7,,32,,,https://t.me/DtOperativno/20870
Москва,2025-04-22T11:28+03:00,5,,,,,https://t.me/DtOperativno/20874
Москва,2025-04-23T14:35+03:00,4,,32,,,https://t.me/DtOperativno/20902
Москва,2025-04-24T14:25+03:00,5,,,,,https://t.me/DtOperativno/20915
Москва,2025-04-24T19:03+03:00,6,,25,,,https://t.me/DtOperativno/20918
Москва,2025-04-25T14:34+03:00,5,,,,,https://t.me/DtOperativno/20929
Москва,2025-04-29T13:41+03:00,6,,,,,https://t.me/DtOperativno/21000
Москва,2025-04-29T18:29+03:00,7,,26,,,https://t.me/DtOperativno/21003
Москва,2025-04-30T14:40+03:00,5,,,,,https://t.me/DtOperativno/21009
Москва,2025-04-30T16:52+03:00,7,,25,,,https://t.me/DtOperativno/21014
Москва,2025-05-07T14:13+03:00,4,,,,,https://t.me/DtOperativno/21074
Москва,2025-05-13T19:24+03:00,7,,22,,,https://t.me/DtOperativno/21148
Москва,2025-05-14T17:20+03:00,4,,,,,https://t.me/DtOperativno/21157
Москва,2025-05-14T19:04+03:00,7,,25,,,https://t.me/DtOperativno/21158
Москва,2025-05-16T14:42+03:00,4,,,,,https://t.me/DtOperativno/21190
Москва,2025-05-20T09:54+03:00,5,,,,,https://t.me/DtOperativno/21229
Москва,2025-05-20T14:43+03:00,5,,,,,https://t.me/DtOperativno/21231
Москва,2025-05-20T19:14+03:00,6,,26,,,https://t.me/DtOperativno/21239
Москва,2025-05-21T12:21+03:00,4,,,,,https://t.me/DtOperativno/21243
Москва,2025-05-23T14:42+03:00,4,,,,,https://t.me/DtOperativno/21266
Москва,2025-05-27T16:53+03:00,5,,,,,https://t.me/DtOperativno/21311
Москва,2025-05-27T18:47+03:00,7,,29,,,https://t.me/DtOperativno/21313
Москва,2025-05-28T12:00+03:00,6,,,,,https://t.me/DtOperativno/21332
Москва,2025-05-28T15:34+03:00,6,,,,,https://t.me/DtOperativno/21339
Москва,2025-05-28T19:08+03:00,7,,28,,,https://t.me/DtOperativno/21342
Москва,2025-05-29T19:26+03:00,6,,24,,,https://t.me/DtOperativno/21360
Москва,2025-05-30T14:51+03:00,4,,,,,https://t.me/DtOperativno/21378
Москва,2025-06-06T14:48+03:00,4,,,,,https://t.me/DtOperativno/21475
Москва,2025-06-11T15:00+03:00,5,,,,,https://t.me/DtOperativno/21528
Москва,2025-06-11T17:49+03:00,7,,27,,,https://t.me/DtOperativno/21536
Москва,2025-06-17T16:51+03:00,5,,,,,https://t.me/DtOperativno/21579
Москва,2025-06-20T15:05+03:00,5,,,,,https://t.me/DtOperativno/21615
Москва,2025-06-25T14:05+03:00,3,,,,,https://t.me/DtOperativno/21652
Москва,2025-06-26T16:00+03:00,4,,,,,https://t.me/DtOperativno/21665
Москва,2025-06-27T15:04+03:00,5,,,,,https://t.me/DtOperativno/21685
Москва,2025-06-30T16:43+03:00,4,,,,,https://t.me/DtOperativno/21719
Москва,2025-07-01T13:10+03:00,4,,,,,https://t.me/DtOperativno/21729
Москва,2025-07-03T13:19+03:00,4,,,,,https://t.me/DtOperativno/21744
Москва,2025-07-04T14:49+03:00,4,,,,,https://t.me/DtOperativno/21771
Москва,2025-07-11T15:30+03:00,3,,,,,https://t.me/DtOperativno/21853
Москва,2025-07-12T19:23+03:00,3,,,,,https://t.me/DtOperativno/21877
Москва,2025-07-14T19:48+03:00,4,,,,,https://t.me/DtOperativno/21887
Москва,2025-07-15T12:55+03:00,5,,,,,https://t.me/DtOperativno/21901
Москва,2025-07-15T13:23+03:00,5,,,,,https://t.me/DtOperativno/21903
Москва,2025-07-16T18:50+03:00,6,,32,,,https://t.me/DtOperativno/21919
Москва,2025-07-18T14:25+03:00,3,,,,,https://t.me/DtOperativno/21934
Москва,2025-07-21T10:01+03:00,5,,,,,https://t.me/DtOperativno/21970
Москва,2025-07-21T11:42+03:00,5,,,,,https://t.me/DtOperativno/21973
Москва,2025-07-21T13:21+03:00,4,,40,,,https://t.me/DtOperativno/21976
Москва,2025-07-21T14:22+03:00,4,,42,,,https://t.me/DtOperativno/21978
Москва,2025-07-22T14:56+03:00,3,,,,,https://t.me/DtOperativno/22002
Москва,2025-07-22T17:32+03:00,4,,,,,https://t.me/DtOperativno/22003
Москва,2025-07-22T19:03+03:00,6,,32,,,https://t.me/DtOperativno/22015
Москва,2025-07-22T20:40+03:00,4,,40,,,https://t.me/DtOperativno/22021
Москва,2025-07-23T14:09+03:00,4,,,,,https://t.me/DtOperativno/22030
Москва,2025-07-24T12:15+03:00,5,,,,,https://t.me/DtOperativno/22049
Москва,2025-07-24T13:58+03:00,5,,42,,,https://t.me/DtOperativno/22053
Москва,2025-07-24T15:17+03:00,6,,38,,,https://t.me/DtOperativno/22055
Москва,2025-07-25T14:40+03:00,4,,,,,https://t.me/DtOperativno/22073
Москва,2025-07-31T14:55+03:00,4,,,,,https://t.me/DtOperativno/22145
Москва,2025-08-01T08:31+03:00,3,,,,,https://t.me/DtOperativno/22158
Москва,2025-08-01T14:42+03:00,4,,,,,https://t.me/DtOperativno/22167
Москва,2025-08-04T14:54+03:00,3,,,,,https://t.me/DtOperativno/22201
Москва,2025-08-04T19:39+03:00,6,,32,,,https://t.me/DtOperativno/22208
Москва,2025-08-05T15:19+03:00,3,,52,,,https://t.me/DtOperativno/22218
Москва,2025-08-06T14:44+03:00,3,,,,,https://t.me/DtOperativno/22230
Москва,2025-08-07T12:15+03:00,4,,,,,https://t.me/DtOperativno/22250
Москва,2025-08-07T19:18+03:00,6,,36,,,https://t.me/DtOperativno/22267
Москва,2025-08-08T14:10+03:00,3,,,,,https://t.me/DtOperativno/22279
Москва,2025-08-11T14:30+03:00,3,,,,,https://t.me/DtOperativno/22314
Москва,2025-08-12T14:38+03:00,4,,,,,https://t.me/DtOperativno/22324
Москва,2025-08-14T19:24+03:00,5,,36,,,https://t.me/DtOperativno/22356
Москва,2025-08-15T14:27+03:00,4,,,,,https://t.me/DtOperativno/22367
Москва,2025-08-20T12:55+03:00,4,,,,,https://t.me/DtOperativno/22429
Москва,2025-08-21T09:30+03:00,4,,,,,https://t.me/DtOperativno/22438
Москва,2025-08-22T14:14+03:00,4,,,,,https://t.me/DtOperativno/22463
Москва,2025-08-25T15:58+03:00,3,,,,,https://t.me/DtOperativno/22490
Москва,2025-08-27T19:23+03:00,7,,28,,,https://t.me/DtOperativno/22516
Москва,2025-08-28T14:02+03:00,5,,,,,https://t.me/DtOperativno/22520
Москва,2025-08-28T18:45+03:00,7,,29,,,https://t.me/DtOperativno/22536
Москва,2025-08-29T14:43+03:00,5,,,,,https://t.me/DtOperativno/22546
Москва,2025-09-02T19:31+03:00,7,,26,,,https://t.me/DtOperativno/22584
Москва,2025-09-05T14:13+03:00,4,,,,,https://t.me/DtOperativno/22614
Москва,2025-09-05T18:46+03:00,6,,29,,,https://t.me/DtOperativno/22633
Москва,2025-09-10T19:22+03:00,7,,30,,,https://t.me/DtOperativno/22676
Москва,2025-09-12T15:25+03:00,4,,,,,https://t.me/DtOperativno/22712
Москва,2025-09-12T18:20+03:00,7,,28,,,https://t.me/DtOperativno/22722
Москва,2025-09-19T14:44+03:00,4,,,,,https://t.me/DtOperativno/22804
Москва,2025-09-19T18:27+03:00,7,,27,,,https://t.me/DtOperativno/22814
Москва,2025-09-23T15:09+03:00,4,,,,,https://t.me/DtOperativno/22848
Москва,2025-09-23T18:46+03:00,7,,27,,,https://t.me/DtOperativno/22853
Москва,2025-09-24T14:05+03:00,4,,,,,https://t.me/DtOperativno/22866
Москва,2025-09-24T18:49+03:00,7,,32,,,https://t.me/DtOperativno/22878
Москва,2025-09-25T14:44+03:00,5,,,,,https://t.me/DtOperativno/22899
Москва,2025-09-25T18:47+03:00,7,,26,,,https://t.me/DtOperativno/22916
Москва,2025-09-25T19:31+03:00,8,,26,,,https://t.me/DtOperativno/22919
Москва,2025-09-26T15:00+03:00,4,,,,,https://t.me/DtOperativno/22927
Москва,2025-09-30T18:50+03:00,7,,28,,,https://t.me/DtOperativno/22955
Москва,2025-10-03T14:46+03:00,3,,,,,https://t.me/DtOperativno/22993
Москва,2025-10-06T14:52+03:00,3,,,,,https://t.me/DtOperativno/23027
Москва,2025-10-07T14:45+03:00,4,,,,,https://t.me/DtOperativno/23040
Москва,2025-10-07T19:31+03:00,7,,29,,,https://t.me/DtOperativno/23042
Москва,2025-10-09T19:18+03:00,6,,26,,,https://t.me/DtOperativno/23069
Москва,2025-10-10T14:21+03:00,5,,,,,https://t.me/DtOperativno/23087
Москва,2025-10-10T17:24+03:00,7,,27,,,https://t.me/DtOperativno/23091
Москва,2025-10-10T19:14+03:00,6,,25,,,https://t.me/DtOperativno/23092
Москва,2025-10-13T14:41+03:00,4,,,,,https://t.me/DtOperativno/23112
Москва,2025-10-13T19:25+03:00,7,,24,,,https://t.me/DtOperativno/23117
Москва,2025-10-14T18:26+03:00,7,,28,,,https://t.me/DtOperativno/23129
Москва,2025-10-14T19:31+03:00,7,,28,,,https://t.me/DtOperativno/23132
Москва,2025-10-15T14:26+03:00,5,,,,,https://t.me/DtOperativno/23146
Москва,2025-10-15T18:54+03:00,7,,27,,,https://t.me/DtOperativno/23148
Москва,2025-10-15T19:59+03:00,7,,29,,,https://t.me/DtOperativno/23151
Москва,2025-10-16T19:20+03:00,7,,25,,,https://t.me/DtOperativno/23164
Москва,2025-10-17T14:50+03:00,4,,,,,https://t.me/DtOperativno/23186
Москва,2025-10-17T17:50+03:00,7,,30,,,https://t.me/DtOperativno/23196
Москва,2025-10-23T18:56+03:00,6,,24,,,https://t.me/DtOperativno/23253
Москва,2025-10-24T14:02+03:00,4,,,,,https://t.me/DtOperativno/23262
Москва,2025-10-29T15:31+03:00,6,,29,,,https://t.me/DtOperativno/23309
Москва,2025-10-29T18:26+03:00,7,,25,,,https://t.me/DtOperativno/23315
Москва,2025-10-29T19:25+03:00,7,,29,,,https://t.me/DtOperativno/23317
Москва,2025-10-30T19:09+03:00,7,,29,,,https://t.me/DtOperativno/23340
Москва,2025-10-30T19:58+03:00,5,,,,,https://t.me/DtOperativno/23342
Москва,2025-10-31T11:55+03:00,4,,,,,https://t.me/DtOperativno/23354
Москва,2025-10-31T17:51+03:00,7,,26,,,https://t.me/DtOperativno/23363
Москва,2025-10-31T19:41+03:00,6,,,,,https://t.me/DtOperativno/23365
Москва,2025-11-01T14:16+03:00,4,,,,,https://t.me/DtOperativno/23374
Москва,2025-11-01T18:08+03:00,7,,25,,,https://t.me/DtOperativno/23382
Москва,2025-11-06T18:19+03:00,7,,29,,,https://t.me/DtOperativno/23425
Москва,2025-11-07T14:31+03:00,4,,,,,https://t.me/DtOperativno/23441
Москва,2025-11-07T17:53+03:00,7,,24,,,https://t.me/DtOperativno/23451
Москва,2025-11-07T18:50+03:00,7,,24,,,https://t.me/DtOperativno/23453
Москва,2025-11-10T18:49+03:00,7,,29,,,https://t.me/DtOperativno/23483
Москва,2025-11-11T18:00+03:00,7,,29,,,https://t.me/DtOperativno/23493
Москва,2025-11-11T19:31+03:00,7,,28,,,https://t.me/DtOperativno/23495
Москва,2025-11-12T13:33+03:00,5,,,,,https://t.me/DtOperativno/23508
Москва,2025-11-12T16:45+03:00,6,,,,,https://t.me/DtOperativno/23514
Москва,2025-11-12T17:58+03:00,7,,27,,,https://t.me/DtOperativno/23517
Москва,2025-11-12T19:13+03:00,7,,25,,,https://t.me/DtOperativno/23521
Москва,2025-11-12T21:41+03:00,5,,40,,,https://t.me/DtOperativno/23525
Москва,2025-11-13T14:31+03:00,5,,,,,https://t.me/DtOperativno/23528
Москва,2025-11-13T17:49+03:00,7,,29,,,https://t.me/DtOperativno/23536
Москва,2025-11-14T14:06+03:00,5,,,,,https://t.me/DtOperativno/23549
Москва,2025-11-14T18:26+03:00,7,,24,,,https://t.me/DtOperativno/23555
Москва,2025-11-17T13:05+03:00,4,,,,,https://t.me/DtOperativno/23592
Москва,2025-11-17T16:44+03:00,5,,,,,https://t.me/DtOperativno/23599
Москва,2025-11-17T18:24+03:00,7,,27,,,https://t.me/DtOperativno/23602
Москва,2025-11-17T20:42+03:00,4,,46,,,https://t.me/DtOperativno/23609
Москва,2025-11-18T10:09+03:00,6,,32,,,https://t.me/DtOperativno/23620
Москва,2025-11-18T11:00+03:00,6,,,,,https://t.me/DtOperativno/23625
Москва,2025-11-18T12:02+03:00,6,,,,,https://t.me/DtOperativno/23628
Москва,2025-11-18T13:04+03:00,6,,37,,,https://t.me/DtOperativno/23631
Москва,2025-11-18T16:57+03:00,6,,29,,,https://t.me/DtOperativno/23642
Москва,2025-11-18T17:30+03:00,7,,28,,,https://t.me/DtOperativno/23644
Москва,2025-11-18T19:22+03:00,7,,24,,,https://t.me/DtOperativno/23649
Москва,2025-11-18T20:24+03:00,6,,,,,https://t.me/DtOperativno/23653
Москва,2025-11-19T08:38+03:00,4,,,,,https://t.me/DtOperativno/23662
Москва,2025-11-19T12:12+03:00,4,,,,,https://t.me/DtOperativno/23666
Москва,2025-11-19T15:55+03:00,5,,,,,https://t.me/DtOperativno/23671
Москва,2025-11-19T17:50+03:00,7,,29,,,https://t.me/DtOperativno/23673
Москва,2025-11-20T17:50+03:00,7,,29,,,https://t.me/DtOperativno/23690
Москва,2025-11-21T09:36+03:00,5,,32,,,https://t.me/DtOperativno/23700
Москва,2025-11-21T14:26+03:00,6,,,,,https://t.me/DtOperativno/23705
Москва,2025-11-21T16:48+03:00,7,,26,,,https://t.me/DtOperativno/23716
Москва,2025-11-24T08:58+03:00,6,,31,,,https://t.me/DtOperativno/23736
Москва,2025-11-24T14:10+03:00,4,,,,,https://t.me/DtOperativno/23748
Москва,2025-11-25T18:11+03:00,7,,27,,,https://t.me/DtOperativno/23770
Москва,2025-11-26T08:49+03:00,5,,32,,,https://t.me/DtOperativno/23780
Москва,2025-11-26T16:59+03:00,7,,30,,,https://t.me/DtOperativno/23784
Москва,2025-11-26T17:58+03:00,7,,26,,,https://t.me/DtOperativno/23787
Москва,2025-11-26T19:14+03:00,8,,23,,,https://t.me/DtOperativno/23789
Москва,2025-11-26T20:51+03:00,6,,35,,,https://t.me/DtOperativno/23792
Москва,2025-11-27T09:02+03:00,5,,,,,https://t.me/DtOperativno/23796
Москва,2025-11-27T13:53+03:00,5,,,,,https://t.me/DtOperativno/23801
Москва,2025-11-27T17:48+03:00,7,,28,,,https://t.me/DtOperativno/23810
Москва,2025-11-28T12:18+03:00,4,,,,,https://t.me/DtOperativno/23823
Москва,2025-11-28T14:28+03:00,5,,,,,https://t.me/DtOperativno/23825
Москва,2025-11-28T16:10+03:00,7,,29,,,https://t.me/DtOperativno/23829
Москва,2025-11-28T17:10+03:00,7,,24,,,https://t.me/DtOperativno/23834
Москва,2025-11-28T18:16+03:00,7,,23,,,https://t.me/DtOperativno/23839
Москва,2025-12-01T08:29+03:00,3,,,,,https://t.me/DtOperativno/23862
Москва,2025-12-01T13:06+03:00,3,,,,,https://t.me/DtOperativno/23864
Москва,2025-12-02T10:44+03:00,4,,,,,https://t.me/DtOperativno/23871
Москва,2025-12-02T14:04+03:00,5,,,,,https://t.me/DtOperativno/23876
Москва,2025-12-02T16:08+03:00,5,,32,,,https://t.me/DtOperativno/23884
Москва,2025-12-02T17:07+03:00,7,,32,,,https://t.me/DtOperativno/23885
Москва,2025-12-02T18:00+03:00,8,,28,,,https://t.me/DtOperativno/23889
Москва,2025-12-02T20:26+03:00,6,,,,,https://t.me/DtOperativno/23893
Москва,2025-12-03T10:14+03:00,5,,,,,https://t.me/DtOperativno/23900
Москва,2025-12-03T13:22+03:00,4,,,,,https://t.me/DtOperativno/23906
Москва,2025-12-03T18:35+03:00,7,,28,,,https://t.me/DtOperativno/23911
Москва,2025-12-04T09:05+03:00,5,,,,,https://t.me/DtOperativno/23920
Москва,2025-12-04T18:08+03:00,7,,29,,,https://t.me/DtOperativno/23925
Москва,2025-12-05T13:20+03:00,5,,,,,https://t.me/DtOperativno/23931
Москва,2025-12-05T16:54+03:00,7,,27,,,https://t.me/DtOperativno/23937
Москва,2025-12-08T13:00+03:00,4,,,,,https://t.me/DtOperativno/23962
Москва,2025-12-08T18:33+03:00,7,,29,,,https://t.me/DtOperativno/23971
Москва,2025-12-08T19:46+03:00,7,,28,,,https://t.me/DtOperativno/23973
Москва,2025-12-10T08:31+03:00,4,,,,,https://t.me/DtOperativno/23991
Москва,2025-12-10T12:24+03:00,4,,,,,https://t.me/DtOperativno/23998
Москва,2025-12-10T18:31+03:00,7,,25,,,https://t.me/DtOperativno/24008
Москва,2025-12-10T19:33+03:00,7,,31,,,https://t.me/DtOperativno/24011
Москва,2025-12-11T08:40+03:00,4,,,,,https://t.me/DtOperativno/24017
Москва,2025-12-11T11:30+03:00,5,,,,,https://t.me/DtOperativno/24021
Москва,2025-12-11T13:26+03:00,7,,33,,,https://t.me/DtOperativno/24030
Москва,2025-12-11T14:44+03:00,6,,31,,,https://t.me/DtOperativno/24035
Москва,2025-12-11T16:41+03:00,6,,,,,https://t.me/DtOperativno/24041
Москва,2025-12-11T17:52+03:00,8,,24,,,https://t.me/DtOperativno/24048
Москва,2025-12-11T18:50+03:00,8,,23,,,https://t.me/DtOperativno/24055
Москва,2025-12-11T19:20+03:00,9,,23,,,https://t.me/DtOperativno/24058
Москва,2025-12-11T21:12+03:00,5,,34,,,https://t.me/DtOperativno/24060
Москва,2025-12-12T08:29+03:00,3,,,,,https://t.me/DtOperativno/24066
Москва,2025-12-12T11:45+03:00,4,,,,,https://t.me/DtOperativno/24074
Москва,2025-12-12T13:01+03:00,4,,32,,,https://t.me/DtOperativno/24077
Москва,2025-12-12T14:04+03:00,5,,,,,https://t.me/DtOperativno/24079
Москва,2025-12-12T14:55+03:00,6,,28,,,https://t.me/DtOperativno/24083
Москва,2025-12-12T15:45+03:00,7,,27,,,https://t.me/DtOperativno/24087
Москва,2025-12-12T16:47+03:00,6,,26,,,https://t.me/DtOperativno/24090
Москва,2025-12-12T17:45+03:00,7,,25,,,https://t.me/DtOperativno/24094
Москва,2025-12-12T18:35+03:00,7,,28,,,https://t.me/DtOperativno/24095
Москва,2025-12-12T19:55+03:00,6,,28,,,https://t.me/DtOperativno/24102
Москва,2025-12-15T18:44+03:00,6,,24,,,https://t.me/DtOperativno/24118
Москва,2025-12-16T11:21+03:00,4,,,,,https://t.me/DtOperativno/24122
Москва,2025-12-16T14:19+03:00,5,,,,,https://t.me/DtOperativno/24128
Москва,2025-12-16T18:16+03:00,7,,26,,,https://t.me/DtOperativno/24129
Москва,2025-12-16T19:39+03:00,7,,27,,,https://t.me/DtOperativno/24133
Москва,2025-12-17T08:59+03:00,5,,,,,https://t.me/DtOperativno/24143
Москва,2025-12-17T11:49+03:00,4,,33,,,https://t.me/DtOperativno/24162
Москва,2025-12-17T13:17+03:00,4,,,,,https://t.me/DtOperativno/24165
Москва,2025-12-17T15:10+03:00,5,,,,,https://t.me/DtOperativno/24168
Москва,2025-12-17T16:46+03:00,6,,30,,,https://t.me/DtOperativno/24173
Москва,2025-12-17T17:40+03:00,7,,27,,,https://t.me/DtOperativno/24178
Москва,2025-12-17T18:15+03:00,8,,26,,,https://t.me/DtOperativno/24180
Москва,2025-12-18T14:28+03:00,4,,,,,https://t.me/DtOperativno/24190
Москва,2025-12-18T15:44+03:00,6,,32,,,https://t.me/DtOperativno/24193
Москва,2025-12-18T16:52+03:00,7,,32,,,https://t.me/DtOperativno/24194
Москва,2025-12-18T17:42+03:00,8,,29,,,https://t.me/DtOperativno/24197
Москва,2025-12-18T18:25+03:00,8,,27,,,https://t.me/DtOperativno/24204
Москва,2025-12-19T08:57+03:00,3,,,,,https://t.me/DtOperativno/24211
Москва,2025-12-19T10:44+03:00,3,,36,,,https://t.me/DtOperativno/24215
Москва,2025-12-19T11:47+03:00,3,,35,,,https://t.me/DtOperativno/24216
Москва,2025-12-19T12:43+03:00,3,,,,,https://t.me/DtOperativno/24218
Москва,2025-12-19T14:10+03:00,3,,,,,https://t.me/DtOperativno/24219
Москва,2025-12-19T15:20+03:00,4,,,,,https://t.me/DtOperativno/24220
Москва,2025-12-19T16:36+03:00,5,,29,,,https://t.me/DtOperativno/24226
Москва,2025-12-19T17:58+03:00,7,,27,,,https://t.me/DtOperativno/24237
Москва,2025-12-20T13:13+03:00,4,,,,,https://t.me/DtOperativno/24244
Москва,2025-12-22T17:52+03:00,6,,27,,,https://t.me/DtOperativno/24270
Москва,2025-12-22T18:46+03:00,6,,28,,,https://t.me/DtOperativno/24273
Москва,2025-12-23T09:12+03:00,5,,,,,https://t.me/DtOperativno/24283
Москва,2025-12-23T16:57+03:00,6,,29,,,https://t.me/DtOperativno/24284
Москва,2025-12-23T17:55+03:00,7,,28,,,https://t.me/DtOperativno/24286
Москва,2025-12-23T18:46+03:00,7,,25,,,https://t.me/DtOperativno/24289
Москва,2025-12-24T10:45+03:00,4,,,,,https://t.me/DtOperativno/24301
Москва,2025-12-24T14:12+03:00,6,,,,,https://t.me/DtOperativno/24305
Москва,2025-12-24T14:35+03:00,7,,30,,,https://t.me/DtOperativno/24307
Москва,2025-12-24T15:16+03:00,8,,29,,,https://t.me/DtOperativno/24312
Москва,2025-12-24T16:06+03:00,8,,29,,,https://t.me/DtOperativno/24315
Москва,2025-12-24T17:14+03:00,7,,26,,,https://t.me/DtOperativno/24318
Москва,2025-12-24T18:10+03:00,8,,24,,,https://t.me/DtOperativno/24322
Москва,2025-12-24T19:12+03:00,8,,24,,,https://t.me/DtOperativno/24324
Москва,2025-12-24T21:15+03:00,5,,38,,,https://t.me/DtOperativno/24327
Москва,2025-12-25T09:52+03:00,5,7,,,,https://t.me/DtOperativno/24334
Москва,2025-12-25T12:03+03:00,6,,,,,https://t.me/DtOperativno/24340
Москва,2025-12-25T12:57+03:00,6,,,,,https://t.me/DtOperativno/24341
Москва,2025-12-25T14:05+03:00,7,,,,,https://t.me/DtOperativno/24343
Москва,2025-12-25T15:17+03:00,7,,29,,,https://t.me/DtOperativno/24346
Москва,2025-12-25T16:06+03:00,7,,,,,https://t.me/DtOperativno/24349
Москва,2025-12-25T16:54+03:00,7,9,,,,https://t.me/DtOperativno/24353
Москва,2025-12-25T17:37+03:00,7,,,,,https://t.me/DtOperativno/24362
Москва,2025-12-25T18:44+03:00,7,,24,,,https://t.me/DtOperativno/24367
Москва,2025-12-26T12:59+03:00,5,,,,,https://t.me/DtOperativno/24374
Москва,2025-12-26T14:16+03:00,6,,,,,https://t.me/DtOperativno/24376
Москва,2025-12-26T17:54+03:00,7,,27,,,https://t.me/DtOperativno/24389
Москва,2025-12-29T13:07+03:00,5,8,,,,https://t.me/DtOperativno/24429
Москва,2025-12-29T15:01+03:00,6,,,,,https://t.me/DtOperativno/24431
Москва,2025-12-29T15:23+03:00,7,,29,,,https://t.me/DtOperativno/24432
Москва,2025-12-29T16:49+03:00,7,8,,,,https://t.me/DtOperativno/24435
Москва,2025-12-29T18:21+03:00,7,,24,,,https://t.me/DtOperativno/24438
Москва,2025-12-29T19:29+03:00,6,,27,,,https://t.me/DtOperativno/24439
Москва,2025-12-30T10:19+03:00,4,,,,,https://t.me/DtOperativno/24449
Москва,2025-12-30T12:29+03:00,5,6,,,,https://t.me/DtOperativno/24453
Москва,2025-12-30T14:01+03:00,6,,,,,https://t.me/DtOperativno/24455
Москва,2025-12-30T14:54+03:00,6,8,,,,https://t.me/DtOperativno/24457
Москва,2025-12-30T16:41+03:00,7,,28,,,https://t.me/DtOperativno/24459
Московская область,2025-01-09T08:54+03:00,3,,,851946,-1.0,https://t.me/cbdd50/15362
Московская область,2025-01-09T18:00+03:00,2,,,,,https://t.me/cbdd50/15371
Московская область,2025-01-10T09:02+03:00,3,,,865849,-1.0,https://t.me/cbdd50/15373
Московская область,2025-01-10T17:04+03:00,3,,,,,https://t.me/cbdd50/15381
Московская область,2025-01-13T08:59+03:00,4,,,926005,0.5,https://t.me/cbdd50/15387
Московская область,2025-01-13T18:02+03:00,3,,,,,https://t.me/cbdd50/15396
Московская область,2025-01-14T09:00+03:00,4,,,875162,-1.0,https://t.me/cbdd50/15409
Московская область,2025-01-14T18:00+03:00,6,,,,,https://t.me/cbdd50/15428
Московская область,2025-01-15T09:00+03:00,4,,,938125,0.5,https://t.me/cbdd50/15429
Московская область,2025-01-15T18:03+03:00,3,,,,,https://t.me/cbdd50/15436
Московская область,2025-01-16T09:06+03:00,4,,,914303,0.5,https://t.me/cbdd50/15437
Московская область,2025-01-16T18:03+03:00,5,,,,,https://t.me/cbdd50/15446
Московская область,2025-01-17T09:00+03:00,4,,,993511,1.25,https://t.me/cbdd50/15449
Московская область,2025-01-20T08:59+03:00,4,,,972520,1.5,https://t.me/cbdd50/15467
Московская область,2025-01-20T18:02+03:00,3,,,,,https://t.me/cbdd50/15475
Московская область,2025-01-21T09:01+03:00,4,,,945957,1.25,https://t.me/cbdd50/15476
Московская область,2025-01-21T18:03+03:00,5,,,,,https://t.me/cbdd50/15494
Московская область,2025-01-22T09:03+03:00,4,,,937583,1.0,https://t.me/cbdd50/15495
Московская область,2025-01-22T18:04+03:00,5,,,,,https://t.me/cbdd50/15514
Московская область,2025-01-23T09:03+03:00,4,,,936825,1.25,https://t.me/cbdd50/15518
Московская область,2025-01-23T18:01+03:00,4,,,,,https://t.me/cbdd50/15531
Московская область,2025-01-24T09:00+03:00,3,,,946325,1.25,https://t.me/cbdd50/15534
Московская область,2025-01-24T17:01+03:00,4,,,,,https://t.me/cbdd50/15542
Московская область,2025-01-27T09:00+03:00,4,,,984324,1.5,https://t.me/cbdd50/15549
Московская область,2025-01-27T18:04+03:00,3,,,,,https://t.me/cbdd50/15556
Московская область,2025-01-28T09:00+03:00,4,,,919315,1.0,https://t.me/cbdd50/15557
Московская область,2025-01-28T18:03+03:00,3,,,,,https://t.me/cbdd50/15573
Московская область,2025-01-29T09:04+03:00,4,,,913675,1.0,https://t.me/cbdd50/15575
Московская область,2025-01-31T17:04+03:00,4,,,,,https://t.me/cbdd50/15620
Московская область,2025-02-03T09:00+03:00,3,,,867567,-1.0,https://t.me/cbdd50/15666
Московская область,2025-02-03T18:02+03:00,4,,,,,https://t.me/cbdd50/15675
Московская область,2025-02-04T09:05+03:00,4,,,878258,-1.0,https://t.me/cbdd50/15678
Московская область,2025-02-04T18:03+03:00,3,,,,,https://t.me/cbdd50/15691
Московская область,2025-02-05T09:00+03:00,4,,,836798,-1.5,https://t.me/cbdd50/15694
Московская область,2025-02-06T09:01+03:00,4,,,858414,-1.5,https://t.me/cbdd50/15704
Московская область,2025-02-06T18:04+03:00,4,,,,,https://t.me/cbdd50/15714
Московская область,2025-02-07T09:02+03:00,4,,,889989,-1.0,https://t.me/cbdd50/15716
Московская область,2025-02-07T17:04+03:00,5,,,,,https://t.me/cbdd50/15724
Московская область,2025-02-10T08:59+03:00,4,,,919657,-0.5,https://t.me/cbdd50/15741
Московская область,2025-02-10T18:05+03:00,4,,,,,https://t.me/cbdd50/15751
Московская область,2025-02-11T09:02+03:00,5,,,918497,-0.5,https://t.me/cbdd50/15753
Московская область,2025-02-11T18:03+03:00,5,,,,,https://t.me/cbdd50/15762
Московская область,2025-02-12T09:04+03:00,4,,,922678,-0.5,https://t.me/cbdd50/15764
Московская область,2025-02-12T18:03+03:00,5,,,,,https://t.me/cbdd50/15773
Московская область,2025-02-13T09:00+03:00,4,,,944347,0.5,https://t.me/cbdd50/15774
Московская область,2025-02-13T18:04+03:00,6,,,,,https://t.me/cbdd50/15797
Московская область,2025-02-14T09:00+03:00,4,,,932240,-0.5,https://t.me/cbdd50/15798
Московская область,2025-02-14T17:05+03:00,7,,,,,https://t.me/cbdd50/15811
Московская область,2025-02-17T09:00+03:00,4,,,839393,-1.5,https://t.me/cbdd50/15843
Московская область,2025-02-17T18:02+03:00,5,,,,,https://t.me/cbdd50/15863
Московская область,2025-02-18T09:06+03:00,4,,,824039,-1.5,https://t.me/cbdd50/15865
Московская область,2025-02-18T18:04+03:00,4,,,,,https://t.me/cbdd50/15878
Московская область,2025-02-19T09:04+03:00,4,,,765263,-2.0,https://t.me/cbdd50/15880
Московская область,2025-02-19T18:03+03:00,6,,,,,https://t.me/cbdd50/15892
Московская область,2025-02-20T09:00+03:00,5,,,754217,-2.0,https://t.me/cbdd50/15893
Московская область,2025-02-20T18:04+03:00,6,,,,,https://t.me/cbdd50/15901
Московская область,2025-02-21T09:00+03:00,4,,,789135,-1.5,https://t.me/cbdd50/15902
Московская область,2025-02-21T17:01+03:00,6,,,,,https://t.me/cbdd50/15911
Московская область,2025-02-24T09:03+03:00,4,,,880860,-0.5,https://t.me/cbdd50/15915
Московская область,2025-02-24T18:03+03:00,5,,,,,https://t.me/cbdd50/15924
Московская область,2025-02-25T09:01+03:00,4,,,916711,0.5,https://t.me/cbdd50/15930
Московская область,2025-02-25T10:34+03:00,4,,,,,https://t.me/cbdd50/15934
Московская область,2025-02-25T18:05+03:00,5,,,,,https://t.me/cbdd50/15947
Московская область,2025-02-26T09:00+03:00,4,,,945994,1.0,https://t.me/cbdd50/15949
Московская область,2025-02-26T18:01+03:00,5,,,,,https://t.me/cbdd50/15961
Московская область,2025-02-27T09:02+03:00,5,,,965212,1.0,https://t.me/cbdd50/15980
Московская область,2025-02-27T18:05+03:00,6,,,,,https://t.me/cbdd50/16000
Московская область,2025-02-28T09:00+03:00,4,,,961178,1.0,https://t.me/cbdd50/16001
Московская область,2025-02-28T17:01+03:00,5,,,,,https://t.me/cbdd50/16017
Московская область,2025-03-03T08:59+03:00,4,,,957969,0.5,https://t.me/cbdd50/16030
Московская область,2025-03-03T18:01+03:00,5,,,,,https://t.me/cbdd50/16047
Московская область,2025-03-04T09:01+03:00,5,,,967682,0.5,https://t.me/cbdd50/16049
Московская область,2025-03-04T18:05+03:00,5,,,,,https://t.me/cbdd50/16057
Московская область,2025-03-05T09:00+03:00,4,,,971828,1.0,https://t.me/cbdd50/16060
Московская область,2025-03-05T18:03+03:00,5,,,,,https://t.me/cbdd50/16067
Московская область,2025-03-06T09:00+03:00,5,,,1012896,1.5,https://t.me/cbdd50/16069
Московская область,2025-03-06T18:00+03:00,8,,,,,https://t.me/cbdd50/16088
Московская область,2025-03-07T09:00+03:00,4,,,965118,1.0,https://t.me/cbdd50/16097
Московская область,2025-03-10T08:59+03:00,4,,,995809,1.5,https://t.me/cbdd50/16124
Московская область,2025-03-10T17:59+03:00,4,,,,,https://t.me/cbdd50/16130
Московская область,2025-03-11T09:00+03:00,5,,,989347,1.5,https://t.me/cbdd50/16139
Московская область,2025-03-11T18:05+03:00,4,,,,,https://t.me/cbdd50/16154
Московская область,2025-03-12T09:03+03:00,4,,,1003824,1.5,https://t.me/cbdd50/16155
Московская область,2025-03-12T18:07+03:00,5,,,,,https://t.me/cbdd50/16164
Московская область,2025-03-13T09:00+03:00,4,,,1026108,2.0,https://t.me/cbdd50/16166
Московская область,2025-03-13T09:20+03:00,9,,,,,https://t.me/cbdd50/16167
Московская область,2025-03-13T12:34+03:00,,9,,,,https://t.me/cbdd50/16172
Московская область,2025-03-13T18:06+03:00,5,,,,,https://t.me/cbdd50/16173
Московская область,2025-03-14T09:01+03:00,4,,,1019731,2.0,https://t.me/cbdd50/16184
Московская область,2025-03-14T17:59+03:00,5,,,,,https://t.me/cbdd50/16201
Московская область,2025-03-17T08:59+03:00,6,,,976828,1.5,https://t.me/cbdd50/16239
Московская область,2025-03-17T17:59+03:00,3,,,,,https://t.me/cbdd50/16245
Московская область,2025-03-18T08:59+03:00,6,,,1001583,2.0,https://t.me/cbdd50/16246
Московская область,2025-03-18T17:59+03:00,6,,,,,https://t.me/cbdd50/16251
Московская область,2025-03-19T08:59+03:00,4,,,1035410,2.0,https://t.me/cbdd50/16255
Московская область,2025-03-19T17:59+03:00,5,,,,,https://t.me/cbdd50/16267
Московская область,2025-03-20T08:59+03:00,5,,,1024677,2.0,https://t.me/cbdd50/16271
Московская область,2025-03-20T17:59+03:00,5,,,,,https://t.me/cbdd50/16278
Московская область,2025-03-21T08:59+03:00,4,,,1030993,2.0,https://t.me/cbdd50/16280
Московская область,2025-03-21T17:59+03:00,5,,,,,https://t.me/cbdd50/16295
Московская область,2025-03-24T08:59+03:00,4,,,1040297,2.0,https://t.me/cbdd50/16308
Московская область,2025-03-24T18:03+03:00,5,,,,,https://t.me/cbdd50/16319
Московская область,2025-03-25T08:59+03:00,5,,,1058596,2.0,https://t.me/cbdd50/16320
Московская область,2025-03-25T18:04+03:00,6,,,,,https://t.me/cbdd50/16338
Московская область,2025-03-26T08:59+03:00,4,,,1035311,2.0,https://t.me/cbdd50/16339
Московская область,2025-03-26T18:05+03:00,6,,,,,https://t.me/cbdd50/16351
Московская область,2025-03-27T08:59+03:00,4,,,1068462,1.5,https://t.me/cbdd50/16352
Московская область,2025-03-27T18:03+03:00,6,,,,,https://t.me/cbdd50/16363
Московская область,2025-03-28T08:59+03:00,4,,,1041833,1.5,https://t.me/cbdd50/16364
Московская область,2025-03-28T17:33+03:00,5,,,,,https://t.me/cbdd50/16382
Московская область,2025-03-31T08:59+03:00,4,,,1070845,2.0,https://t.me/cbdd50/16396
Московская область,2025-03-31T18:00+03:00,4,,,,,https://t.me/cbdd50/16406
Московская область,2025-04-01T08:59+03:00,5,,,1046033,2.0,https://t.me/cbdd50/16407
Московская область,2025-04-01T18:05+03:00,5,,,,,https://t.me/cbdd50/16418
Московская область,2025-04-02T08:59+03:00,4,,,1037802,2.0,https://t.me/cbdd50/16419
Московская область,2025-04-02T18:03+03:00,6,,,,,https://t.me/cbdd50/16429
Московская область,2025-04-03T08:59+03:00,5,,,1068128,2.0,https://t.me/cbdd50/16435
Московская область,2025-04-04T08:59+03:00,4,,,1062268,2.0,https://t.me/cbdd50/16443
Московская область,2025-04-04T17:31+03:00,6,,,,,https://t.me/cbdd50/16447
Московская область,2025-04-07T09:29+03:00,4,,,947501,-3.0,https://t.me/cbdd50/16453
Московская область,2025-04-07T18:03+03:00,4,,,,,https://t.me/cbdd50/16465
Московская область,2025-04-08T09:05+03:00,4,,,842161,-4.2,https://t.me/cbdd50/16467
Московская область,2025-04-08T18:03+03:00,5,,,,,https://t.me/cbdd50/16482
Московская область,2025-04-09T09:06+03:00,4,,,833736,-4.2,https://t.me/cbdd50/16484
Московская область,2025-04-09T18:01+03:00,3,,,,,https://t.me/cbdd50/16491
Московская область,2025-04-10T09:01+03:00,4,,,894384,-3.7,https://t.me/cbdd50/16494
Московская область,2025-04-10T18:03+03:00,5,,,,,https://t.me/cbdd50/16508
Московская область,2025-04-11T09:00+03:00,4,,,883440,-3.3,https://t.me/cbdd50/16510
Московская область,2025-04-11T17:00+03:00,6,,,,,https://t.me/cbdd50/16527
Московская область,2025-04-14T09:00+03:00,6,,,1017739,-0.7,https://t.me/cbdd50/16530
Московская область,2025-04-14T18:02+03:00,4,,,,,https://t.me/cbdd50/16538
Московская область,2025-04-15T09:06+03:00,5,,,1017739,-0.5,https://t.me/cbdd50/16539
Московская область,2025-04-15T18:02+03:00,6,,,,,https://t.me/cbdd50/16554
Московская область,2025-04-16T09:02+03:00,5,,,1080018,-0.5,https://t.me/cbdd50/16555
Московская область,2025-04-16T18:05+03:00,8,,,,,https://t.me/cbdd50/16564
Московская область,2025-04-17T09:01+03:00,5,,,1060443,-0.5,https://t.me/cbdd50/16565
Московская область,2025-04-17T18:03+03:00,6,,,,,https://t.me/cbdd50/16575
Московская область,2025-04-18T09:13+03:00,5,,,1015924,-0.7,https://t.me/cbdd50/16585
Московская область,2025-04-18T17:01+03:00,6,,,,,https://t.me/cbdd50/16594
Московская область,2025-04-21T08:59+03:00,4,,,1067655,-0.5,https://t.me/cbdd50/16614
Московская область,2025-04-21T18:04+03:00,6,,,,,https://t.me/cbdd50/16624
Московская область,2025-04-22T08:59+03:00,5,,,1097517,0.5,https://t.me/cbdd50/16625
Московская область,2025-04-22T18:01+03:00,5,,,,,https://t.me/cbdd50/16639
Московская область,2025-04-23T08:59+03:00,5,,,1105493,1.0,https://t.me/cbdd50/16640
Московская область,2025-04-23T18:00+03:00,6,,,,,https://t.me/cbdd50/16646
Московская область,2025-04-24T09:15+03:00,6,,,1152377,1.0,https://t.me/cbdd50/16648
Московская область,2025-04-24T18:02+03:00,6,,,,,https://t.me/cbdd50/16671
Московская область,2025-04-25T09:05+03:00,5,,,1098241,-0.7,https://t.me/cbdd50/16672
Московская область,2025-04-25T17:01+03:00,6,,,,,https://t.me/cbdd50/16685
Московская область,2025-04-28T09:01+03:00,6,,,1043280,-0.8,https://t.me/cbdd50/16702
Московская область,2025-04-28T18:04+03:00,6,,,,,https://t.me/cbdd50/16719
Московская область,2025-04-29T09:12+03:00,6,,,1022943,-1.0,https://t.me/cbdd50/16729
Московская область,2025-04-29T18:04+03:00,6,,,,,https://t.me/cbdd50/16744
Московская область,2025-04-30T09:14+03:00,5,,,1162780,-0.6,https://t.me/cbdd50/16750
Московская область,2025-04-30T17:03+03:00,7,,,,,https://t.me/cbdd50/16759
Московская область,2025-05-05T09:04+03:00,5,,,1071280,-0.8,https://t.me/cbdd50/16777
Московская область,2025-05-05T18:02+03:00,4,,,,,https://t.me/cbdd50/16784
Московская область,2025-05-06T08:58+03:00,5,,,1062832,-1.0,https://t.me/cbdd50/16785
Московская область,2025-05-06T18:01+03:00,4,,,,,https://t.me/cbdd50/16810
Московская область,2025-05-07T09:13+03:00,5,,,1037189,-1.0,https://t.me/cbdd50/16811
Московская область,2025-05-12T08:58+03:00,5,,,1017924,-1.2,https://t.me/cbdd50/16843
Московская область,2025-05-12T18:04+03:00,4,,,,,https://t.me/cbdd50/16854
Московская область,2025-05-13T08:59+03:00,5,,,1089767,1.0,https://t.me/cbdd50/16857
Московская область,2025-05-13T18:01+03:00,6,,,,,https://t.me/cbdd50/16872
Московская область,2025-05-14T08:59+03:00,5,,,1037496,-1.2,https://t.me/cbdd50/16877
Московская область,2025-05-14T17:59+03:00,6,,,,,https://t.me/cbdd50/16888
Московская область,2025-05-15T08:59+03:00,5,,,1063486,-0.5,https://t.me/cbdd50/16892
Московская область,2025-05-15T18:04+03:00,6,,,,,https://t.me/cbdd50/16907
Московская область,2025-05-16T08:59+03:00,5,,,1022392,-1.5,https://t.me/cbdd50/16908
Московская область,2025-05-16T17:01+03:00,5,,,,,https://t.me/cbdd50/16918
Московская область,2025-05-19T08:59+03:00,5,,,1056734,-0.5,https://t.me/cbdd50/16920
Московская область,2025-05-19T18:01+03:00,5,,,,,https://t.me/cbdd50/16929
Московская область,2025-05-20T08:59+03:00,6,,,1067142,0.5,https://t.me/cbdd50/16930
Московская область,2025-05-20T17:59+03:00,7,,,,,https://t.me/cbdd50/16950
Московская область,2025-05-21T09:04+03:00,5,,,1065171,-0.5,https://t.me/cbdd50/16951
Московская область,2025-05-21T18:02+03:00,5,,,,,https://t.me/cbdd50/16964
Московская область,2025-05-22T08:59+03:00,5,,,1053902,-0.5,https://t.me/cbdd50/16967
Московская область,2025-05-23T08:59+03:00,5,,,1093142,1.5,https://t.me/cbdd50/16973
Московская область,2025-05-26T08:58+03:00,5,,,1190308,2.0,https://t.me/cbdd50/17018
Московская область,2025-05-26T17:58+03:00,6,,,,,https://t.me/cbdd50/17029
Московская область,2025-05-27T08:59+03:00,5,,,1037127,-1.5,https://t.me/cbdd50/17032
Московская область,2025-05-27T17:59+03:00,6,,,,,https://t.me/cbdd50/17041
Московская область,2025-05-28T08:59+03:00,5,,,1093345,1.5,https://t.me/cbdd50/17044
Московская область,2025-05-28T17:59+03:00,6,,,,,https://t.me/cbdd50/17056
Московская область,2025-05-29T08:59+03:00,5,,,1039674,-1.7,https://t.me/cbdd50/17061
Московская область,2025-05-29T17:59+03:00,6,,,,,https://t.me/cbdd50/17067
Московская область,2025-05-30T08:59+03:00,4,,,983106,-2.5,https://t.me/cbdd50/17069
Московская область,2025-05-30T17:04+03:00,5,,,,,https://t.me/cbdd50/17078
Московская область,2025-06-02T08:59+03:00,4,,,1132983,2.0,https://t.me/cbdd50/17098
Московская область,2025-06-02T18:05+03:00,4,,,,,https://t.me/cbdd50/17114
Московская область,2025-06-03T08:59+03:00,5,,,854750,-5.0,https://t.me/cbdd50/17115
Московская область,2025-06-03T18:02+03:00,4,,,,,https://t.me/cbdd50/17143
Московская область,2025-06-04T08:59+03:00,5,,,1104076,2.0,https://t.me/cbdd50/17144
Московская область,2025-06-04T18:01+03:00,4,,,,,https://t.me/cbdd50/17158
Московская область,2025-06-05T08:59+03:00,4,,,1094187,1.5,https://t.me/cbdd50/17159
Московская область,2025-06-05T17:59+03:00,5,,,,,https://t.me/cbdd50/17173
Московская область,2025-06-06T08:59+03:00,3,,,974293,-1.5,https://t.me/cbdd50/17176
Московская область,2025-06-06T17:00+03:00,5,,,,,https://t.me/cbdd50/17188
Московская область,2025-06-09T08:58+03:00,5,,,1073661,0.5,https://t.me/cbdd50/17200
Московская область,2025-06-09T18:04+03:00,4,,,,,https://t.me/cbdd50/17217
Московская область,2025-06-10T08:59+03:00,4,,,1025372,-0.5,https://t.me/cbdd50/17225
Московская область,2025-06-10T18:05+03:00,5,,,,,https://t.me/cbdd50/17245
Московская область,2025-06-11T08:59+03:00,4,,,988031,-1.5,https://t.me/cbdd50/17247
Московская область,2025-06-11T17:03+03:00,6,,,,,https://t.me/cbdd50/17262
Московская область,2025-06-16T08:59+03:00,5,,,1058352,0.5,https://t.me/cbdd50/17267
Московская область,2025-06-16T18:00+03:00,5,,,,,https://t.me/cbdd50/17281
Московская область,2025-06-17T08:59+03:00,5,,,1023441,-1.0,https://t.me/cbdd50/17284
Московская область,2025-06-17T18:05+03:00,6,,,,,https://t.me/cbdd50/17295
Московская область,2025-06-18T09:01+03:00,5,,,1064831,0.5,https://t.me/cbdd50/17296
Московская область,2025-06-18T18:01+03:00,5,,,,,https://t.me/cbdd50/17307
Московская область,2025-06-19T09:53+03:00,4,,,1052311,0.2,https://t.me/cbdd50/17317
Московская область,2025-06-19T18:04+03:00,6,,,,,https://t.me/cbdd50/17337
Московская область,2025-06-20T08:59+03:00,4,,,894793,-2.0,https://t.me/cbdd50/17338
Московская область,2025-06-20T17:00+03:00,4,,,,,https://t.me/cbdd50/17343
Московская область,2025-06-23T08:59+03:00,4,,,1095298,1.25,https://t.me/cbdd50/17349
Московская область,2025-06-23T18:01+03:00,4,,,,,https://t.me/cbdd50/17357
Московская область,2025-06-24T08:59+03:00,4,,,1069834,0.5,https://t.me/cbdd50/17358
Московская область,2025-06-24T18:01+03:00,5,,,,,https://t.me/cbdd50/17376
Московская область,2025-06-25T08:59+03:00,4,,,1058104,0.25,https://t.me/cbdd50/17378
Московская область,2025-06-25T18:00+03:00,5,,,,,https://t.me/cbdd50/17386
Московская область,2025-06-26T08:59+03:00,4,,,1042157,-0.5,https://t.me/cbdd50/17387
Московская область,2025-06-26T18:00+03:00,6,,,,,https://t.me/cbdd50/17393
Московская область,2025-06-27T08:59+03:00,4,,,1004537,-1.5,https://t.me/cbdd50/17394
Московская область,2025-06-27T17:00+03:00,5,,,,,https://t.me/cbdd50/17412
Московская область,2025-06-30T08:59+03:00,5,,,1068404,0.5,https://t.me/cbdd50/17429
Московская область,2025-06-30T18:04+03:00,5,,,,,https://t.me/cbdd50/17445
Московская область,2025-07-01T08:59+03:00,5,,,1052425,0.2,https://t.me/cbdd50/17456
Московская область,2025-07-01T18:04+03:00,5,,,,,https://t.me/cbdd50/17477
Московская область,2025-07-02T08:59+03:00,4,,,1033834,-1.0,https://t.me/cbdd50/17478
Московская область,2025-07-02T18:03+03:00,4,,,,,https://t.me/cbdd50/17484
Московская область,2025-07-03T08:59+03:00,4,,,1051891,0.2,https://t.me/cbdd50/17485
Московская область,2025-07-03T18:00+03:00,6,,,,,https://t.me/cbdd50/17497
Московская область,2025-07-04T08:59+03:00,3,,,1080115,1.5,https://t.me/cbdd50/17499
Московская область,2025-07-04T16:59+03:00,5,,,,,https://t.me/cbdd50/17505
Московская область,2025-07-07T08:59+03:00,4,,,1088320,1.5,https://t.me/cbdd50/17524
Московская область,2025-07-07T18:04+03:00,4,,,,,https://t.me/cbdd50/17543
Московская область,2025-07-08T08:59+03:00,4,,,1056867,0.5,https://t.me/cbdd50/17544
Московская область,2025-07-08T18:03+03:00,5,,,,,https://t.me/cbdd50/17562
Московская область,2025-07-09T09:02+03:00,4,,,1041312,0.4,https://t.me/cbdd50/17566
Московская область,2025-07-09T18:05+03:00,4,,,,,https://t.me/cbdd50/17572
Московская область,2025-07-10T08:59+03:00,3,,,1065780,1.0,https://t.me/cbdd50/17574
Московская область,2025-07-10T18:04+03:00,4,,,,,https://t.me/cbdd50/17588
Московская область,2025-07-11T09:03+03:00,3,,,1096974,1.5,https://t.me/cbdd50/17589
Московская область,2025-07-11T17:00+03:00,4,,,,,https://t.me/cbdd50/17602
Московская область,2025-07-14T08:59+03:00,4,,,1135133,2.0,https://t.me/cbdd50/17616
Московская область,2025-07-14T18:02+03:00,4,,,,,https://t.me/cbdd50/17627
Московская область,2025-07-15T09:04+03:00,4,,,1042222,-0.6,https://t.me/cbdd50/17642
Московская область,2025-07-15T18:01+03:00,4,,,,,https://t.me/cbdd50/17649
Московская область,2025-07-16T08:59+03:00,4,,,1044075,-0.5,https://t.me/cbdd50/17655
Московская область,2025-07-16T18:02+03:00,5,,,,,https://t.me/cbdd50/17675
Московская область,2025-07-17T09:00+03:00,4,,,1052712,-0.5,https://t.me/cbdd50/17686
Московская область,2025-07-17T18:01+03:00,5,,,,,https://t.me/cbdd50/17691
Московская область,2025-07-18T08:59+03:00,3,,,997542,-2.0,https://t.me/cbdd50/17699
Московская область,2025-07-18T17:04+03:00,5,,,,,https://t.me/cbdd50/17705
Московская область,2025-07-21T08:59+03:00,5,,,950087,-2.5,https://t.me/cbdd50/17716
Московская область,2025-07-21T18:02+03:00,5,,,,,https://t.me/cbdd50/17729
Московская область,2025-07-22T08:59+03:00,4,,,1021494,-1.5,https://t.me/cbdd50/17730
Московская область,2025-07-22T18:05+03:00,5,,,,,https://t.me/cbdd50/17751
Московская область,2025-07-23T08:59+03:00,3,,,1038165,-1.0,https://t.me/cbdd50/17754
Московская область,2025-07-23T17:59+03:00,5,,,,,https://t.me/cbdd50/17760
Московская область,2025-07-24T09:22+03:00,4,,,1411725,3.5,https://t.me/cbdd50/17761
Московская область,2025-07-24T18:03+03:00,6,,,,,https://t.me/cbdd50/17772
Московская область,2025-07-25T08:59+03:00,4,,,1040285,1.0,https://t.me/cbdd50/17775
Московская область,2025-07-25T17:00+03:00,5,,,,,https://t.me/cbdd50/17786
Московская область,2025-07-28T08:59+03:00,4,,,1080150,1.5,https://t.me/cbdd50/17795
Московская область,2025-07-28T18:02+03:00,4,,,,,https://t.me/cbdd50/17805
Московская область,2025-07-29T09:00+03:00,4,,,1041036,1.5,https://t.me/cbdd50/17806
Московская область,2025-07-29T18:04+03:00,5,,,,,https://t.me/cbdd50/17819
Московская область,2025-07-30T08:59+03:00,4,,,1063168,1.0,https://t.me/cbdd50/17820
Московская область,2025-07-30T18:01+03:00,5,,,,,https://t.me/cbdd50/17832
Московская область,2025-07-31T08:59+03:00,4,,,1047387,-0.5,https://t.me/cbdd50/17833
Московская область,2025-07-31T18:01+03:00,5,,,,,https://t.me/cbdd50/17842
Московская область,2025-08-01T08:59+03:00,4,,,1053091,0.2,https://t.me/cbdd50/17843
Московская область,2025-08-01T17:02+03:00,5,,,,,https://t.me/cbdd50/17848
Московская область,2025-08-04T08:59+03:00,4,,,1094742,1.5,https://t.me/cbdd50/17854
Московская область,2025-08-04T18:01+03:00,5,,,,,https://t.me/cbdd50/17865
Московская область,2025-08-05T08:59+03:00,4,,,1083712,1.3,https://t.me/cbdd50/17871
Московская область,2025-08-05T18:03+03:00,5,,,,,https://t.me/cbdd50/17904
Московская область,2025-08-06T08:59+03:00,4,,,1026171,-1.0,https://t.me/cbdd50/17909
Московская область,2025-08-06T18:02+03:00,5,,,,,https://t.me/cbdd50/17914
Московская область,2025-08-07T09:06+03:00,4,,,1056570,-0.8,https://t.me/cbdd50/17915
Московская область,2025-08-07T18:02+03:00,6,,,,,https://t.me/cbdd50/17919
Московская область,2025-08-08T09:00+03:00,3,,,1036199,-0.5,https://t.me/cbdd50/17921
Московская область,2025-08-08T17:59+03:00,4,,,,,https://t.me/cbdd50/17931
Московская область,2025-08-11T08:59+03:00,4,,,1063752,1.0,https://t.me/cbdd50/17939
Московская область,2025-08-11T18:04+03:00,4,,,,,https://t.me/cbdd50/17955
Московская область,2025-08-12T08:59+03:00,4,,,1085703,1.5,https://t.me/cbdd50/17958
Московская область,2025-08-12T18:01+03:00,6,,,,,https://t.me/cbdd50/17967
Московская область,2025-08-13T09:00+03:00,4,,,1051494,0.2,https://t.me/cbdd50/17968
Московская область,2025-08-13T18:01+03:00,4,,,,,https://t.me/cbdd50/17988
Московская область,2025-08-14T08:59+03:00,4,,,1057140,0.5,https://t.me/cbdd50/17989
Московская область,2025-08-15T17:02+03:00,4,,,,,https://t.me/cbdd50/18025
Московская область,2025-08-18T08:59+03:00,4,,,1060762,0.7,https://t.me/cbdd50/18035
Московская область,2025-08-18T18:01+03:00,4,,,,,https://t.me/cbdd50/18052
Московская область,2025-08-19T08:59+03:00,4,,,1048093,-0.2,https://t.me/cbdd50/18062
Московская область,2025-08-19T18:01+03:00,4,,,,,https://t.me/cbdd50/18073
Московская область,2025-08-20T08:59+03:00,4,,,1065684,1.0,https://t.me/cbdd50/18075
Московская область,2025-08-20T18:04+03:00,4,,,,,https://t.me/cbdd50/18086
Московская область,2025-08-21T08:59+03:00,4,,,1058174,0.9,https://t.me/cbdd50/18087
Московская область,2025-08-21T18:02+03:00,4,,,,,https://t.me/cbdd50/18099
Московская область,2025-08-22T08:59+03:00,4,,,1044674,-0.5,https://t.me/cbdd50/18100
Московская область,2025-08-22T17:04+03:00,4,,,,,https://t.me/cbdd50/18106
Московская область,2025-08-25T08:59+03:00,4,,,1066059,1.0,https://t.me/cbdd50/18118
Московская область,2025-08-25T18:01+03:00,4,,,,,https://t.me/cbdd50/18130
Московская область,2025-08-26T08:59+03:00,4,,,1029646,-2.0,https://t.me/cbdd50/18132
Московская область,2025-08-26T18:05+03:00,4,,,,,https://t.me/cbdd50/18140
Московская область,2025-08-27T09:02+03:00,4,,,1022735,-1.9,https://t.me/cbdd50/18147
Московская область,2025-08-27T18:03+03:00,5,,,,,https://t.me/cbdd50/18158
Московская область,2025-08-28T08:59+03:00,4,,,1080748,2.5,https://t.me/cbdd50/18159
Московская область,2025-08-28T18:01+03:00,5,,,,,https://t.me/cbdd50/18174
Московская область,2025-08-29T08:59+03:00,4,,,1059682,0.5,https://t.me/cbdd50/18175
Московская область,2025-08-29T17:03+03:00,5,,,,,https://t.me/cbdd50/18190
Московская область,2025-09-01T08:59+03:00,4,,,1114470,6.0,https://t.me/cbdd50/18204
Московская область,2025-09-01T18:03+03:00,5,,,,,https://t.me/cbdd50/18228
Московская область,2025-09-02T08:59+03:00,5,,,1115575,6.0,https://t.me/cbdd50/18229
Московская область,2025-09-02T18:00+03:00,5,,,,,https://t.me/cbdd50/18246
Московская область,2025-09-03T08:59+03:00,5,,,1103657,5.5,https://t.me/cbdd50/18247
Московская область,2025-09-03T18:01+03:00,5,,,,,https://t.me/cbdd50/18253
Московская область,2025-09-04T08:59+03:00,5,,,1113496,6.0,https://t.me/cbdd50/18254
Московская область,2025-09-04T18:01+03:00,6,,,,,https://t.me/cbdd50/18275
Московская область,2025-09-05T08:59+03:00,4,,,1094584,4.5,https://t.me/cbdd50/18277
Московская область,2025-09-05T17:00+03:00,5,,,,,https://t.me/cbdd50/18284
Московская область,2025-09-08T08:59+03:00,5,,,1147909,6.5,https://t.me/cbdd50/18292
Московская область,2025-09-08T18:03+03:00,5,,,,,https://t.me/cbdd50/18299
Московская область,2025-09-09T08:59+03:00,5,,,1092783,4.5,https://t.me/cbdd50/18300
Московская область,2025-09-09T18:02+03:00,4,,,,,https://t.me/cbdd50/18318
Московская область,2025-09-10T08:59+03:00,5,,,1105863,5.5,https://t.me/cbdd50/18319
Московская область,2025-09-10T18:04+03:00,5,,,,,https://t.me/cbdd50/18324
Московская область,2025-09-11T08:59+03:00,5,,,1125420,6.0,https://t.me/cbdd50/18325
Московская область,2025-09-11T18:05+03:00,5,,,,,https://t.me/cbdd50/18337
Московская область,2025-09-12T08:59+03:00,4,,,1101967,5.0,https://t.me/cbdd50/18338
Московская область,2025-09-15T08:59+03:00,5,,,1147532,6.5,https://t.me/cbdd50/18351
Московская область,2025-09-15T17:59+03:00,5,,,,,https://t.me/cbdd50/18356
Московская область,2025-09-16T08:59+03:00,4,,,1102981,5.0,https://t.me/cbdd50/18357
Московская область,2025-09-16T17:59+03:00,5,,,,,https://t.me/cbdd50/18362
Московская область,2025-09-17T08:59+03:00,5,,,1093678,4.0,https://t.me/cbdd50/18363
Московская область,2025-09-17T17:59+03:00,5,,,,,https://t.me/cbdd50/18366
Московская область,2025-09-18T08:59+03:00,5,,,1010831,-4.0,https://t.me/cbdd50/18367
Московская область,2025-09-18T17:59+03:00,5,,,,,https://t.me/cbdd50/18368
Московская область,2025-09-19T08:59+03:00,4,,,1118678,7.0,https://t.me/cbdd50/18369
Московская область,2025-09-19T17:59+03:00,7,,,,,https://t.me/cbdd50/18372
Московская область,2025-09-22T08:58+03:00,5,,,1134926,8.0,https://t.me/cbdd50/18374
Московская область,2025-09-22T17:58+03:00,5,,,,,https://t.me/cbdd50/18389
Московская область,2025-09-23T08:59+03:00,5,,,1114407,6.0,https://t.me/cbdd50/18390
Московская область,2025-09-23T17:59+03:00,6,,,,,https://t.me/cbdd50/18398
Московская область,2025-09-24T08:59+03:00,5,,,1116141,6.0,https://t.me/cbdd50/18399
Московская область,2025-09-24T17:59+03:00,6,,,,,https://t.me/cbdd50/18416
Московская область,2025-09-26T08:59+03:00,4,,,1085031,3.0,https://t.me/cbdd50/18419
Московская область,2025-09-26T19:21+03:00,6,,,,,https://t.me/cbdd50/18425
Московская область,2025-09-29T08:58+03:00,5,,,1095461,4.5,https://t.me/cbdd50/18426
Московская область,2025-09-29T18:02+03:00,5,,,,,https://t.me/cbdd50/18442
Московская область,2025-09-30T08:59+03:00,5,,,1107847,5.7,https://t.me/cbdd50/18444
Московская область,2025-09-30T18:05+03:00,6,,,,,https://t.me/cbdd50/18459
Московская область,2025-10-01T08:59+03:00,5,,,1128795,8.0,https://t.me/cbdd50/18460
Московская область,2025-10-01T18:02+03:00,6,,,,,https://t.me/cbdd50/18468
Московская область,2025-10-02T08:59+03:00,5,,,1105801,5.5,https://t.me/cbdd50/18470
Московская область,2025-10-02T18:05+03:00,4,,,,,https://t.me/cbdd50/18474
Московская область,2025-10-03T08:59+03:00,4,,,1119101,6.9,https://t.me/cbdd50/18479
Московская область,2025-10-03T17:04+03:00,4,,,,,https://t.me/cbdd50/18491
Московская область,2025-10-06T08:56+03:00,5,,,1057841,1.4,https://t.me/cbdd50/18509
Московская область,2025-10-06T18:03+03:00,4,,,,,https://t.me/cbdd50/18528
Московская область,2025-10-07T09:03+03:00,5,,,1081892,1.5,https://t.me/cbdd50/18531
Московская область,2025-10-07T18:00+03:00,5,,,,,https://t.me/cbdd50/18552
Московская область,2025-10-08T09:02+03:00,5,,,1048628,1.3,https://t.me/cbdd50/18562
Московская область,2025-10-08T18:01+03:00,5,,,,,https://t.me/cbdd50/18570
Московская область,2025-10-09T09:03+03:00,5,,,1052136,1.4,https://t.me/cbdd50/18572
Московская область,2025-10-10T09:03+03:00,5,,,1082339,1.3,https://t.me/cbdd50/18597
Московская область,2025-10-10T17:05+03:00,6,,,,,https://t.me/cbdd50/18603
Московская область,2025-10-13T09:02+03:00,6,,,1121045,2.1,https://t.me/cbdd50/18606
Московская область,2025-10-13T18:01+03:00,5,,,,,https://t.me/cbdd50/18615
Московская область,2025-10-14T18:01+03:00,5,,,,,https://t.me/cbdd50/18630
Московская область,2025-10-15T08:55+03:00,6,,,1083184,1.6,https://t.me/cbdd50/18635
Московская область,2025-10-15T18:02+03:00,6,,,,,https://t.me/cbdd50/18642
Московская область,2025-10-16T09:05+03:00,5,,,1140547,2.2,https://t.me/cbdd50/18643
Московская область,2025-10-16T18:00+03:00,5,,,,,https://t.me/cbdd50/18653
Московская область,2025-10-17T08:58+03:00,5,,,1047040,1.7,https://t.me/cbdd50/18654
Московская область,2025-10-17T17:04+03:00,5,,,,,https://t.me/cbdd50/18668
Московская область,2025-10-20T08:58+03:00,5,,,1139617,9.0,https://t.me/cbdd50/18682
Московская область,2025-10-20T18:05+03:00,5,,,,,https://t.me/cbdd50/18699
Московская область,2025-10-21T08:59+03:00,5,,,1093331,4.0,https://t.me/cbdd50/18700
Московская область,2025-10-21T18:04+03:00,5,,,,,https://t.me/cbdd50/18730
Московская область,2025-10-22T08:59+03:00,5,,,1079736,3.0,https://t.me/cbdd50/18731
Московская область,2025-10-22T18:04+03:00,6,,,,,https://t.me/cbdd50/18738
Московская область,2025-10-23T08:59+03:00,5,,,1080686,3.0,https://t.me/cbdd50/18739
Московская область,2025-10-23T18:04+03:00,5,,,,,https://t.me/cbdd50/18748
Московская область,2025-10-24T08:59+03:00,4,,,1053947,0.3,https://t.me/cbdd50/18751
Московская область,2025-10-24T17:01+03:00,5,,,,,https://t.me/cbdd50/18770
Московская область,2025-10-27T08:59+03:00,5,,,1075254,2.5,https://t.me/cbdd50/18789
Московская область,2025-10-27T18:02+03:00,5,,,,,https://t.me/cbdd50/18806
Московская область,2025-10-28T08:59+03:00,5,,,1063011,1.3,https://t.me/cbdd50/18808
Московская область,2025-10-28T18:04+03:00,5,,,,,https://t.me/cbdd50/18820
Московская область,2025-10-29T08:59+03:00,4,,,1057063,0.7,https://t.me/cbdd50/18826
Московская область,2025-10-29T18:04+03:00,6,,,,,https://t.me/cbdd50/18834
Московская область,2025-10-30T08:59+03:00,4,,,1084077,3.4,https://t.me/cbdd50/18835
Московская область,2025-10-30T18:03+03:00,7,,,,,https://t.me/cbdd50/18847
Московская область,2025-10-31T08:59+03:00,3,,,1063804,1.3,https://t.me/cbdd50/18848
Московская область,2025-10-31T17:02+03:00,8,,,,,https://t.me/cbdd50/18862
Московская область,2025-11-01T08:59+03:00,2,,,1022712,-3.0,https://t.me/cbdd50/18864
Московская область,2025-11-01T17:04+03:00,6,,,,,https://t.me/cbdd50/18870
Московская область,2025-11-05T08:59+03:00,4,,,1071736,2.0,https://t.me/cbdd50/18896
Московская область,2025-11-05T18:03+03:00,6,,,,,https://t.me/cbdd50/18905
Московская область,2025-11-06T08:59+03:00,4,,,1056364,0.6,https://t.me/cbdd50/18906
Московская область,2025-11-06T18:04+03:00,6,,,,,https://t.me/cbdd50/18914
Московская область,2025-11-07T08:59+03:00,4,,,1103634,5.3,https://t.me/cbdd50/18915
Московская область,2025-11-07T17:04+03:00,6,,,,,https://t.me/cbdd50/18920
Московская область,2025-11-10T08:59+03:00,5,,,1090204,4.0,https://t.me/cbdd50/18935
Московская область,2025-11-10T18:03+03:00,4,,,,,https://t.me/cbdd50/18943
Московская область,2025-11-11T08:59+03:00,5,,,1070610,2.0,https://t.me/cbdd50/18944
Московская область,2025-11-12T08:59+03:00,5,,,1058659,0.8,https://t.me/cbdd50/18957
Московская область,2025-11-12T18:01+03:00,6,,,,,https://t.me/cbdd50/18963
Московская область,2025-11-13T08:59+03:00,5,,,1093459,4.3,https://t.me/cbdd50/18966
Московская область,2025-11-13T18:04+03:00,7,,,,,https://t.me/cbdd50/18972
Московская область,2025-11-14T08:59+03:00,4,,,1047153,-0.3,https://t.me/cbdd50/18974
Московская область,2025-11-14T17:04+03:00,7,,,,,https://t.me/cbdd50/18978
Московская область,2025-11-17T08:59+03:00,5,,,1076746,2.6,https://t.me/cbdd50/18994
Московская область,2025-11-17T18:00+03:00,7,,,,,https://t.me/cbdd50/19013
Московская область,2025-11-18T08:59+03:00,5,,,1057358,0.7,https://t.me/cbdd50/19014
Московская область,2025-11-19T08:59+03:00,5,,,1069826,1.9,https://t.me/cbdd50/19033
Московская область,2025-11-19T18:02+03:00,6,,,,,https://t.me/cbdd50/19056
Московская область,2025-11-20T08:59+03:00,5,,,1012177,-4.0,https://t.me/cbdd50/19057
Московская область,2025-11-20T18:05+03:00,6,,,,,https://t.me/cbdd50/19064
Московская область,2025-11-21T09:00+03:00,5,,,1003807,-4.7,https://t.me/cbdd50/19071
Московская область,2025-11-21T17:03+03:00,6,,,,,https://t.me/cbdd50/19086
Московская область,2025-11-24T08:59+03:00,6,,,1016300,-3.4,https://t.me/cbdd50/19097
Московская область,2025-11-24T18:03+03:00,5,,,,,https://t.me/cbdd50/19107
Московская область,2025-11-25T08:59+03:00,5,,,1005764,-4.5,https://t.me/cbdd50/19109
Московская область,2025-11-25T18:05+03:00,5,,,,,https://t.me/cbdd50/19119
Московская область,2025-11-26T08:59+03:00,6,,,988108,-6.2,https://t.me/cbdd50/19120
Московская область,2025-11-26T18:00+03:00,7,,,,,https://t.me/cbdd50/19132
Московская область,2025-11-27T09:00+03:00,5,,,1066825,1.6,https://t.me/cbdd50/19138
Московская область,2025-11-27T18:00+03:00,5,,,,,https://t.me/cbdd50/19149
Московская область,2025-11-28T08:57+03:00,5,,,1043416,-0.7,https://t.me/cbdd50/19151
Московская область,2025-11-28T17:04+03:00,5,,,,,https://t.me/cbdd50/19165
Московская область,2025-12-01T08:58+03:00,5,,,1037602,-1.3,https://t.me/cbdd50/19168
Московская область,2025-12-01T18:02+03:00,5,,,,,https://t.me/cbdd50/19176
Московская область,2025-12-02T08:59+03:00,5,,,999532,-5.1,https://t.me/cbdd50/19179
Московская область,2025-12-02T18:02+03:00,5,,,,,https://t.me/cbdd50/19191
Московская область,2025-12-03T09:05+03:00,5,,,1059532,1.0,https://t.me/cbdd50/19192
Московская область,2025-12-04T08:59+03:00,5,,,1014859,-3.6,https://t.me/cbdd50/19199
Московская область,2025-12-04T18:03+03:00,5,,,,,https://t.me/cbdd50/19207
Московская область,2025-12-05T08:59+03:00,4,,,987730,-6.3,https://t.me/cbdd50/19209
Московская область,2025-12-05T17:03+03:00,6,,,,,https://t.me/cbdd50/19216
Московская область,2025-12-08T08:58+03:00,5,,,1006033,-4.4,https://t.me/cbdd50/19220
Московская область,2025-12-08T18:00+03:00,6,,,,,https://t.me/cbdd50/19225
Московская область,2025-12-09T08:59+03:00,5,,,982865,-6.8,https://t.me/cbdd50/19226
Московская область,2025-12-09T17:59+03:00,6,,,,,https://t.me/cbdd50/19233
Московская область,2025-12-10T08:59+03:00,6,,,929505,-12.1,https://t.me/cbdd50/19240
Московская область,2025-12-10T18:01+03:00,7,,,,,https://t.me/cbdd50/19251
Московская область,2025-12-11T09:14+03:00,5,,,1019686,-3.1,https://t.me/cbdd50/19255
Московская область,2025-12-11T18:04+03:00,8,,,,,https://t.me/cbdd50/19260
Московская область,2025-12-12T08:59+03:00,5,,,1027394,-2.3,https://t.me/cbdd50/19261
Московская область,2025-12-12T17:03+03:00,6,,,,,https://t.me/cbdd50/19273
Московская область,2025-12-15T08:59+03:00,5,,,909811,-14.1,https://t.me/cbdd50/19290
Московская область,2025-12-15T18:03+03:00,6,,,,,https://t.me/cbdd50/19300
Московская область,2025-12-16T08:59+03:00,5,,,917019,-13.3,https://t.me/cbdd50/19306
Московская область,2025-12-16T18:01+03:00,7,,,,,https://t.me/cbdd50/19312
Московская область,2025-12-17T08:59+03:00,6,,,937077,-11.3,https://t.me/cbdd50/19313
Московская область,2025-12-17T18:04+03:00,8,,,,,https://t.me/cbdd50/19332
Московская область,2025-12-18T08:59+03:00,5,,,907976,-14.3,https://t.me/cbdd50/19333
Московская область,2025-12-18T18:04+03:00,7,,,,,https://t.me/cbdd50/19341
Московская область,2025-12-19T08:59+03:00,4,,,852460,-19.8,https://t.me/cbdd50/19342
Московская область,2025-12-19T17:01+03:00,7,,,,,https://t.me/cbdd50/19347
Московская область,2025-12-22T08:58+03:00,5,,,983084,-6.7,https://t.me/cbdd50/19350
Московская область,2025-12-22T18:02+03:00,7,,,,,https://t.me/cbdd50/19362
Московская область,2025-12-23T08:58+03:00,5,,,771206,-27.9,https://t.me/cbdd50/19364
Московская область,2025-12-23T18:02+03:00,7,,,,,https://t.me/cbdd50/19377
Московская область,2025-12-24T08:58+03:00,5,,,800803,-25.0,https://t.me/cbdd50/19378
Московская область,2025-12-24T18:01+03:00,7,,,,,https://t.me/cbdd50/19384
Московская область,2025-12-25T09:26+03:00,5,,,903109,-14.7,https://t.me/cbdd50/19386
Московская область,2025-12-25T17:58+03:00,7,,,,,https://t.me/cbdd50/19405
Московская область,2025-12-26T08:59+03:00,5,,,700950,-35.0,https://t.me/cbdd50/19413
Московская область,2025-12-26T17:03+03:00,7,,,,,https://t.me/cbdd50/19429
Московская область,2025-12-29T08:58+03:00,4,,,779365,-27.1,https://t.me/cbdd50/19431
Московская область,2025-12-29T18:03+03:00,7,,,,,https://t.me/cbdd50/19441
Московская область,2025-12-30T08:59+03:00,3,,,619947,-41.1,https://t.me/cbdd50/19442
