time_msk,score,jams_length_km,url
2025-01-03T13:50+03:00,1,291.4,https://web.archive.org/web/20250103105107/https://core-jams-info.maps.yandex.net/info?format=js&callback=id_16105741497094089480&_=3617241
2025-01-06T13:42+03:00,1,294.7,https://web.archive.org/web/20250106104312/https://core-jams-info.maps.yandex.net/info?format=js&callback=id_161908625495893779017&_=7911994
2025-01-10T19:52+03:00,2,321.7,https://web.archive.org/web/20250110165314/https://core-jams-info.maps.yandex.net/info?format=js&callback=id_162076039429479498153&_=8104338
2025-01-23T23:58+03:00,0,164.8,https://web.archive.org/web/20250123205925/https://core-jams-info.maps.yandex.net/info?format=js&callback=id_162046636734279833109&_=8105495
2025-02-07T04:00+03:00,0,117.9,https://web.archive.org/web/20250207010032/https://core-jams-info.maps.yandex.net/info?format=js&callback=id_173889000036534015472&_=4415479
2025-02-09T15:53+03:00,2,337.8,https://web.archive.org/web/20250209125416/https://core-jams-info.maps.yandex.net/info?format=js&callback=id_1739105644540279909&_=9161797
2025-02-16T08:48+03:00,0,165.7,https://web.archive.org/web/20250216054857/https://core-jams-info.maps.yandex.net/info?format=js&callback=id_161057414969545692612&_=6747942
2025-02-16T10:31+03:00,1,199.0,https://web.archive.org/web/20250216073201/https://core-jams-info.maps.yandex.net/info?format=js&callback=id_161057416113085111582&_=1818029
2025-02-20T15:37+03:00,5,506.4,https://web.archive.org/web/20250220123805/https://core-jams-info.maps.yandex.net/info?format=js&callback=id_17400550279588153872&_=4844646
2025-02-23T18:55+03:00,2,297.8,https://web.archive.org/web/20250223155718/https://core-jams-info.maps.yandex.net/info?format=js&callback=id_174032621198093554974&_=505235
2025-02-23T18:56+03:00,2,308.1,https://web.archive.org/web/20250223155740/https://core-jams-info.maps.yandex.net/info?format=js&callback=id_174032621198093554976&_=775948
2025-02-25T00:05+03:00,0,149.2,https://web.archive.org/web/20250224210604/https://core-jams-info.maps.yandex.net/info?format=js&callback=id_174043113430520691054&_=2122279
2025-02-25T15:02+03:00,3,441.9,https://web.archive.org/web/20250225120308/https://core-jams-info.maps.yandex.net/info?format=js&callback=id_174048497427520558657&_=8824110
2025-02-25T16:20+03:00,3,453.0,https://web.archive.org/web/20250225132134/https://core-jams-info.maps.yandex.net/info?format=js&callback=id_174048968100235015055&_=6620552
2025-02-27T12:21+03:00,4,490.7,https://web.archive.org/web/20250227092209/https://core-jams-info.maps.yandex.net/info?format=js&callback=id_162046635454576849757&_=5770018
2025-02-27T20:33+03:00,3,420.5,https://web.archive.org/web/20250227173432/https://core-jams-info.maps.yandex.net/info?format=js&callback=id_162046636018867497600&_=9058641
2025-02-28T13:37+03:00,4,502.5,https://web.archive.org/web/20250228103819/https://core-jams-info.maps.yandex.net/info?format=js&callback=id_174073904327174879911&_=3539682
2025-02-28T20:09+03:00,3,450.5,https://web.archive.org/web/20250228170956/https://core-jams-info.maps.yandex.net/info?format=js&callback=id_161856269849515386551&_=1831447
2025-03-01T08:38+03:00,1,213.5,https://web.archive.org/web/20250301053936/https://core-jams-info.maps.yandex.net/info?format=js&callback=id_1740807556293750428&_=7561231
2025-03-05T05:24+03:00,0,126.4,https://web.archive.org/web/20250305022525/https://core-jams-info.maps.yandex.net/info?format=js&callback=id_174114151313558519873&_=7877831
2025-03-05T23:55+03:00,0,170.3,https://web.archive.org/web/20250305205633/https://core-jams-info.maps.yandex.net/info?format=js&callback=id_17412081785707285907&_=7896398
2025-03-06T00:22+03:00,0,160.3,https://web.archive.org/web/20250305212321/https://core-jams-info.maps.yandex.net/info?format=js&callback=id_162046635838022614717&_=849922
2025-03-08T01:11+03:00,0,151.4,https://web.archive.org/web/20250307221302/https://core-jams-info.maps.yandex.net/info?format=js&callback=id_16105741543538021589&_=5859439
2025-03-09T03:11+03:00,0,124.8,https://web.archive.org/web/20250309001134/https://core-jams-info.maps.yandex.net/info?format=js&callback=id_160644950461977281575&_=6708676
2025-03-10T18:37+03:00,4,547.2,https://web.archive.org/web/20250310153814/https://core-jams-info.maps.yandex.net/info?format=js&callback=id_162046635840016837776&_=2897848
2025-03-11T07:39+03:00,2,382.5,https://web.archive.org/web/20250311043948/https://core-jams-info.maps.yandex.net/info?format=js&callback=id_174166797381512427040&_=7566716
2025-03-11T12:15+03:00,3,440.5,https://web.archive.org/web/20250311091605/https://core-jams-info.maps.yandex.net/info?format=js&callback=id_162076037529124649797&_=6569830
2025-03-11T17:26+03:00,4,538.0,https://web.archive.org/web/20250311142708/https://core-jams-info.maps.yandex.net/info?format=js&callback=id_174170321666875831945&_=6062421
2025-03-12T09:30+03:00,4,498.8,https://web.archive.org/web/20250312063103/https://core-jams-info.maps.yandex.net/info?format=js&callback=id_157721789795928851601&_=9464034
2025-03-12T13:06+03:00,3,430.8,https://web.archive.org/web/20250312100738/https://core-jams-info.maps.yandex.net/info?format=js&callback=id_162439963443248335428&_=1914737
2025-03-13T12:34+03:00,3,457.6,https://web.archive.org/web/20250313093519/https://core-jams-info.maps.yandex.net/info?format=js&callback=id_161176937436282012908&_=579603
2025-03-14T00:01+03:00,1,165.1,https://web.archive.org/web/20250313210202/https://core-jams-info.maps.yandex.net/info?format=js&callback=id_174189970886474682356&_=9806030
2025-03-16T14:31+03:00,3,405.3,https://web.archive.org/web/20250316113203/https://core-jams-info.maps.yandex.net/info?format=js&callback=id_162046636113163358079&_=973808
2025-03-16T15:58+03:00,2,393.3,https://web.archive.org/web/20250316125918/https://core-jams-info.maps.yandex.net/info?format=js&callback=id_174212994347046029230&_=890719
2025-03-17T00:52+03:00,0,129.5,https://web.archive.org/web/20250316215301/https://core-jams-info.maps.yandex.net/info?format=js&callback=id_174216195431786335566&_=3579465
2025-03-18T11:33+03:00,4,500.3,https://web.archive.org/web/20250318083353/https://core-jams-info.maps.yandex.net/info?format=js&callback=id_174228681901944057433&_=9740542
2025-03-19T11:56+03:00,4,488.2,https://web.archive.org/web/20250319085741/https://core-jams-info.maps.yandex.net/info?format=js&callback=id_174237464408931016603&_=6580631
2025-03-19T11:59+03:00,4,481.3,https://web.archive.org/web/20250319090015/https://core-jams-info.maps.yandex.net/info?format=js&callback=id_161856159809229863223&_=9326131
2025-03-19T14:15+03:00,4,460.3,https://web.archive.org/web/20250319111632/https://core-jams-info.maps.yandex.net/info?format=js&callback=id_16216572794195208131&_=5964120
2025-03-20T02:57+03:00,0,133.4,https://web.archive.org/web/20250319235820/https://core-jams-info.maps.yandex.net/info?format=js&callback=id_161909167976585772396&_=7383616
2025-03-25T10:21+03:00,5,617.9,https://web.archive.org/web/20250325072205/https://core-jams-info.maps.yandex.net/info?format=js&callback=id_174288730337984185703&_=1575703
2025-03-25T11:23+03:00,4,558.3,https://web.archive.org/web/20250325082409/https://core-jams-info.maps.yandex.net/info?format=js&callback=id_174289099488495087286&_=2840042
2025-03-26T03:23+03:00,0,127.5,https://web.archive.org/web/20250326002332/https://core-jams-info.maps.yandex.net/info?format=js&callback=id_162046635666699748201&_=5770018
2025-03-26T05:19+03:00,0,117.4,https://web.archive.org/web/20250326021949/https://core-jams-info.maps.yandex.net/info?format=js&callback=id_174295557555534685509&_=8316807
2025-03-26T12:36+03:00,4,486.6,https://web.archive.org/web/20250326093743/https://core-jams-info.maps.yandex.net/info?format=js&callback=id_16204663549328569971&_=5770018
2025-03-26T22:17+03:00,1,220.0,https://web.archive.org/web/20250326191843/https://core-jams-info.maps.yandex.net/info?format=js&callback=id_174301670984738827115&_=6666159
2025-03-30T08:57+03:00,0,185.1,https://web.archive.org/web/20250330055809/https://core-jams-info.maps.yandex.net/info?format=js&callback=id_174331425391427936135&_=9493862
2025-03-30T18:54+03:00,1,270.4,https://web.archive.org/web/20250330155512/https://core-jams-info.maps.yandex.net/info?format=js&callback=id_161908985564279925251&_=5136745
2025-04-01T14:35+03:00,4,476.7,https://web.archive.org/web/20250401113631/https://core-jams-info.maps.yandex.net/info?format=js&callback=id_174350737585289161310&_=5118861
2025-04-02T03:36+03:00,0,137.7,https://web.archive.org/web/20250402003705/https://core-jams-info.maps.yandex.net/info?format=js&callback=id_161909168548438145826&_=9647590
2025-04-02T21:27+03:00,1,280.2,https://web.archive.org/web/20250402182837/https://core-jams-info.maps.yandex.net/info?format=js&callback=id_174361849665643492297&_=6575509
2025-04-04T13:19+03:00,4,518.2,https://web.archive.org/web/20250404102112/https://core-jams-info.maps.yandex.net/info?format=js&callback=id_174376205452823264055&_=2263103
2025-04-04T19:26+03:00,5,561.9,https://web.archive.org/web/20250404162747/https://core-jams-info.maps.yandex.net/info?format=js&callback=id_174378405017353437965&_=9924981
2025-04-05T03:21+03:00,0,130.9,https://web.archive.org/web/20250405002201/https://core-jams-info.maps.yandex.net/info?format=js&callback=id_161909170010165814254&_=7128000
2025-04-05T08:56+03:00,1,208.0,https://web.archive.org/web/20250405055718/https://core-jams-info.maps.yandex.net/info?format=js&callback=id_161909167700262136185&_=9647590
2025-04-05T17:24+03:00,2,363.3,https://web.archive.org/web/20250405142550/https://core-jams-info.maps.yandex.net/info?format=js&callback=id_16204663609474473896&_=9058641
2025-04-06T04:40+03:00,0,229.5,https://web.archive.org/web/20250406014107/https://core-jams-info.maps.yandex.net/info?format=js&callback=id_162046635797233048440&_=9058641
2025-04-06T05:28+03:00,1,257.3,https://web.archive.org/web/20250406022922/https://core-jams-info.maps.yandex.net/info?format=js&callback=id_162046635924813276926&_=9058641
2025-04-06T05:37+03:00,1,248.1,https://web.archive.org/web/20250406023813/https://core-jams-info.maps.yandex.net/info?format=js&callback=id_161909167412826163582&_=8576517
2025-04-06T06:09+03:00,1,253.4,https://web.archive.org/web/20250406031025/https://core-jams-info.maps.yandex.net/info?format=js&callback=id_162076037105595668905&_=9093192
2025-04-06T06:36+03:00,1,270.3,https://web.archive.org/web/20250406033714/https://core-jams-info.maps.yandex.net/info?format=js&callback=id_161909167562753802927&_=194058
2025-04-06T07:49+03:00,1,235.2,https://web.archive.org/web/20250406045019/https://core-jams-info.maps.yandex.net/info?format=js&callback=id_162046635482285610006&_=5770018
2025-04-06T09:05+03:00,1,237.2,https://web.archive.org/web/20250406060608/https://core-jams-info.maps.yandex.net/info?format=js&callback=id_162046635822385610053&_=5770018
2025-04-06T09:25+03:00,1,238.0,https://web.archive.org/web/20250406062616/https://core-jams-info.maps.yandex.net/info?format=js&callback=id_161909168187838145826&_=5030435
2025-04-06T09:27+03:00,1,229.2,https://web.archive.org/web/20250406062807/https://core-jams-info.maps.yandex.net/info?format=js&callback=id_162785158036845204894&_=4359610
2025-04-06T12:49+03:00,1,285.9,https://web.archive.org/web/20250406095036/https://core-jams-info.maps.yandex.net/info?format=js&callback=id_161909167985338145826&_=6963005
2025-04-06T14:07+03:00,1,292.6,https://web.archive.org/web/20250406110828/https://core-jams-info.maps.yandex.net/info?format=js&callback=id_162046636183990512702&_=6901748
2025-04-06T15:01+03:00,1,260.7,https://web.archive.org/web/20250406120252/https://core-jams-info.maps.yandex.net/info?format=js&callback=id_16204663525288569971&_=5770018
2025-04-07T03:24+03:00,1,184.0,https://web.archive.org/web/20250407002529/https://core-jams-info.maps.yandex.net/info?format=js&callback=id_162046635487776849784&_=5770018
2025-04-07T04:54+03:00,1,206.0,https://web.archive.org/web/20250407015522/https://core-jams-info.maps.yandex.net/info?format=js&callback=id_16216572863496917106&_=1076603
2025-04-07T14:37+03:00,2,334.4,https://web.archive.org/web/20250407113846/https://core-jams-info.maps.yandex.net/info?format=js&callback=id_162046635025365467716&_=6830375
2025-04-08T01:18+03:00,0,165.4,https://web.archive.org/web/20250407221922/https://core-jams-info.maps.yandex.net/info?format=js&callback=id_161057415675985111582&_=4730152
2025-04-08T07:41+03:00,2,369.9,https://web.archive.org/web/20250408044218/https://core-jams-info.maps.yandex.net/info?format=js&callback=id_16204663554318569971&_=5770018
2025-04-08T12:02+03:00,3,417.9,https://web.archive.org/web/20250408090305/https://core-jams-info.maps.yandex.net/info?format=js&callback=id_162076037228323949897&_=37294
2025-04-08T13:44+03:00,3,398.2,https://web.archive.org/web/20250408104458/https://core-jams-info.maps.yandex.net/info?format=js&callback=id_174410907625938695805&_=1603309
2025-04-09T10:52+03:00,3,429.5,https://web.archive.org/web/20250409075333/https://core-jams-info.maps.yandex.net/info?format=js&callback=id_161909168743754394319&_=7383616
2025-04-09T11:07+03:00,3,410.2,https://web.archive.org/web/20250409080802/https://core-jams-info.maps.yandex.net/info?format=js&callback=id_1619091677028182725&_=64128
2025-04-09T11:20+03:00,2,398.0,https://web.archive.org/web/20250409082102/https://core-jams-info.maps.yandex.net/info?format=js&callback=id_162076038418549099163&_=9718064
2025-04-09T13:21+03:00,2,381.8,https://web.archive.org/web/20250409102217/https://core-jams-info.maps.yandex.net/info?format=js&callback=id_161909167846583191759&_=6581232
2025-04-09T13:32+03:00,2,390.5,https://web.archive.org/web/20250409103414/https://core-jams-info.maps.yandex.net/info?format=js&callback=id_16204663627843922430&_=7059027
2025-04-09T13:44+03:00,2,391.5,https://web.archive.org/web/20250409104511/https://core-jams-info.maps.yandex.net/info?format=js&callback=id_161909168355616655533&_=8408264
2025-04-09T13:52+03:00,2,380.7,https://web.archive.org/web/20250409105325/https://core-jams-info.maps.yandex.net/info?format=js&callback=id_162046635087290512494&_=5770018
2025-04-09T14:11+03:00,2,364.3,https://web.archive.org/web/20250409111208/https://core-jams-info.maps.yandex.net/info?format=js&callback=id_16207603776042302061&_=6569830
2025-04-09T15:03+03:00,2,342.4,https://web.archive.org/web/20250409120409/https://core-jams-info.maps.yandex.net/info?format=js&callback=id_162046636168750964286&_=2077589
2025-04-09T15:03+03:00,2,346.9,https://web.archive.org/web/20250409120456/https://core-jams-info.maps.yandex.net/info?format=js&callback=id_162046635155862995211&_=6830375
2025-04-09T17:20+03:00,2,396.4,https://web.archive.org/web/20250409142116/https://core-jams-info.maps.yandex.net/info?format=js&callback=id_162046635495962995192&_=6345550
2025-04-10T06:22+03:00,0,139.1,https://web.archive.org/web/20250410032304/https://core-jams-info.maps.yandex.net/info?format=js&callback=id_162046635421176849747&_=2077589
2025-04-10T06:22+03:00,0,135.7,https://web.archive.org/web/20250410032325/https://core-jams-info.maps.yandex.net/info?format=js&callback=id_162046635468484517780&_=1696416
2025-04-10T09:22+03:00,3,426.5,https://web.archive.org/web/20250410062403/https://core-jams-info.maps.yandex.net/info?format=js&callback=id_162076038049834006327&_=4563485
2025-04-11T05:51+03:00,0,131.9,https://web.archive.org/web/20250411025237/https://core-jams-info.maps.yandex.net/info?format=js&callback=id_162046634873181908069&_=8649562
2025-04-11T09:13+03:00,3,400.9,https://web.archive.org/web/20250411061408/https://core-jams-info.maps.yandex.net/info?format=js&callback=id_162046635071693287309&_=481438
2025-04-11T09:56+03:00,3,407.3,https://web.archive.org/web/20250411065732/https://core-jams-info.maps.yandex.net/info?format=js&callback=id_1744354601707383210070&_=2747571
2025-04-11T10:26+03:00,3,398.0,https://web.archive.org/web/20250411072713/https://core-jams-info.maps.yandex.net/info?format=js&callback=id_162046636964421163903&_=9058641
2025-04-11T20:46+03:00,2,276.9,https://web.archive.org/web/20250411174706/https://core-jams-info.maps.yandex.net/info?format=js&callback=id_174439356795637531496&_=3498644
2025-04-12T16:29+03:00,3,417.2,https://web.archive.org/web/20250412133006/https://core-jams-info.maps.yandex.net/info?format=js&callback=id_162046636488646216242&_=9058641
2025-04-13T06:34+03:00,0,131.3,https://web.archive.org/web/20250413033526/https://core-jams-info.maps.yandex.net/info?format=js&callback=id_162046635558676375168&_=5770018
2025-04-14T11:22+03:00,4,499.1,https://web.archive.org/web/20250414082310/https://core-jams-info.maps.yandex.net/info?format=js&callback=id_162046635569385610019&_=8544795
2025-04-15T03:14+03:00,0,136.9,https://web.archive.org/web/20250415001506/https://core-jams-info.maps.yandex.net/info?format=js&callback=id_16105741510363778425&_=3617241
2025-04-15T05:55+03:00,0,123.5,https://web.archive.org/web/20250415025553/https://core-jams-info.maps.yandex.net/info?format=js&callback=id_174468575800021428901&_=3656032
2025-04-16T04:49+03:00,0,123.7,https://web.archive.org/web/20250416015023/https://core-jams-info.maps.yandex.net/info?format=js&callback=id_17447681824111609108&_=1920350
2025-04-16T22:31+03:00,3,275.8,https://web.archive.org/web/20250416193218/https://core-jams-info.maps.yandex.net/info?format=js&callback=id_174483192106972152135&_=9156005
2025-04-16T23:17+03:00,1,205.4,https://web.archive.org/web/20250416201744/https://core-jams-info.maps.yandex.net/info?format=js&callback=id_160071131101015491406&_=9137345
2025-04-18T05:24+03:00,0,128.0,https://web.archive.org/web/20250418022505/https://core-jams-info.maps.yandex.net/info?format=js&callback=id_162046634832381908069&_=5931712
2025-04-19T10:24+03:00,2,368.3,https://web.archive.org/web/20250419072520/https://core-jams-info.maps.yandex.net/info?format=js&callback=id_157738505710770276805&_=1038665
2025-04-20T16:11+03:00,2,326.1,https://web.archive.org/web/20250420131228/https://core-jams-info.maps.yandex.net/info?format=js&callback=id_162046635348276375168&_=5770018
2025-04-22T17:32+03:00,6,680.5,https://web.archive.org/web/20250422143338/https://core-jams-info.maps.yandex.net/info?format=js&callback=id_162046635001693287309&_=481438
2025-04-23T14:50+03:00,5,554.6,https://web.archive.org/web/20250423115150/https://core-jams-info.maps.yandex.net/info?format=js&callback=id_174540909286371769078&_=8765576
2025-04-23T14:55+03:00,5,551.2,https://web.archive.org/web/20250423115555/https://core-jams-info.maps.yandex.net/info?format=js&callback=id_16204663628113202134&_=5770018
2025-04-24T04:54+03:00,0,126.4,https://web.archive.org/web/20250424015448/https://core-jams-info.maps.yandex.net/info?format=js&callback=id_162046635763032581009&_=9932870
2025-04-25T17:37+03:00,6,759.4,https://web.archive.org/web/20250425143805/https://core-jams-info.maps.yandex.net/info?format=js&callback=id_1745591868087789810018&_=9123484
2025-04-26T17:15+03:00,3,446.9,https://web.archive.org/web/20250426141610/https://core-jams-info.maps.yandex.net/info?format=js&callback=id_16204663579428569961&_=9058641
2025-04-27T02:58+03:00,0,140.5,https://web.archive.org/web/20250426235914/https://core-jams-info.maps.yandex.net/info?format=js&callback=id_1610574144516988510073&_=3617241
2025-05-02T14:34+03:00,1,248.9,https://web.archive.org/web/20250502113624/https://core-jams-info.maps.yandex.net/info?format=js&callback=id_174618576558037207010&_=4466641
2025-05-02T18:51+03:00,1,223.4,https://web.archive.org/web/20250502155205/https://core-jams-info.maps.yandex.net/info?format=js&callback=id_162046636175399748201&_=849922
2025-05-07T07:38+03:00,2,337.0,https://web.archive.org/web/20250507043855/https://core-jams-info.maps.yandex.net/info?format=js&callback=id_16204663550123922357&_=5770018
2025-05-07T13:34+03:00,3,512.3,https://web.archive.org/web/20250507103456/https://core-jams-info.maps.yandex.net/info?format=js&callback=id_162046635719821163903&_=5770018
2025-05-07T15:33+03:00,4,485.1,https://web.archive.org/web/20250507123403/https://core-jams-info.maps.yandex.net/info?format=js&callback=id_162046636076114367246&_=9058641
2025-05-08T09:40+03:00,1,272.7,https://web.archive.org/web/20250508064125/https://core-jams-info.maps.yandex.net/info?format=js&callback=id_174668647201525507056&_=9469761
2025-05-08T15:13+03:00,4,372.0,https://web.archive.org/web/20250508121434/https://core-jams-info.maps.yandex.net/info?format=js&callback=id_161494797893714314938&_=3577246
2025-05-08T22:35+03:00,2,230.4,https://web.archive.org/web/20250508193705/https://core-jams-info.maps.yandex.net/info?format=js&callback=id_159489670890355861057&_=1163923
2025-05-09T03:46+03:00,0,129.7,https://web.archive.org/web/20250509004727/https://core-jams-info.maps.yandex.net/info?format=js&callback=id_174675161470415882550&_=9467849
2025-05-09T04:38+03:00,0,115.5,https://web.archive.org/web/20250509013846/https://core-jams-info.maps.yandex.net/info?format=js&callback=id_162046636324038009438&_=5770018
2025-05-09T06:55+03:00,0,148.7,https://web.archive.org/web/20250509035605/https://core-jams-info.maps.yandex.net/info?format=js&callback=id_16190862517092235475&_=7911994
2025-05-09T08:28+03:00,1,173.4,https://web.archive.org/web/20250509052913/https://core-jams-info.maps.yandex.net/info?format=js&callback=id_162046634852781908069&_=7053712
2025-05-09T15:06+03:00,1,201.9,https://web.archive.org/web/20250509120717/https://core-jams-info.maps.yandex.net/info?format=js&callback=id_161908624316781946730&_=6717463
2025-05-09T15:56+03:00,1,198.5,https://web.archive.org/web/20250509125743/https://core-jams-info.maps.yandex.net/info?format=js&callback=id_161908624134375228235&_=9874142
2025-05-09T18:29+03:00,2,222.2,https://web.archive.org/web/20250509153004/https://core-jams-info.maps.yandex.net/info?format=js&callback=id_162046635647622614717&_=9058641
2025-05-09T19:00+03:00,3,257.3,https://web.archive.org/web/20250509160138/https://core-jams-info.maps.yandex.net/info?format=js&callback=id_162046635945167497580&_=9058641
2025-05-09T22:09+03:00,3,280.2,https://web.archive.org/web/20250509191032/https://core-jams-info.maps.yandex.net/info?format=js&callback=id_16216572820562769075&_=1076603
2025-05-10T00:39+03:00,0,148.5,https://web.archive.org/web/20250509213941/https://core-jams-info.maps.yandex.net/info?format=js&callback=id_16105741496987059319&_=3617241
2025-05-10T01:08+03:00,0,139.7,https://web.archive.org/web/20250509220930/https://core-jams-info.maps.yandex.net/info?format=js&callback=id_174682855459220608154&_=3605644
2025-05-10T19:01+03:00,1,281.3,https://web.archive.org/web/20250510160240/https://core-jams-info.maps.yandex.net/info?format=js&callback=id_1610574149183988510073&_=1818029
2025-05-11T06:46+03:00,0,131.5,https://web.archive.org/web/20250511034733/https://core-jams-info.maps.yandex.net/info?format=js&callback=id_174693523695780641929&_=2895202
2025-05-14T10:34+03:00,5,565.9,https://web.archive.org/web/20250514073503/https://core-jams-info.maps.yandex.net/info?format=js&callback=id_162046638316250964286&_=7260373
2025-05-16T00:30+03:00,1,175.3,https://web.archive.org/web/20250515213118/https://core-jams-info.maps.yandex.net/info?format=js&callback=id_161057414902494843773&_=1818029
2025-05-16T15:08+03:00,5,602.5,https://web.archive.org/web/20250516120945/https://core-jams-info.maps.yandex.net/info?format=js&callback=id_162046635595376849757&_=849922
2025-05-17T04:01+03:00,1,142.7,https://web.archive.org/web/20250517010223/https://core-jams-info.maps.yandex.net/info?format=js&callback=id_162046636044546216242&_=5770018
2025-05-17T13:52+03:00,6,606.9,https://web.archive.org/web/20250517105352/https://core-jams-info.maps.yandex.net/info?format=js&callback=id_162046635438276849770&_=6542223
2025-05-17T17:15+03:00,4,432.2,https://web.archive.org/web/20250517141607/https://core-jams-info.maps.yandex.net/info?format=js&callback=id_16216572821222769075&_=3186642
2025-05-18T02:28+03:00,0,160.3,https://web.archive.org/web/20250517232901/https://core-jams-info.maps.yandex.net/info?format=js&callback=id_174752450739164308685&_=8828158
2025-05-23T10:20+03:00,4,519.9,https://web.archive.org/web/20250523072122/https://core-jams-info.maps.yandex.net/info?format=js&callback=id_162165729047651533378&_=2058299
2025-05-23T19:48+03:00,4,575.8,https://web.archive.org/web/20250523164956/https://core-jams-info.maps.yandex.net/info?format=js&callback=id_162046635853329803400&_=5770018
2025-05-23T20:39+03:00,3,464.8,https://web.archive.org/web/20250523174012/https://core-jams-info.maps.yandex.net/info?format=js&callback=id_162046636043281051423&_=5770018
2025-05-28T11:10+03:00,5,591.0,https://web.archive.org/web/20250528081100/https://core-jams-info.maps.yandex.net/info?format=js&callback=id_16204663590838569982&_=5770018
2025-05-31T15:09+03:00,3,509.5,https://web.archive.org/web/20250531121008/https://core-jams-info.maps.yandex.net/info?format=js&callback=id_16204663582413922357&_=5770018
2025-05-31T15:44+03:00,4,522.4,https://web.archive.org/web/20250531124534/https://core-jams-info.maps.yandex.net/info?format=js&callback=id_161057414632971346741&_=3617241
2025-05-31T21:09+03:00,1,271.7,https://web.archive.org/web/20250531181043/https://core-jams-info.maps.yandex.net/info?format=js&callback=id_174871502759746827992&_=8656686
2025-06-01T08:49+03:00,0,189.0,https://web.archive.org/web/20250601055120/https://core-jams-info.maps.yandex.net/info?format=js&callback=id_16204663523728569971&_=9058641
2025-06-03T00:43+03:00,0,165.0,https://web.archive.org/web/20250602214450/https://core-jams-info.maps.yandex.net/info?format=js&callback=id_174890066760410399808&_=7438884
2025-06-03T20:55+03:00,2,316.1,https://web.archive.org/web/20250603175721/https://core-jams-info.maps.yandex.net/info?format=js&callback=id_174897338908345744833&_=4414368
2025-06-04T23:56+03:00,1,186.1,https://web.archive.org/web/20250604205814/https://core-jams-info.maps.yandex.net/info?format=js&callback=id_161057417117457075440&_=1608710
2025-06-05T04:58+03:00,0,100.7,https://web.archive.org/web/20250605015905/https://core-jams-info.maps.yandex.net/info?format=js&callback=id_161057415516247949436&_=1818029
2025-06-05T13:33+03:00,4,576.7,https://web.archive.org/web/20250605103513/https://core-jams-info.maps.yandex.net/info?format=js&callback=id_174911969930237717779&_=3024729
2025-06-05T13:34+03:00,4,591.8,https://web.archive.org/web/20250605103522/https://core-jams-info.maps.yandex.net/info?format=js&callback=id_174911969930237717784&_=3366268
2025-06-06T21:05+03:00,2,340.9,https://web.archive.org/web/20250606180633/https://core-jams-info.maps.yandex.net/info?format=js&callback=id_16105741464425381504&_=3617241
2025-06-07T16:19+03:00,2,368.8,https://web.archive.org/web/20250607132103/https://core-jams-info.maps.yandex.net/info?format=js&callback=id_162046635375850964344&_=9058641
2025-06-08T09:16+03:00,0,167.3,https://web.archive.org/web/20250608061817/https://core-jams-info.maps.yandex.net/info?format=js&callback=id_162046635441916837776&_=5770018
2025-06-11T12:59+03:00,5,645.8,https://web.archive.org/web/20250611100216/https://core-jams-info.maps.yandex.net/info?format=js&callback=id_161498392503647138231&_=4393175
2025-06-12T12:32+03:00,3,422.4,https://web.archive.org/web/20250612093423/https://core-jams-info.maps.yandex.net/info?format=js&callback=id_16190862688139647896&_=3869384
2025-06-15T10:47+03:00,1,215.0,https://web.archive.org/web/20250615074923/https://core-jams-info.maps.yandex.net/info?format=js&callback=id_162046635596370548787&_=5770018
2025-06-15T11:49+03:00,1,264.0,https://web.archive.org/web/20250615085124/https://core-jams-info.maps.yandex.net/info?format=js&callback=id_17499774599955213863&_=1602849
2025-06-15T12:29+03:00,1,268.6,https://web.archive.org/web/20250615093115/https://core-jams-info.maps.yandex.net/info?format=js&callback=id_16204663827933922384&_=5770018
2025-06-16T08:53+03:00,4,527.4,https://web.archive.org/web/20250616055436/https://core-jams-info.maps.yandex.net/info?format=js&callback=id_175005325994611683024&_=3022791
2025-06-16T21:31+03:00,1,272.3,https://web.archive.org/web/20250616183336/https://core-jams-info.maps.yandex.net/info?format=js&callback=id_16105741653245381504&_=1818029
2025-06-19T01:47+03:00,0,142.7,https://web.archive.org/web/20250618224846/https://core-jams-info.maps.yandex.net/info?format=js&callback=id_175028691081112622241&_=7209115
2025-06-21T18:41+03:00,2,309.5,https://web.archive.org/web/20250621154330/https://core-jams-info.maps.yandex.net/info?format=js&callback=id_16204663568898569971&_=5770018
2025-06-22T22:10+03:00,1,196.6,https://web.archive.org/web/20250622191144/https://core-jams-info.maps.yandex.net/info?format=js&callback=id_17506194807289646417&_=1511972
2025-06-27T06:11+03:00,0,133.3,https://web.archive.org/web/20250627031157/https://core-jams-info.maps.yandex.net/info?format=js&callback=id_175099388596745375898&_=9909517
2025-07-02T14:36+03:00,3,430.6,https://web.archive.org/web/20250702113743/https://core-jams-info.maps.yandex.net/info?format=js&callback=id_162028801258423807130&_=3742112
2025-07-03T07:47+03:00,2,363.5,https://web.archive.org/web/20250703044903/https://core-jams-info.maps.yandex.net/info?format=js&callback=id_161057415816645692612&_=1818029
2025-07-03T21:33+03:00,2,346.2,https://web.archive.org/web/20250703183417/https://core-jams-info.maps.yandex.net/info?format=js&callback=id_161057414998957075433&_=1818029
2025-07-04T09:33+03:00,3,450.4,https://web.archive.org/web/20250704063422/https://core-jams-info.maps.yandex.net/info?format=js&callback=id_175161084746335403848&_=6738435
2025-07-04T20:01+03:00,4,463.5,https://web.archive.org/web/20250704170315/https://core-jams-info.maps.yandex.net/info?format=js&callback=id_175164857716527115463&_=2801026
2025-07-09T06:19+03:00,0,145.0,https://web.archive.org/web/20250709031956/https://core-jams-info.maps.yandex.net/info?format=js&callback=id_175203118336388565690&_=1621734
2025-07-10T01:23+03:00,0,150.0,https://web.archive.org/web/20250709222421/https://core-jams-info.maps.yandex.net/info?format=js&callback=id_161498391847183057353&_=6583847
2025-07-11T05:51+03:00,0,123.0,https://web.archive.org/web/20250711025240/https://core-jams-info.maps.yandex.net/info?format=js&callback=id_175220234696843876187&_=1697641
2025-07-15T19:40+03:00,4,521.4,https://web.archive.org/web/20250715164203/https://core-jams-info.maps.yandex.net/info?format=js&callback=id_175259770722219211716&_=3851076
2025-07-22T14:16+03:00,3,424.5,https://web.archive.org/web/20250722111729/https://core-jams-info.maps.yandex.net/info?format=js&callback=id_161166063014140266186&_=5676311
2025-07-24T02:45+03:00,0,145.0,https://web.archive.org/web/20250723234620/https://core-jams-info.maps.yandex.net/info?format=js&callback=id_175331435746560803313&_=6752367
2025-07-24T02:46+03:00,0,142.9,https://web.archive.org/web/20250723234651/https://core-jams-info.maps.yandex.net/info?format=js&callback=id_175331435746560803318&_=5492955
2025-07-24T20:33+03:00,3,387.1,https://web.archive.org/web/20250724173501/https://core-jams-info.maps.yandex.net/info?format=js&callback=id_175337757900851351261&_=7247002
2025-07-24T20:34+03:00,3,386.1,https://web.archive.org/web/20250724173505/https://core-jams-info.maps.yandex.net/info?format=js&callback=id_175337757900851351262&_=5305874
2025-07-28T03:05+03:00,0,140.4,https://web.archive.org/web/20250728000617/https://core-jams-info.maps.yandex.net/info?format=js&callback=id_17536611482745268412&_=3459663
2025-07-28T07:03+03:00,1,242.1,https://web.archive.org/web/20250728040411/https://core-jams-info.maps.yandex.net/info?format=js&callback=id_161057415086098123469&_=1359396
2025-07-30T19:30+03:00,4,528.1,https://web.archive.org/web/20250730163158/https://core-jams-info.maps.yandex.net/info?format=js&callback=id_175389309703148705671&_=959179
2025-07-31T12:33+03:00,3,487.7,https://web.archive.org/web/20250731093526/https://core-jams-info.maps.yandex.net/info?format=js&callback=id_175395451328554479581&_=5364684
2025-07-31T12:34+03:00,3,484.0,https://web.archive.org/web/20250731093535/https://core-jams-info.maps.yandex.net/info?format=js&callback=id_175395451328554479586&_=6612836
2025-08-01T14:45+03:00,3,510.8,https://web.archive.org/web/20250801114644/https://core-jams-info.maps.yandex.net/info?format=js&callback=id_157581069484157617424&_=8940372
2025-08-14T08:31+03:00,3,425.7,https://web.archive.org/web/20250814053151/https://core-jams-info.maps.yandex.net/info?format=js&callback=id_16216572872382769073&_=1076603
2025-08-16T00:50+03:00,1,191.6,https://web.archive.org/web/20250815215225/https://core-jams-info.maps.yandex.net/info?format=js&callback=id_175529473203476631321&_=6383482
2025-08-16T03:43+03:00,0,140.6,https://web.archive.org/web/20250816004400/https://core-jams-info.maps.yandex.net/info?format=js&callback=id_161057415443470977094&_=2722779
2025-08-16T06:59+03:00,0,155.5,https://web.archive.org/web/20250816040000/https://core-jams-info.maps.yandex.net/info?format=js&callback=id_175531678564546634443&_=7697301
2025-08-17T08:45+03:00,0,175.9,https://web.archive.org/web/20250817054623/https://core-jams-info.maps.yandex.net/info?format=js&callback=id_162165728407770151537&_=1076603
2025-08-20T15:20+03:00,3,460.4,https://web.archive.org/web/20250820122302/https://core-jams-info.maps.yandex.net/info?format=js&callback=id_175569255920783022507&_=7621286
2025-08-28T17:18+03:00,5,710.4,https://web.archive.org/web/20250828142001/https://core-jams-info.maps.yandex.net/info?format=js&callback=id_16204668981659910019&_=6542223
2025-08-29T02:11+03:00,0,136.7,https://web.archive.org/web/20250828231246/https://core-jams-info.maps.yandex.net/info?format=js&callback=id_161057414805469988858&_=1818029
2025-08-29T18:22+03:00,6,747.3,https://web.archive.org/web/20250829152303/https://core-jams-info.maps.yandex.net/info?format=js&callback=id_161057416553957075450&_=5363811
2025-09-01T16:01+03:00,3,417.2,https://web.archive.org/web/20250901130228/https://core-jams-info.maps.yandex.net/info?format=js&callback=id_162165728398567426589&_=3726165
2025-09-04T09:24+03:00,4,563.0,https://web.archive.org/web/20250904062607/https://core-jams-info.maps.yandex.net/info?format=js&callback=id_175696715392456556581&_=5766252
2025-09-07T07:44+03:00,0,142.8,https://web.archive.org/web/20250907044516/https://core-jams-info.maps.yandex.net/info?format=js&callback=id_162046635309432581030&_=9058641
2025-09-08T04:45+03:00,0,109.5,https://web.archive.org/web/20250908014601/https://core-jams-info.maps.yandex.net/info?format=js&callback=id_16216573006652769075&_=1076603
2025-09-13T08:18+03:00,1,217.2,https://web.archive.org/web/20250913051936/https://core-jams-info.maps.yandex.net/info?format=js&callback=id_175774076367518836849&_=6637568
2025-09-14T07:24+03:00,0,140.5,https://web.archive.org/web/20250914042507/https://core-jams-info.maps.yandex.net/info?format=js&callback=id_162173793999284245052&_=6689300
2025-09-16T02:53+03:00,0,125.4,https://web.archive.org/web/20250915235505/https://core-jams-info.maps.yandex.net/info?format=js&callback=id_175798049376661971074&_=8277043
2025-09-16T02:54+03:00,0,127.0,https://web.archive.org/web/20250915235516/https://core-jams-info.maps.yandex.net/info?format=js&callback=id_175798049376661971079&_=3626638
2025-09-20T18:13+03:00,2,356.6,https://web.archive.org/web/20250920151516/https://core-jams-info.maps.yandex.net/info?format=js&callback=id_157721789740648729912&_=9464034
2025-09-21T02:13+03:00,0,142.9,https://web.archive.org/web/20250920231348/https://core-jams-info.maps.yandex.net/info?format=js&callback=id_16105741455615311771&_=2722779
2025-09-24T05:15+03:00,0,119.2,https://web.archive.org/web/20250924021609/https://core-jams-info.maps.yandex.net/info?format=js&callback=id_162046635331276849757&_=5770018
2025-09-25T03:20+03:00,0,130.5,https://web.archive.org/web/20250925002111/https://core-jams-info.maps.yandex.net/info?format=js&callback=id_175875965767612292983&_=9963932
2025-09-30T10:52+03:00,4,574.7,https://web.archive.org/web/20250930075322/https://core-jams-info.maps.yandex.net/info?format=js&callback=id_162173794019846369326&_=4902777
2025-10-13T20:57+03:00,2,376.8,https://web.archive.org/web/20251013175811/https://core-jams-info.maps.yandex.net/info?format=js&callback=id_176037827295159396769&_=8801462
2025-10-22T12:38+03:00,3,493.0,https://web.archive.org/web/20251022094006/https://core-jams-info.maps.yandex.net/info?format=js&callback=id_176112594537383144942&_=9412931
2025-10-25T20:26+03:00,2,304.8,https://web.archive.org/web/20251025172808/https://core-jams-info.maps.yandex.net/info?format=js&callback=id_161905228403588902116&_=8650720
2025-11-09T22:48+03:00,1,164.8,https://web.archive.org/web/20251109195019/https://core-jams-info.maps.yandex.net/info?format=js&callback=id_176271778406975534828&_=8722873
2025-11-09T22:49+03:00,1,161.5,https://web.archive.org/web/20251109195020/https://core-jams-info.maps.yandex.net/info?format=js&callback=id_176271778507682231190&_=182675
2025-11-23T01:19+03:00,0,161.9,https://web.archive.org/web/20251122222121/https://core-jams-info.maps.yandex.net/info?format=js&callback=id_176385005778866843012&_=8786415
2025-12-03T11:09+03:00,3,470.7,https://web.archive.org/web/20251203081058/https://core-jams-info.maps.yandex.net/info?format=js&callback=id_174373240688969289499&_=5678840
2025-12-05T05:55+03:00,0,124.1,https://web.archive.org/web/20251205025612/https://core-jams-info.maps.yandex.net/info?format=js&callback=id_16204663654583922357&_=5770018
2025-12-05T06:36+03:00,0,168.4,https://web.archive.org/web/20251205033739/https://core-jams-info.maps.yandex.net/info?format=js&callback=id_161057414509557075450&_=2722779
2025-12-07T19:41+03:00,1,263.9,https://web.archive.org/web/20251207164234/https://core-jams-info.maps.yandex.net/info?format=js&callback=id_176512572744472587254&_=8288241
2025-12-08T10:51+03:00,4,487.5,https://web.archive.org/web/20251208075217/https://core-jams-info.maps.yandex.net/info?format=js&callback=id_16204663624883922357&_=9058641
2025-12-08T18:09+03:00,6,648.4,https://web.archive.org/web/20251208151037/https://core-jams-info.maps.yandex.net/info?format=js&callback=id_176520658807172317761&_=5264460
2025-12-08T18:09+03:00,6,643.2,https://web.archive.org/web/20251208151106/https://core-jams-info.maps.yandex.net/info?format=js&callback=id_176520658807172317761&_=5264460
2025-12-10T01:11+03:00,0,172.0,https://web.archive.org/web/20251209221159/https://core-jams-info.maps.yandex.net/info?format=js&callback=id_16204663540468569971&_=1338048
2025-12-20T13:12+03:00,4,513.1,https://web.archive.org/web/20251220101407/https://core-jams-info.maps.yandex.net/info?format=js&callback=id_16105741490599053819&_=2722779
2025-12-26T11:20+03:00,5,616.1,https://web.archive.org/web/20251226082213/https://core-jams-info.maps.yandex.net/info?format=js&callback=id_16105741458757059307&_=4730152
2025-12-29T02:55+03:00,0,164.1,https://web.archive.org/web/20251228235610/https://core-jams-info.maps.yandex.net/info?format=js&callback=id_176696614765279505271&_=6902171
