parking_id,name,address,metro,lat,lon,spaces
1,Парковка №9401,Красностуденческий проезд,Тимирязевская,55.825626,37.568303,55
2,Парковка №9402,Хорошёвское шоссе,Хорошёвская,55.77744,37.534946,24
4,Перехватывающая парковка №9201,вблизи станции Московского метрополитена «Аннино»,Аннино,55.578458,37.5935,824
5,Перехватывающая парковка №9202,вблизи станции Московского метрополитена «Строгино»,Строгино,55.803649,37.400394,111
6,Перехватывающая парковка №9206,вблизи станций Московского метрополитена «Зябликово»,Зябликово,55.609068,37.745037,240
7,Парковка №9084,Рублевское шоссе,Крылатское,55.753752,37.405454,23
8,Парковка №9081,Раменский бульвар,Раменки,55.697678,37.503108,54
9,Парковка №9704,2-й квартал Капотня,Алма-Атинская,55.638219,37.797618,66
10,Перехватывающая парковка №9207,вблизи станций Московского метрополитена «Бульвар Дмитрия Донского»,Бульвар Дмитрия Донского,55.566002,37.574379,59
11,Парковка №9029,Беговая улица,Беговая,55.778881,37.558711,122
13,Перехватывающая парковка №9203,вблизи станций Московского метрополитена «Зябликово»,Зябликово,55.612357,37.745181,12
14,Парковка №9061,Рублёвское шоссе,Крылатское,55.750738,37.408259,65
15,Перехватывающая парковка №9205,вблизи станций Московского метрополитена «Зябликово»,Зябликово,55.611393,37.745412,82
16,Перехватывающая парковка №9208,вблизи станций Московского метрополитена «Бульвар Дмитрия Донского»,Бульвар Дмитрия Донского,55.569939,37.577392,105
17,Перехватывающая парковка №9211,вблизи станции Московского метрополитена «Волоколамская»,Волоколамская,55.838703,37.378562,278
18,Перехватывающая парковка №9213,вблизи станции Московского метрополитена «Шипиловская» (участок 2),Шипиловская,55.622958,37.74333,48
19,Перехватывающая парковка №9212,вблизи станции Московского метрополитена «Шипиловская» (участок 1),Шипиловская,55.623654,37.743067,51
20,Перехватывающая парковка №9215,вблизи станции Московского метрополитена «Шипиловская» (участок 4),Шипиловская,55.620107,37.743793,60
21,Перехватывающая парковка №9214,вблизи станции Московского метрополитена «Шипиловская» (участок 3),Шипиловская,55.621223,37.74351,85
23,Перехватывающая парковка №9216,вблизи станции Московского метрополитена «Выхино»,Выхино,55.717082,37.82088,280
25,Перехватывающая парковка №9222,вблизи станции Московского метрополитена «Бибирево»,Бибирево,55.883443,37.603404,67
26,Перехватывающая парковка №9224,вблизи станции Московского метрополитена «Ясенево» (участок 1),Ясенево,55.606179,37.533626,64
27,Перехватывающая парковка №9226,вблизи станции Московского метрополитена «Домодедовская» (участок 1),Домодедовская,55.611857,37.718946,133
28,Парковка №9001,Трубная площадь,Трубная,55.766952,37.622699,44
29,Перехватывающая парковка №9225,вблизи станции Московского метрополитена «Ясенево» (участок 2),Ясенево,55.605464,37.533128,72
32,Парковка №9006,Театральная площадь,Театральная,55.759145,37.618041,40
33,Парковка №9002,улица Охотный Ряд,Театральная,55.757897,37.618842,102
34,Парковка №9009,улица Крымский Вал,Парк культуры,55.733623,37.602822,300
35,Парковка №9005,улица Новый Арбат,Арбатская,55.752391,37.586997,88
36,Парковка №9015,улица Новый Арбат,Арбатская,55.752464,37.592931,81
37,Парковка №9066,Рублёвское шоссе,Кунцевская,55.738249,37.434033,63
38,Парковка №9112,Рублёвское шоссе,Кунцевская,55.739269,37.431945,82
39,Парковка №9004,Болотная улица,Новокузнецкая,55.745861,37.622232,44
40,Перехватывающая парковка №9040,вблизи станции Московского метрополитена «Локомотив»,Черкизовская,55.800971,37.741348,80
41,Перехватывающая парковка №9050,вблизи платформы Чухлинка,Стахановская,55.732622,37.763279,52
42,Перехватывающая парковка №9048,улица Борисовские Пруды,Борисово,55.632718,37.743825,35
43,Перехватывающая парковка №9052,вблизи станции Московского метрополитена «Волжская»,Волжская,55.690249,37.755962,54
44,Перехватывающая парковка №9053,Электролитный проезд,Нагорная,55.673086,37.610278,31
45,Перехватывающая парковка №9056,вблизи платформы Толстопальцево,Толстопальцево,55.607496,37.186913,21
46,Перехватывающая парковка №9054,вблизи платформы Внуково,Внуково,55.648641,37.266239,29
48,Перехватывающая парковка №9035,Луганская улица,Царицыно,55.621419,37.66846,60
50,Перехватывающая парковка №9210,вблизи станций Московского метрополитена «Красногвардейская»,Красногвардейская,55.613419,37.739264,475
52,Перехватывающая парковка №9072,вблизи станции Московского метрополитена «Бульвар Рокоссовского»,Бульвар Рокоссовского,55.814829,37.733506,28
53,Парковка №9080,Триумфальная площадь,Маяковская,55.769183,37.594362,25
54,Перехватывающая парковка №9073,напротив дома 17 корпус 1 по Ивантеевской улице,Бульвар Рокоссовского,55.814353,37.734572,62
56,Перехватывающая парковка №9217,вблизи станции Московского метрополитена «Измайловская»,Измайловская,55.787895,37.777417,73
57,Парковка №9070,напротив дома 32 по Сколковскому шоссе ,Молодёжная,55.705352,37.402789,76
58,Парковка №9060,Щелковское шоссе,Щёлковская,55.812608,37.830745,99
59,Парковка №9071,Добровольческая улица,Марксистская,55.743487,37.668622,40
60,Перехватывающая парковка №9064,напротив дома 4 по улице Академика Опарина,Беляево,55.64436,37.503699,127
62,Перехватывающая парковка №9097,Химкинский бульвар,Сходненская,55.851108,37.44044,50
63,Парковка №9507,Слева от главного входа ВДНХ,ВДНХ,55.824171,37.638076,52
64,Парковка №9503,Продольный проезд,ВДНХ,55.82709,37.641462,29
67,Перехватывающая парковка №9062,проспект Вернадского,Юго-Западная,55.664057,37.484347,30
68,Парковка №9069,улица Юности,Рязанский проспект,55.726575,37.804108,316
69,Парковка №9068,Профсоюзная улица,Беляево,55.651949,37.53426,55
70,Перехватывающая парковка №9220,вблизи станции Московского метрополитена «Новокосино»,Новокосино,55.744129,37.855692,267
71,Парковка №9010,Ветошный переулок,Театральная,55.755056,37.621953,17
72,Парковка №9094,Волоколамский проезд,Тушинская,55.826471,37.432742,83
73,Парковка №9088,улица Поликарпова,Беговая,55.779997,37.544934,38
74,Перехватывающая парковка №9082,Ивантеевская улица,Бульвар Рокоссовского,55.816181,37.728753,142
77,Перехватывающая парковка №9087,Хорошевское шоссе,Беговая,55.774951,37.535703,77
78,Парковка №9086,Новочеркасский бульвар,Марьино,55.647651,37.738532,73
79,Перехватывающая парковка №9089,Каспийская улица,Царицыно,55.619927,37.66873,101
80,Парковка №9092,улица Подольских Курсантов,Пражская,55.610296,37.61728,95
81,Парковка №9093,улица Верхние Поля,Братиславская,55.668245,37.767764,225
82,Парковка №9095,Новомещерский проезд,Солнцево,55.662034,37.387326,457
83,Парковка №9096,Славянская площадь,Китай-город,55.753784,37.634195,20
84,Парковка №9511,проспект Мира,ВДНХ,55.825837,37.641403,79
85,Перехватывающая парковка №9101,вблизи станции Московского метрополитена «Филатов луг» ,Филатов Луг,55.601528,37.402976,1225
86,Перехватывающая парковка №9103,вблизи станции Московского Метрополитена «Прокшино» ,Прокшино,55.583846,37.434994,1152
87,Перехватывающая парковка №9102,вблизи станции Московского метрополитена «Новомосковская»,Новомосковская,55.560454,37.471449,408
88,Парковка №9098,Алтуфьевское шоссе,Бибирево,55.887507,37.588815,221
90,Перехватывающая парковка №9106,Дубнинская улица,Дегунино,55.866545,37.571636,90
91,Парковка №9104,2-я Рейсовая улица,Аэропорт Внуково,55.604314,37.293539,129
92,Перехватывающая парковка №9110,Славянский бульвар,Славянский бульвар,55.726124,37.463475,54
93,Парковка №9113,улица Твардовского,Строгино,55.792833,37.392102,98
94,Парковка №9114,улица Новослободская,Савёловская,55.791728,37.591295,102
95,Парковка №9108,улица Выборгская,Водный стадион,55.834845,37.494938,19
96,Парковка №9107,улица Выборгская,Водный стадион,55.834234,37.492714,113
97,Перехватывающая парковка №9109,проспект Вернадского,Проспект Вернадского,55.67766,37.508675,27
98,Перехватывающая парковка №9118,улица Профсоюзная,Тёплый Стан,55.616953,37.503202,190
99,Перехватывающая парковка №9120,бульвар Мячковский,Братиславская,55.657236,37.752359,148
100,Перехватывающая парковка №9121,улица Кировоградская,Пражская,55.609072,37.602941,79
101,Перехватывающая парковка №9122,улица Лобачевского,Аминьевская,55.691793,37.47186,80
102,Перехватывающая парковка №9123,улица Лобачевского,Аминьевская,55.69173,37.474146,47
103,Перехватывающая парковка №9115,вблизи станции Московского метрополитена «Котельники»,Котельники,55.680048,37.848088,56
104,Перехватывающая парковка №9116,вблизи станции Московского метрополитена «Котельники»,Котельники,55.678457,37.851509,210
105,Перехватывающая парковка №9117,вблизи станции Московского метрополитена «Котельники»,Котельники,55.676661,37.855345,153
106,Перехватывающая парковка №9700,ТПУ «Планерная»,Планерная,55.863428,37.434758,284
107,Парковка №9119,улица Каспийская,Царицыно,55.619446,37.667797,34
108,Перехватывающая парковка №9171,Ключевая улица,Алма-Атинская,55.632295,37.764129,160
109,Перехватывающая парковка №9125,вблизи станции Московского метрополитена «Озерная»,Озёрная,55.67214,37.446996,70
110,Перехватывающая парковка №9128,вблизи станции Московского метрополитена «Рассказовка» ,Рассказовка,55.633741,37.33584,42
111,Перехватывающая  парковка №9126,вблизи станции Московского метрополитена «Рассказовка»,Рассказовка,55.632186,37.329872,168
112,Перехватывающая парковка №9129,вблизи станции Московского метрополитена «Говорово»,Говорово,55.658933,37.41261,80
113,Перехватывающая парковка №9130,вблизи станции Московского центрального кольца «Соколиная Гора»,Соколиная Гора,55.769558,37.747747,34
114,Перехватывающая парковка №9131,вблизи станции Московского центрального кольца «Измайлово» (участок 1),Измайлово,55.789528,37.743976,82
115,Перехватывающая парковка №9132,вблизи станции Московского центрального кольца «Измайлово» (участок 2),Измайлово,55.787685,37.744381,225
116,Перехватывающая парковка №9134,вблизи станции Московского метрополитена «Новокосино»,Новокосино,55.744788,37.85989,124
117,Перехватывающая парковка №9135,вблизи станции Московского метрополитена «Новокосино»,Новокосино,55.744158,37.860668,134
118,Перехватывающая парковка №9137,вблизи станции Московского центрального диаметра «Лианозово»,Лианозово,55.89697,37.556468,151
120,Перехватывающая парковка №9124,улица Профсоюзная,Тёплый стан,55.618224,37.504612,11
121,Перехватывающая парковка №9139,"вблизи станции Московского метрополитена «Пятницкое шоссе» (Пятницкое шоссе, владение 54-56)",Пятницкое шоссе,55.860666,37.349128,150
122,Перехватывающая парковка №9140,улица Профсоюзная,Тёплый стан,55.62201,37.509272,89
123,Перехватывающая парковка №9166,улица Грекова,Медведково,55.890558,37.661712,163
124,Перехватывающая парковка №9204,вблизи станций Московского метрополитена «Зябликово»,Зябликово,55.611993,37.745338,74
125,Перехватывающая парковка №9145,Кировоградская улица,Южная,55.62164,37.613623,83
126,Парковка №9168,улица Краснопрудная (площадь Ярославского вокзала),Комсомольская,55.776934,37.658488,57
127,Парковка №9167,улица Новорязанская (площадь Казанского вокзала),Комсомольская,55.77266,37.658864,96
128,Перехватывающая парковка №9144,улица Люблинская,Марьино,55.650245,37.744711,31
129,Перехватывающая парковка №9146,вблизи ж/д станции «Мещерская»,Говорово,55.667419,37.424841,125
130,Перехватывающая парковка №9147,улица Беломорская,Беломорская,55.863318,37.469368,76
131,Перехватывающая парковка №9142,Измайловский проспект,Измайловская,55.788297,37.790043,158
132,Перехватывающая парковка №9143,Суздальская улица,Новокосино,55.745483,37.868208,240
133,Перехватывающая парковка №9148,улица Миклухо-Маклая,Беляево,55.639492,37.535994,70
134,Парковка №9149,Смоленский бульвар,Парк культуры,55.740962,37.583031,13
135,Перехватывающая парковка №9169,улица Миклухо-Маклая,Беляево,55.639999,37.534245,42
137,Парковка №9170,Новомещерский проезд,Солнцево,55.659723,37.379542,967
138,Перехватывающая парковка №9177,Пятницкое шоссе,Пятницкое шоссе,55.858348,37.356433,87
139,Перехватывающая парковка №9172,Зеленый проспект,Перово,55.750969,37.789715,45
140,Перехватывающая парковка №9173,улица Хлобыстова,Выхино,55.712851,37.820858,106
141,Перехватывающая парковка №9174,мкр. Северное Чертаново,Чертановская,55.638587,37.604114,187
142,Перехватывающая парковка №9175,улица Дыбенко,Ховрино,55.879267,37.481019,57
143,Перехватывающая парковка №9179,улица Енисейская,Бабушкинская,55.872799,37.665387,83
144,Перехватывающая парковка №9192,"вблизи станций Московского метрополитена «Черкизовская» и «Локомотив», уч. 1 (ТПУ «Черкизово»; «Северо-Восточная хорда. Участок от Щелковского шоссе до Открытого Шоссе»)",Локомотив,55.80441,37.748234,63
145,Перехватывающая парковка №9193,"вблизи станций Московского метрополитена «Черкизовская» и «Локомотив», уч. 2 (ТПУ «Черкизово»; «Северо-Восточная хорда. Участок от Щелковского шоссе до Открытого Шоссе»)",Черкизовская,55.805505,37.748151,176
146,Перехватывающая парковка №9194,"вблизи станций Московского метрополитена «Черкизовская» и «Локомотив», уч. 3 (ТПУ «Черкизово»; «Северо-Восточная хорда. Участок от Щелковского шоссе до Открытого Шоссе»)",Черкизовская,55.806081,37.748126,36
147,Перехватывающая парковка №9181,Минская улица,Минская,55.72261,37.500399,104
148,Перехватывающая парковка №9182,"вблизи станции метро и Московского центрального кольца «Владыкино» (Сигнальный пр., вл. 9)",Владыкино,55.849048,37.588751,85
149,Перехватывающая парковка №9183,"вблизи станции Московского центрального кольца «Хорошево» (проспект Маршала Жукова, вл. 2)",Хорошёво,55.777283,37.506212,43
150,Перехватывающая парковка №9184,Винницкая улица,Раменки,55.699686,37.492964,117
151,Парковка №9185,Винницкая улица,Раменки,55.700264,37.491098,46
152,Перехватывающая парковка №9186,Ленинградское шоссе,Балтийская,55.823265,37.492091,56
153,Перехватывающая парковка №9301,Кировоградская улица,Пражская,55.614297,37.605535,199
154,Перехватывающая парковка №9302,Кировоградская улица,Пражская,55.615193,37.60769,143
155,Перехватывающая парковка №9303,Кировоградская улица,Пражская,55.614329,37.607924,130
156,Перехватывающая парковка №9188,Люблинская улица,Марьино,55.644892,37.746699,97
157,Парковка №9197,Бескудниковский бульвар,Яхромская,55.873611,37.535666,87
158,Парковка №9198,улица Поклонная,Парк Победы,55.734037,37.523134,143
159,Перехватывающая парковка №9016,ТПУ «Некрасовка» (вблизи Дворца спорта «Некрасовка»),Некрасовка,55.703118,37.928966,106
160,Перехватывающая парковка №9017,Дмитровское шоссе,Физтех,55.922852,37.544248,223
161,Перехватывающая парковка №9189,ТПУ «Кокошкино»,Кокошкино,55.600259,37.171128,44
162,Перехватывающая парковка №9008,Рублевское шоссе,Крылатское,55.753584,37.406636,69
163,Перехватывающая парковка №9007,улица Профсоюзная,Калужская,55.656585,37.54368,62
164,Перехватывающая парковка №9011,проезд Стратонавтов,Тушинская,55.827744,37.436135,76
165,Перехватывающая парковка №9013,вблизи станции МЦД «Остафьево»,Остафьево,55.48774,37.553112,162
166,Перехватывающая парковка №9014,Берингов проезд,Свиблово,55.857545,37.657511,109
167,Парковка №9032,улица Тестовская,Москва-Сити,55.749081,37.532865,45
168,Перехватывающая парковка №9042,вблизи станции Московского центрального кольца «Коптево» (пересечение Михалковской улицы и Пакгаузного шоссе),Коптево,55.841321,37.522128,138
277201,Перехватывающая парковка №9237,вблизи станции «Новогиреево» центрального диаметра Московской железной дороги МЦД-4 (пересечение Свободного пр-кта  и ул. Фрязевская),Новогиреево,55.74446,37.814837,68
411596,Перехватывающая парковка №9902,"ТПУ «Электрозаводская» (г. Москва,  наб. Семеновская,  соор. 3, стр. 4)",Электрозаводская,55.780383,37.702981,57
1433906,Перехватывающая парковка №9238,Большая Черкизовская улица,Черкизовская,55.801128,37.743435,114
1433908,Парковка №9241,Ореховый бульвар,Красногвардейская,55.612765,37.739743,365
1458192,Парковка №9269,улица Клары Цеткин,,55.817988,37.519739,74
1465800,Парковка №9232,улица Академика Янгеля,Улица Академика Янгеля,55.59591,37.6022,50
1465801,Перехватывающая парковка №9233,улица Академика Янгеля,Академика Янгеля,55.594425,37.601604,56
1581307,Парковка №9000,Ореховый бульвар,Красногвардейская,55.61746,37.761633,151
1757968,Парковка №9240,Часовая улица,,55.808729,37.528334,35
1905059,Парковка №9268,Новая площадь,,55.75789,37.626394,3
2139307,Парковка №9243,улица Братиславская,,55.662772,37.752776,87
2139308,Парковка №9244,улица Братиславская,,55.661662,37.752113,52
2139310,Парковка №9242,улица Академика Анохина,,55.663144,37.472828,57
2141845,Парковка №9199,"вблизи станции метро «Говорово» (улично-дорожная сеть к транспортно-пересадочному узлу «Терешково», включая проезд от улицы 50 лет Октября до улицы Татьянин парк)",,55.658733,37.415073,40
2156750,Парковка №9245,"улица Жигулевская, дом 18 (улица Жигулевская, напротив дома 18)",,55.708247,37.765126,55
2156969,Парковка №9248,"улица Азовская, дом 24 (улица Азовская, владение 24)",,55.647307,37.597139,62
2427999,Перехватывающая парковка №9230,Электродный проезд,Шоссе Энтузиастов,55.759858,37.753353,39
2428209,Парковка №9246,Шоссе Энтузиастов,,55.763463,37.770612,257
2466416,Парковка №9236,Ленинградское шоссе,,55.840007,37.480876,86
2466417,Парковка №9235,Ленинградское шоссе,,55.838533,37.482019,74
3227224,Перехватывающая парковка №9900,"Вблизи станции Московского метрополитена «Ховрино» (улица Зеленоградская, дом 24)",,55.877875,37.488174,224
