month,transport,passengers
2019-01,Автобус,93017249
2019-01,Московский метрополитен,185698294
2019-01,Московское центральное кольцо,7227364
2019-01,Трамвай,16851856
2019-01,Троллейбус,13241379
2019-01,Электробус,472840
2019-02,Автобус,100185579
2019-02,Московский метрополитен,195593495
2019-02,Московское центральное кольцо,8076174
2019-02,Трамвай,18239165
2019-02,Троллейбус,14286051
2019-02,Электробус,610208
2019-03,Автобус,110009277
2019-03,Московский метрополитен,214547007
2019-03,Московское центральное кольцо,8818578
2019-03,Трамвай,20424685
2019-03,Троллейбус,15687851
2019-03,Электробус,815606
2019-04,Автобус,110482817
2019-04,Московский метрополитен,220410081
2019-04,Московское центральное кольцо,9781828
2019-04,Трамвай,21283179
2019-04,Троллейбус,15965669
2019-04,Электробус,1097579
2019-05,Автобус,94875343
2019-05,Московский метрополитен,197948203
2019-05,Московское центральное кольцо,8812786
2019-05,Трамвай,18087776
2019-05,Троллейбус,12967938
2019-05,Электробус,1238825
2019-06,Автобус,88137415
2019-06,Московский метрополитен,192981422
2019-06,Московское центральное кольцо,8546506
2019-06,Трамвай,17135891
2019-06,Троллейбус,11446340
2019-06,Электробус,1533879
2019-07,Автобус,89660196
2019-07,Московский метрополитен,195544540
2019-07,Московское центральное кольцо,8706549
2019-07,Трамвай,16504299
2019-07,Троллейбус,11375844
2019-07,Электробус,1978336
2019-08,Автобус,90775741
2019-08,Московский метрополитен,190712759
2019-08,Московское центральное кольцо,8448720
2019-08,Трамвай,14683203
2019-08,Троллейбус,11145117
2019-08,Электробус,2351887
2019-09,Автобус,101764004
2019-09,Московский метрополитен,208873418
2019-09,Московское центральное кольцо,9159090
2019-09,Трамвай,16780913
2019-09,Троллейбус,12024176
2019-09,Электробус,2873189
2019-10,Автобус,115523924
2019-10,Московский метрополитен,230903176
2019-10,Московское центральное кольцо,10737375
2019-10,Трамвай,17309875
2019-10,Троллейбус,13084215
2019-10,Электробус,3560079
2019-11,Автобус,107896747
2019-11,Московский метрополитен,215330844
2019-11,Московское центральное кольцо,9976792
2019-11,Трамвай,15940706
2019-11,Троллейбус,11910326
2019-11,Электробус,3514314
2019-12,Автобус,111678804
2019-12,Московский метрополитен,229860660
2019-12,Московское центральное кольцо,10280834
2019-12,Трамвай,19549852
2019-12,Троллейбус,11904727
2019-12,Электробус,4125488
2020-01,Автобус,95275251
2020-01,Московский метрополитен,190424560
2020-01,Московское центральное кольцо,8433745
2020-01,Трамвай,17002406
2020-01,Троллейбус,10454893
2020-01,Электробус,3632911
2020-02,Автобус,101341914
2020-02,Московский метрополитен,198480020
2020-02,Московское центральное кольцо,9223993
2020-02,Трамвай,18362856
2020-02,Троллейбус,10850174
2020-02,Электробус,4099227
2020-03,Автобус,87027384
2020-03,Московский метрополитен,162977376
2020-03,Московское центральное кольцо,8091998
2020-03,Трамвай,15285872
2020-03,Троллейбус,8906801
2020-03,Электробус,3789628
2020-04,Автобус,18960075
2020-04,Московский метрополитен,30968842
2020-04,Московское центральное кольцо,1788106
2020-04,Трамвай,3132020
2020-04,Троллейбус,1879416
2020-04,Электробус,825417
2020-05,Автобус,20769651
2020-05,Московский метрополитен,37153302
2020-05,Московское центральное кольцо,2284636
2020-05,Трамвай,3533469
2020-05,Троллейбус,1889547
2020-05,Электробус,1050792
2020-06,Автобус,47718968
2020-06,Московский метрополитен,91282773
2020-06,Московское центральное кольцо,5232851
2020-06,Трамвай,8401189
2020-06,Троллейбус,3010060
2020-06,Электробус,2514830
2020-07,Автобус,67447216
2020-07,Московский метрополитен,132697511
2020-07,Московское центральное кольцо,7463215
2020-07,Трамвай,11212783
2020-07,Троллейбус,3556287
2020-07,Электробус,3867693
2020-08,Автобус,71283709
2020-08,Московский метрополитен,140630624
2020-08,Московское центральное кольцо,7975840
2020-08,Трамвай,12670171
2020-08,Троллейбус,2047449
2020-08,Электробус,4461827
2020-09,Автобус,85028922
2020-09,Московский метрополитен,165626822
2020-09,Московское центральное кольцо,9316246
2020-09,Трамвай,15788584
2020-09,Троллейбус,11271
2020-09,Электробус,5709898
2020-10,Автобус,70632248
2020-10,Московский метрополитен,146054106
2020-10,Московское центральное кольцо,8440819
2020-10,Трамвай,10237557
2020-10,Троллейбус,4174
2020-10,Электробус,4823143
2020-11,Автобус,61016582
2020-11,Московский метрополитен,126327859
2020-11,Московское центральное кольцо,7246957
2020-11,Трамвай,8754029
2020-11,Троллейбус,5115
2020-11,Электробус,4180157
2020-12,Автобус,64720311
2020-12,Московский метрополитен,139290419
2020-12,Московское центральное кольцо,7919772
2020-12,Трамвай,9871095
2020-12,Троллейбус,3641
2020-12,Электробус,4653367
2021-01,Автобус,53745456
2021-01,Московский метрополитен,117110706
2021-01,Московское центральное кольцо,6434151
2021-01,Трамвай,8114171
2021-01,Троллейбус,3348
2021-01,Электробус,3966752
2021-02,Автобус,63602033
2021-02,Московский метрополитен,140480567
2021-02,Московское центральное кольцо,7684030
2021-02,Трамвай,9620990
2021-02,Троллейбус,3789
2021-02,Электробус,4945335
2021-03,Автобус,86075640
2021-03,Московский метрополитен,171908954
2021-03,Московское центральное кольцо,9521215
2021-03,Трамвай,12990137
2021-03,Троллейбус,6324
2021-03,Электробус,6823693
2021-04,Автобус,88163052
2021-04,Московский метрополитен,176388183
2021-04,Московское центральное кольцо,9930171
2021-04,Трамвай,14376953
2021-04,Троллейбус,5918
2021-04,Электробус,7455515
2021-05,Автобус,72165204
2021-05,Московский метрополитен,155833746
2021-05,Московское центральное кольцо,8934836
2021-05,Трамвай,13654377
2021-05,Троллейбус,6249
2021-05,Электробус,6427336
2021-06,Автобус,68206447
2021-06,Московский метрополитен,153206515
2021-06,Московское центральное кольцо,9002631
2021-06,Трамвай,13082360
2021-06,Троллейбус,4544
2021-06,Электробус,6443459
2021-07,Автобус,62848228
2021-07,Московский метрополитен,143543961
2021-07,Московское центральное кольцо,8734736
2021-07,Трамвай,11735376
2021-07,Троллейбус,5375
2021-07,Электробус,6779398
2021-08,Автобус,66343743
2021-08,Московский метрополитен,152691660
2021-08,Московское центральное кольцо,9106638
2021-08,Трамвай,11558217
2021-08,Троллейбус,5388
2021-08,Электробус,7722428
2021-09,Автобус,75659511
2021-09,Московский метрополитен,174228767
2021-09,Московское центральное кольцо,10263802
2021-09,Трамвай,13689250
2021-09,Троллейбус,4911
2021-09,Электробус,9098291
2021-10,Автобус,77583528
2021-10,Московский метрополитен,174362919
2021-10,Московское центральное кольцо,10287091
2021-10,Трамвай,13659168
2021-10,Троллейбус,4667
2021-10,Электробус,9330775
2021-11,Автобус,67413502
2021-11,Московский метрополитен,153748864
2021-11,Московское центральное кольцо,9141398
2021-11,Трамвай,12066231
2021-11,Троллейбус,5605
2021-11,Электробус,8178655
2021-12,Автобус,73918741
2021-12,Московский метрополитен,187120649
2021-12,Московское центральное кольцо,10399351
2021-12,Трамвай,14104652
2021-12,Троллейбус,6467
2021-12,Электробус,9046186
2022-01,Автобус,59364162
2022-01,Московский метрополитен,142658611
2022-01,Московское центральное кольцо,7681798
2022-01,Трамвай,10918035
2022-01,Троллейбус,4577
2022-01,Электробус,7189045
2022-02,Автобус,63917701
2022-02,Московский метрополитен,148920373
2022-02,Московское центральное кольцо,8189925
2022-02,Трамвай,11850474
2022-02,Троллейбус,4288
2022-02,Электробус,7979050
2022-03,Автобус,80917573
2022-03,Московский метрополитен,186258565
2022-03,Московское центральное кольцо,10414015
2022-03,Трамвай,15143737
2022-03,Троллейбус,5356
2022-03,Электробус,10285547
2022-04,Автобус,79354867
2022-04,Московский метрополитен,181107491
2022-04,Московское центральное кольцо,10155687
2022-04,Трамвай,14714368
2022-04,Электробус,10286813
2022-05,Автобус,71600792
2022-05,Московский метрополитен,171024148
2022-05,Московское центральное кольцо,9637620
2022-05,Трамвай,12680296
2022-05,Электробус,9290117
2022-06,Автобус,71251474
2022-06,Московский метрополитен,178147631
2022-06,Московское центральное кольцо,10238476
2022-06,Трамвай,12355262
2022-06,Электробус,9383242
2022-07,Автобус,65526491
2022-07,Московский метрополитен,164627020
2022-07,Московское центральное кольцо,9509607
2022-07,Трамвай,10373538
2022-07,Электробус,8749035
2022-08,Автобус,67510139
2022-08,Московский метрополитен,166304946
2022-08,Московское центральное кольцо,9626389
2022-08,Трамвай,10682660
2022-08,Электробус,9224035
2022-09,Автобус,76520857
2022-09,Московский метрополитен,183159860
2022-09,Московское центральное кольцо,10412017
2022-09,Трамвай,12833097
2022-09,Электробус,10697681
2022-10,Автобус,81671619
2022-10,Московский метрополитен,184305526
2022-10,Московское центральное кольцо,10385818
2022-10,Трамвай,13551334
2022-10,Электробус,11553998
2022-11,Автобус,79071741
2022-11,Московский метрополитен,178357666
2022-11,Московское центральное кольцо,10425247
2022-11,Трамвай,13423940
2022-11,Электробус,11280527
2022-12,Автобус,80331030
2022-12,Московский метрополитен,185600889
2022-12,Московское центральное кольцо,10609368
2022-12,Трамвай,13759655
2022-12,Электробус,11470406
2023-01,Автобус,68373364
2023-01,Московский метрополитен,153954763
2023-01,Московское центральное кольцо,8639362
2023-01,Трамвай,11521891
2023-01,Электробус,9661201
2023-02,Автобус,71087632
2023-02,Московский метрополитен,157554035
2023-02,Московское центральное кольцо,9162294
2023-02,Трамвай,12402640
2023-02,Электробус,10080845
2023-03,Автобус,84816472
2023-03,Московский метрополитен,191019289
2023-03,Московское центральное кольцо,10580664
2023-03,Трамвай,15106341
2023-03,Электробус,12043851
2023-04,Автобус,80802741
2023-04,Московский метрополитен,185367938
2023-04,Московское центральное кольцо,10131742
2023-04,Трамвай,14658525
2023-04,Электробус,11815062
2023-05,Автобус,76790911
2023-05,Московский метрополитен,182834735
2023-05,Московское центральное кольцо,10156334
2023-05,Трамвай,13789826
2023-05,Электробус,10904093
2023-06,Автобус,73253331
2023-06,Московский метрополитен,179465789
2023-06,Московское центральное кольцо,9807073
2023-06,Трамвай,12837893
2023-06,Электробус,10211779
2023-07,Автобус,68398612
2023-07,Московский метрополитен,168481855
2023-07,Московское центральное кольцо,9196980
2023-07,Трамвай,11372091
2023-07,Электробус,9684212
2023-08,Автобус,71560776
2023-08,Московский метрополитен,173727680
2023-08,Московское центральное кольцо,9686293
2023-08,Трамвай,12036829
2023-08,Электробус,10622492
2023-09,Автобус,79832992
2023-09,Московский метрополитен,189321653
2023-09,Московское центральное кольцо,10513578
2023-09,Трамвай,14297423
2023-09,Электробус,12093262
2023-10,Автобус,85567633
2023-10,Московский метрополитен,196942195
2023-10,Московское центральное кольцо,10631877
2023-10,Трамвай,15551262
2023-10,Электробус,13207610
2023-11,Автобус,84690744
2023-11,Московский метрополитен,193186782
2023-11,Московское центральное кольцо,10323984
2023-11,Трамвай,15833268
2023-11,Электробус,13131644
2023-12,Автобус,85049712
2023-12,Московский метрополитен,197730111
2023-12,Московское центральное кольцо,10036206
2023-12,Трамвай,15953940
2023-12,Электробус,13681003
2024-01,Автобус,72998241
2024-01,Московский метрополитен,167937736
2024-01,Московское центральное кольцо,8542237
2024-01,Трамвай,13925842
2024-01,Электробус,11569243
2024-02,Автобус,82328184
2024-02,Московский метрополитен,184532666
2024-02,Московское центральное кольцо,9515057
2024-02,Трамвай,15699092
2024-02,Электробус,13168517
2024-03,Автобус,89769033
2024-03,Московский метрополитен,194238974
2024-03,Московское центральное кольцо,10134800
2024-03,Трамвай,17321179
2024-03,Электробус,14908004
2024-04,Автобус,87430540
2024-04,Московский метрополитен,193694860
2024-04,Московское центральное кольцо,10425323
2024-04,Трамвай,17381517
2024-04,Электробус,15622663
2024-05,Автобус,78222622
2024-05,Московский метрополитен,188650828
2024-05,Московское центральное кольцо,10211843
2024-05,Трамвай,16568028
2024-05,Электробус,15427054
2024-06,Автобус,69521289
2024-06,Московский метрополитен,179103407
2024-06,Московское центральное кольцо,9868160
2024-06,Трамвай,15029397
2024-06,Электробус,14999549
2024-07,Автобус,66376254
2024-07,Московский метрополитен,176362954
2024-07,Московское центральное кольцо,10237087
2024-07,Трамвай,14609556
2024-07,Электробус,16139069
2024-08,Автобус,66417956
2024-08,Московский метрополитен,174861878
2024-08,Московское центральное кольцо,10113857
2024-08,Трамвай,14442610
2024-08,Электробус,16862112
2024-09,Автобус,72967078
2024-09,Московский метрополитен,190948549
2024-09,Московское центральное кольцо,10888768
2024-09,Трамвай,16623958
2024-09,Электробус,19394875
2024-10,Автобус,80817416
2024-10,Московский метрополитен,206664134
2024-10,Московское центральное кольцо,11579062
2024-10,Трамвай,18269321
2024-10,Электробус,22523368
2024-11,Автобус,79060494
2024-11,Московский метрополитен,195405688
2024-11,Московское центральное кольцо,10765672
2024-11,Трамвай,17379414
2024-11,Электробус,23116380
2024-12,Автобус,81184088
2024-12,Московский метрополитен,205402997
2024-12,Московское центральное кольцо,10797018
2024-12,Трамвай,19289332
2024-12,Электробус,23904777
2025-01,Автобус,70569398
2025-01,Московский метрополитен,17267643
2025-01,Московское центральное кольцо,9039397
2025-01,Трамвай,16264325
2025-01,Электробус,20883482
2025-02,Автобус,74023674
2025-02,Московский метрополитен,178713189
2025-02,Московское центральное кольцо,9637845
2025-02,Трамвай,17486864
2025-02,Электробус,21993279
2025-03,Автобус,81820120
2025-03,Московский метрополитен,200450272
2025-03,Московское центральное кольцо,10969121
2025-03,Трамвай,19734883
2025-03,Электробус,25497115
2025-04,Автобус,79718349
2025-04,Московский метрополитен,197204991
2025-04,Московское центральное кольцо,10554707
2025-04,Трамвай,19077339
2025-04,Электробус,25988593
2025-05,Автобус,71063855
2025-05,Московский метрополитен,182532573
2025-05,Московское центральное кольцо,10000275
2025-05,Трамвай,17250848
2025-05,Электробус,23182935
2025-06,Автобус,65036026
2025-06,Московский метрополитен,177885859
2025-06,Московское центральное кольцо,9850407
2025-06,Трамвай,15659056
2025-06,Электробус,21926471
2025-07,Автобус,63277073
2025-07,Московский метрополитен,177672720
2025-07,Московское центральное кольцо,9838160
2025-07,Трамвай,15335170
2025-07,Электробус,22436712
2025-08,Автобус,62263195
2025-08,Московский метрополитен,170809437
2025-08,Московское центральное кольцо,9059168
2025-08,Трамвай,15196860
2025-08,Электробус,22564673
2025-09,Автобус,72364500
2025-09,Московский метрополитен,201332013
2025-09,Московское центральное кольцо,10441376
2025-09,Трамвай,18649328
2025-09,Электробус,26494172
2025-10,Автобус,78379830
2025-10,Московский метрополитен,210666355
2025-10,Московское центральное кольцо,11392904
2025-10,Трамвай,20392037
2025-10,Электробус,29435637
2025-11,Автобус,73050653
2025-11,Московский метрополитен,192780375
2025-11,Московское центральное кольцо,10018050
2025-11,Трамвай,19342888
2025-11,Электробус,28160995
2025-12,Автобус,77607878
2025-12,Московский метрополитен,209951617
2025-12,Московское центральное кольцо,10666968
2025-12,Трамвай,21255322
2025-12,Электробус,30527828
2026-01,Автобус,64922675
2026-01,Московский метрополитен,172404849
2026-01,Московское центральное кольцо,8538737
2026-01,Трамвай,16118642
2026-01,Электробус,24340957
2026-02,Автобус,70296241
2026-02,Московский метрополитен,181850434
2026-02,Московское центральное кольцо,8344357
2026-02,Трамвай,17604691
2026-02,Электробус,24848926
2026-03,Автобус,80398776
2026-03,Московский метрополитен,207575896
2026-03,Московское центральное кольцо,10316047
2026-03,Трамвай,21630268
2026-03,Электробус,33231377
2026-04,Автобус,76935678
2026-04,Московский метрополитен,199897393
2026-04,Московское центральное кольцо,10040678
2026-04,Трамвай,20796660
2026-04,Электробус,34104397
2026-05,Автобус,69960041
2026-05,Московский метрополитен,192677181
2026-05,Московское центральное кольцо,9983621
2026-05,Трамвай,19587373
2026-05,Электробус,32371814
2026-06,Автобус,68690425
2026-06,Московский метрополитен,189830415
2026-06,Московское центральное кольцо,10067664
2026-06,Трамвай,18920515
2026-06,Электробус,31190093
2026-07,Автобус,65491829
2026-07,Московский метрополитен,182812576
2026-07,Московское центральное кольцо,9884734
2026-07,Трамвай,17766253
2026-07,Электробус,30751683
2026-08,Автобус,64734149
2026-08,Московский метрополитен,179670089
2026-08,Московское центральное кольцо,9992853
2026-08,Трамвай,17686376
2026-08,Электробус,31336477
