benchmark,config,offered_rps,served_rps,p50_ms,p95_ms,p99_ms,max_ms,errors,cpu_pct,rss_mb,request,rows_to_model,model_call_ms,duration_s,hardware,notes
load_test_api,2 vCPU,500,500,1.02,6.93,12.06,82.5,0,34,24,"микс диспетчера, ~540 строк модели на запрос",,,12,"Linux arm64 VM (Ubuntu 22.04) на Apple Silicon, 4 vCPU, 3.9 ГБ RAM","сервис на ядрах 0-1, генератор на ядрах 2-3"
load_test_api,2 vCPU,1000,1000,0.81,5.46,7.69,64.8,0,51,25,"микс диспетчера, ~540 строк модели на запрос",,,12,"Linux arm64 VM (Ubuntu 22.04) на Apple Silicon, 4 vCPU, 3.9 ГБ RAM","сервис на ядрах 0-1, генератор на ядрах 2-3"
load_test_api,2 vCPU,1500,1499,0.90,8.31,25.60,100.0,0,86,33,"микс диспетчера, ~540 строк модели на запрос",,,12,"Linux arm64 VM (Ubuntu 22.04) на Apple Silicon, 4 vCPU, 3.9 ГБ RAM","сервис на ядрах 0-1, генератор на ядрах 2-3"
load_test_api,2 vCPU,2000,1999,0.89,7.04,11.81,41.1,0,102,28,"микс диспетчера, ~540 строк модели на запрос",,,12,"Linux arm64 VM (Ubuntu 22.04) на Apple Silicon, 4 vCPU, 3.9 ГБ RAM","сервис на ядрах 0-1, генератор на ядрах 2-3"
load_test_api,2 vCPU,2500,2499,1.00,8.99,16.40,58.4,0,125,29,"микс диспетчера, ~540 строк модели на запрос",,,12,"Linux arm64 VM (Ubuntu 22.04) на Apple Silicon, 4 vCPU, 3.9 ГБ RAM","сервис на ядрах 0-1, генератор на ядрах 2-3"
load_test_api,2 vCPU,3000,3000,1.35,19.35,47.32,244.0,0,149,48,"микс диспетчера, ~540 строк модели на запрос",,,12,"Linux arm64 VM (Ubuntu 22.04) на Apple Silicon, 4 vCPU, 3.9 ГБ RAM","сервис на ядрах 0-1, генератор на ядрах 2-3"
load_test_api,2 vCPU,3500,3499,3.23,86.78,155.01,453.2,0,171,74,"микс диспетчера, ~540 строк модели на запрос",,,12,"Linux arm64 VM (Ubuntu 22.04) на Apple Silicon, 4 vCPU, 3.9 ГБ RAM","сервис на ядрах 0-1, генератор на ядрах 2-3"
load_test_api,2 vCPU,4000,3998,21.77,226.24,363.31,921.5,0,192,72,"микс диспетчера, ~540 строк модели на запрос",,,12,"Linux arm64 VM (Ubuntu 22.04) на Apple Silicon, 4 vCPU, 3.9 ГБ RAM","сервис на ядрах 0-1, генератор на ядрах 2-3"
load_test_api,2 vCPU,4500,4222,343.08,787.51,963.12,1495.0,0,195,97,"микс диспетчера, ~540 строк модели на запрос",,,12,"Linux arm64 VM (Ubuntu 22.04) на Apple Silicon, 4 vCPU, 3.9 ГБ RAM","сервис на ядрах 0-1, генератор на ядрах 2-3"
load_test_api,2 vCPU,5000,3930,1729.52,3105.74,3279.61,3766.1,0,196,91,"микс диспетчера, ~540 строк модели на запрос",,,12,"Linux arm64 VM (Ubuntu 22.04) на Apple Silicon, 4 vCPU, 3.9 ГБ RAM","сервис на ядрах 0-1, генератор на ядрах 2-3"
load_test_api,4 vCPU,1000,1000,0.80,1.82,7.20,12.6,0,50,24,"микс диспетчера, ~540 строк модели на запрос",,,12,"Linux arm64 VM (Ubuntu 22.04) на Apple Silicon, 4 vCPU, 3.9 ГБ RAM","генератор делит ядра с сервисом, цифры занижены"
load_test_api,4 vCPU,2000,2000,0.77,7.11,33.74,140.1,0,120,34,"микс диспетчера, ~540 строк модели на запрос",,,12,"Linux arm64 VM (Ubuntu 22.04) на Apple Silicon, 4 vCPU, 3.9 ГБ RAM","генератор делит ядра с сервисом, цифры занижены"
load_test_api,4 vCPU,3000,2999,0.79,7.42,45.02,138.7,0,166,46,"микс диспетчера, ~540 строк модели на запрос",,,12,"Linux arm64 VM (Ubuntu 22.04) на Apple Silicon, 4 vCPU, 3.9 ГБ RAM","генератор делит ядра с сервисом, цифры занижены"
load_test_api,4 vCPU,4000,3999,0.81,6.72,12.13,94.1,0,202,38,"микс диспетчера, ~540 строк модели на запрос",,,12,"Linux arm64 VM (Ubuntu 22.04) на Apple Silicon, 4 vCPU, 3.9 ГБ RAM","генератор делит ядра с сервисом, цифры занижены"
load_test_api,4 vCPU,5000,4982,1.70,30.65,149.10,354.7,0,286,63,"микс диспетчера, ~540 строк модели на запрос",,,12,"Linux arm64 VM (Ubuntu 22.04) на Apple Silicon, 4 vCPU, 3.9 ГБ RAM","генератор делит ядра с сервисом, цифры занижены"
load_test_api,4 vCPU,6000,5894,31.77,455.92,689.61,1514.1,0,355,128,"микс диспетчера, ~540 строк модели на запрос",,,12,"Linux arm64 VM (Ubuntu 22.04) на Apple Silicon, 4 vCPU, 3.9 ГБ RAM","генератор делит ядра с сервисом, цифры занижены"
load_test_api,4 vCPU,7000,5351,1821.99,3559.38,3789.91,4528.0,0,356,116,"микс диспетчера, ~540 строк модели на запрос",,,12,"Linux arm64 VM (Ubuntu 22.04) на Apple Silicon, 4 vCPU, 3.9 ГБ RAM","генератор делит ядра с сервисом, цифры занижены"
model_call,1 ядро,,,,,,,,,,"маршрут, день, по часам",24,0.065,,"Linux x86_64, Intel Xeon 2.8 GHz","вызов CatBoost cyclic без HTTP, среднее по повторам"
model_call,1 ядро,,,,,,,,,,"все маршруты, день, по часам",240,0.178,,"Linux x86_64, Intel Xeon 2.8 GHz","вызов CatBoost cyclic без HTTP, среднее по повторам"
model_call,1 ядро,,,,,,,,,,"маршрут, 30 дней",720,0.541,,"Linux x86_64, Intel Xeon 2.8 GHz","вызов CatBoost cyclic без HTTP, среднее по повторам"
model_call,1 ядро,,,,,,,,,,"все маршруты, 31 день, по часам",7440,4.924,,"Linux x86_64, Intel Xeon 2.8 GHz","вызов CatBoost cyclic без HTTP, среднее по повторам"
model_call,1 ядро,,,,,,,,,,вся сетка ноябрь-декабрь,14640,11.0,,"Linux x86_64, Intel Xeon 2.8 GHz","вызов CatBoost cyclic без HTTP, среднее по повторам"
