location,month,temp_max_c,temp_min_c,wind_speed_ms,wind_gust_ms,snow_depth_cm,uv_index
Москва,2024-01,2,-28,2,14,33.1,2
Москва,2024-02,4,-22,3,12,53.6,3
Москва,2024-03,16,-12,2,10,37,5
Москва,2024-04,23,-2,3,17,0.5,6
Москва,2024-05,29,-2,2,14,0.5,8
Москва,2024-06,30,10,2,14,0,7
Москва,2024-07,32,11,2,12,0,8
Москва,2024-08,29,8,2,10,0,7
Москва,2024-09,29,0,1,12,0,6
Москва,2024-10,22,-3,2,10,0.5,3
Москва,2024-11,10,-5,2,14,1.9,1
Москва,2024-12,3,-18,1,11,11,0
Москва,2025-01,8,-7,1,12,3.7,0
Москва,2025-02,5,-13,1,8,1.6,1
Москва,2025-03,16,-5,1,16,0.5,2
Москва,2025-04,26,-3,1,12,2.3,4
Москва,2025-05,30,1,1,11,0.5,5
Москва,2025-06,28,10,1,10,0,5
Москва,2025-07,35,12,1,11,0,5
Москва,2025-08,30,9,1,10,0,4
Москва,2025-09,27,3,1,9,0,3
Москва,2025-10,16,2,1,9,0,1
Москва,2025-11,11,-4,1,11,0.5,0
Москва,2025-12,6,-16,1,15,2.8,0
Клин,2024-01,2,-30,2,15,34.3,2
Клин,2024-02,4,-22,3,12,41.4,2
Клин,2024-03,15,-12,2,10,28.6,4
Клин,2024-04,23,-3,3,16,0.5,5
Клин,2024-05,29,-3,2,14,0.5,7
Клин,2024-06,31,9,2,14,0,7
Клин,2024-07,32,10,2,13,0,7
Клин,2024-08,29,8,2,10,0,6
Клин,2024-09,28,0,1,13,0,5
Клин,2024-10,22,-2,2,12,0,2
Клин,2024-11,9,-7,2,12,3.4,1
Клин,2024-12,3,-19,2,12,14.2,0
Клин,2025-01,7,-9,2,14,4,0
Клин,2025-02,4,-19,1,8,2.7,1
Клин,2025-03,15,-9,2,18,0.5,2
Клин,2025-04,26,-5,2,13,2.6,4
Клин,2025-05,29,-2,2,14,0.5,5
Клин,2025-06,26,7,1,14,0,5
Клин,2025-07,34,10,1,11,0,5
Клин,2025-08,30,6,1,10,0,3
Клин,2025-09,27,-2,1,10,0,3
Клин,2025-10,16,-3,1,10,0,1
Клин,2025-11,10,-5,2,12,0.5,1
Клин,2025-12,5,-18,2,15,3.6,0
Дмитров,2024-01,2,-30,2,15,33.3,1
Дмитров,2024-02,4,-22,3,12,53.5,3
Дмитров,2024-03,14,-11,2,10,36.4,5
Дмитров,2024-04,23,-2,3,16,0.5,6
Дмитров,2024-05,29,-3,2,14,0.5,7
Дмитров,2024-06,30,9,2,14,0,7
Дмитров,2024-07,31,10,2,13,0,8
Дмитров,2024-08,28,8,2,10,0,6
Дмитров,2024-09,27,1,1,14,0,5
Дмитров,2024-10,21,-2,1,11,0.5,2
Дмитров,2024-11,8,-7,2,16,3,1
Дмитров,2024-12,3,-19,2,12,12.2,0
Дмитров,2025-01,7,-9,3,13,4,0
Дмитров,2025-02,4,-18,1,9,2.5,1
Дмитров,2025-03,15,-9,2,18,0.5,2
Дмитров,2025-04,26,-3,2,13,2.5,4
Дмитров,2025-05,29,-1,2,13,0.5,5
Дмитров,2025-06,27,9,2,15,0,5
Дмитров,2025-07,34,11,2,12,0,5
Дмитров,2025-08,29,7,1,10,0,3
Дмитров,2025-09,27,-1,1,10,0,3
Дмитров,2025-10,15,-2,2,10,0,1
Дмитров,2025-11,10,-4,2,12,0.5,0
Дмитров,2025-12,5,-18,2,14,3.4,0
Волоколамск,2024-01,1,-28,2,15,34,2
Волоколамск,2024-02,5,-23,3,12,55.4,2
Волоколамск,2024-03,16,-12,2,10,39,5
Волоколамск,2024-04,24,-2,3,15,0.5,6
Волоколамск,2024-05,28,-3,2,13,0.5,7
Волоколамск,2024-06,31,9,2,13,0,7
Волоколамск,2024-07,32,10,2,12,0,8
Волоколамск,2024-08,30,11,2,10,0,6
Волоколамск,2024-09,29,4,0,13,0,5
Волоколамск,2024-10,24,1,0,8,0.5,2
Волоколамск,2024-11,10,-8,2,14,4.1,1
Волоколамск,2024-12,2,-20,2,12,13.2,0
Волоколамск,2025-01,7,-9,3,13,3.8,0
Волоколамск,2025-02,4,-18,1,10,3,1
Волоколамск,2025-03,14,-11,2,18,0.5,2
Волоколамск,2025-04,25,-5,2,13,2.3,4
Волоколамск,2025-05,27,-2,2,15,0.5,5
Волоколамск,2025-06,27,6,2,16,0,5
Волоколамск,2025-07,33,10,2,12,0,5
Волоколамск,2025-08,29,6,2,11,0,3
Волоколамск,2025-09,26,-2,2,10,0,3
Волоколамск,2025-10,16,-4,2,11,0,1
Волоколамск,2025-11,10,-6,2,12,1.1,1
Волоколамск,2025-12,5,-19,2,14,3.6,0
Можайск,2024-01,1,-28,3,14,33.3,2
Можайск,2024-02,4,-22,3,11,2.8,2
Можайск,2024-03,17,-12,2,9,0.5,4
Можайск,2024-04,24,-2,3,15,0.5,5
Можайск,2024-05,27,-2,2,14,0,8
Можайск,2024-06,30,11,2,13,0,8
Можайск,2024-07,32,11,2,11,0,7
Можайск,2024-08,29,12,2,11,0,6
Можайск,2024-09,29,4,0,11,0,5
Можайск,2024-10,23,1,0,9,0,2
Можайск,2024-11,11,-7,3,16,3.7,1
Можайск,2024-12,3,-18,2,12,13.1,0
Можайск,2025-01,7,-8,3,13,3.8,0
Можайск,2025-02,4,-19,1,10,2.9,1
Можайск,2025-03,14,-12,2,16,0.5,2
Можайск,2025-04,26,-4,2,13,2.8,4
Можайск,2025-05,28,-2,2,15,0.5,5
Можайск,2025-06,27,5,2,16,0,5
Можайск,2025-07,33,10,2,13,0,5
Можайск,2025-08,29,6,2,11,0,4
Можайск,2025-09,27,-2,2,11,0,3
Можайск,2025-10,16,-4,2,11,0,1
Можайск,2025-11,10,-7,2,11,0.5,1
Можайск,2025-12,5,-17,2,16,3.4,0
Истра,2024-01,2,-28,2,15,33.7,2
Истра,2024-02,4,-22,3,12,53.9,3
Истра,2024-03,13,-11,2,10,36.8,5
Истра,2024-04,23,-2,3,16,0.5,6
Истра,2024-05,29,-2,2,13,0.5,7
Истра,2024-06,31,10,2,15,0,7
Истра,2024-07,32,11,2,13,0,8
Истра,2024-08,30,9,2,10,0,7
Истра,2024-09,30,1,1,14,0,6
Истра,2024-10,23,-3,2,12,0.5,2
Истра,2024-11,10,-7,2,13,2.8,1
Истра,2024-12,3,-18,2,11,12.9,0
Истра,2025-01,7,-8,2,13,3.8,0
Истра,2025-02,4,-17,1,9,2.3,1
Истра,2025-03,15,-11,2,17,0.5,2
Истра,2025-04,26,-5,2,14,2.3,4
Истра,2025-05,28,-2,2,13,0.5,5
Истра,2025-06,26,6,2,15,0,5
Истра,2025-07,33,9,2,13,0,5
Истра,2025-08,29,7,1,13,0,3
Истра,2025-09,26,-2,1,11,0,3
Истра,2025-10,15,-3,2,10,0,1
Истра,2025-11,10,-6,2,12,0.5,1
Истра,2025-12,5,-18,2,17,3.2,0
Павловский Посад,2024-01,2,-29,2,14,32,2
Павловский Посад,2024-02,4,-22,3,10,45.3,2
Павловский Посад,2024-03,16,-13,2,10,30.2,4
Павловский Посад,2024-04,23,-2,3,17,0.5,5
Павловский Посад,2024-05,29,-3,2,15,0.5,7
Павловский Посад,2024-06,31,9,2,14,0,7
Павловский Посад,2024-07,33,11,2,11,0,7
Павловский Посад,2024-08,27,11,2,10,0,6
Павловский Посад,2024-09,27,3,4,16,0,5
Павловский Посад,2024-10,23,1,4,14,0,2
Павловский Посад,2024-11,9,-6,2,16,1.5,1
Павловский Посад,2024-12,3,-18,2,11,9.5,0
Павловский Посад,2025-01,7,-9,2,12,4,0
Павловский Посад,2025-02,5,-16,1,8,1.6,1
Павловский Посад,2025-03,16,-11,2,15,0.5,2
Павловский Посад,2025-04,26,-3,2,12,2.7,4
Павловский Посад,2025-05,30,-1,2,12,0,5
Павловский Посад,2025-06,29,5,2,14,0,5
Павловский Посад,2025-07,35,8,1,11,0,5
Павловский Посад,2025-08,29,6,1,10,0,3
Павловский Посад,2025-09,27,-2,1,10,0,3
Павловский Посад,2025-10,17,-1,1,9,0,1
Павловский Посад,2025-11,11,-5,2,12,0.5,0
Павловский Посад,2025-12,5,-19,2,16,3.3,0
Наро-Фоминск,2024-01,1,-28,3,18,33,2
Наро-Фоминск,2024-02,4,-22,3,16,53.1,3
Наро-Фоминск,2024-03,18,-12,2,12,35.1,5
Наро-Фоминск,2024-04,24,-2,3,16,0.5,6
Наро-Фоминск,2024-05,28,-2,2,14,0.5,7
Наро-Фоминск,2024-06,30,11,2,14,0,7
Наро-Фоминск,2024-07,32,11,2,14,0,8
Наро-Фоминск,2024-08,30,10,2,11,0,7
Наро-Фоминск,2024-09,30,0,2,13,0,6
Наро-Фоминск,2024-10,23,-2,2,14,0.5,2
Наро-Фоминск,2024-11,10,-7,2,14,2.6,1
Наро-Фоминск,2024-12,3,-18,2,12,11.5,0
Наро-Фоминск,2025-01,7,-8,3,13,3.1,0
Наро-Фоминск,2025-02,5,-17,1,9,2.1,1
Наро-Фоминск,2025-03,14,-11,2,15,0.5,2
Наро-Фоминск,2025-04,26,-4,2,13,2.5,4
Наро-Фоминск,2025-05,28,-2,2,14,0,5
Наро-Фоминск,2025-06,27,7,2,15,0,5
Наро-Фоминск,2025-07,33,9,2,15,0,5
Наро-Фоминск,2025-08,28,7,2,10,0,4
Наро-Фоминск,2025-09,27,-1,2,11,0,3
Наро-Фоминск,2025-10,15,-2,2,10,0,1
Наро-Фоминск,2025-11,10,-7,2,13,0.5,1
Наро-Фоминск,2025-12,5,-17,2,14,3.1,0
Серпухов,2024-01,1,-27,4,33,32.3,2
Серпухов,2024-02,3,-20,4,30,53.8,3
Серпухов,2024-03,18,-13,2,21,36.7,5
Серпухов,2024-04,24,-2,4,29,0.5,6
Серпухов,2024-05,28,-3,3,30,0.5,7
Серпухов,2024-06,30,11,3,28,0,7
Серпухов,2024-07,33,10,2,19,0,8
Серпухов,2024-08,27,11,2,21,0,7
Серпухов,2024-09,28,2,1,15,0,6
Серпухов,2024-10,23,0,1,12,0.5,3
Серпухов,2024-11,11,-7,3,17,2,1
Серпухов,2024-12,3,-18,3,13,8,0
Серпухов,2025-01,8,-8,3,13,2.3,0
Серпухов,2025-02,4,-15,2,9,2.3,1
Серпухов,2025-03,15,-10,2,16,0.5,2
Серпухов,2025-04,26,-3,2,14,1.7,4
Серпухов,2025-05,29,-1,2,13,0,5
Серпухов,2025-06,29,5,2,15,0,5
Серпухов,2025-07,33,8,2,15,0,5
Серпухов,2025-08,29,7,2,13,0,4
Серпухов,2025-09,27,-2,2,11,0,3
Серпухов,2025-10,16,-2,2,10,0,1
Серпухов,2025-11,10,-5,2,12,0.5,0
Серпухов,2025-12,5,-18,2,19,3.6,0
Коломна,2024-01,1,-28,4,33,30.4,2
Коломна,2024-02,3,-21,5,28,50.5,3
Коломна,2024-03,17,-14,3,21,35.3,5
Коломна,2024-04,23,-3,4,29,0,6
Коломна,2024-05,30,-3,3,29,0.5,7
Коломна,2024-06,31,10,3,31,0,7
Коломна,2024-07,33,11,2,19,0,8
Коломна,2024-08,28,8,3,23,0,7
Коломна,2024-09,28,0,2,16,0,6
Коломна,2024-10,21,-1,2,15,0.5,3
Коломна,2024-11,10,-5,2,18,0.5,1
Коломна,2024-12,3,-17,2,13,6.2,0
Коломна,2025-01,7,-8,2,11,2.5,1
Коломна,2025-02,4,-16,1,8,2.6,1
Коломна,2025-03,16,-9,2,15,0.5,2
Коломна,2025-04,26,-3,2,14,1.3,4
Коломна,2025-05,29,-1,2,13,0,6
Коломна,2025-06,31,5,1,14,0,5
Коломна,2025-07,35,8,1,12,0,5
Коломна,2025-08,30,8,1,11,0,4
Коломна,2025-09,28,-2,1,9,0,3
Коломна,2025-10,16,-2,2,9,0,1
Коломна,2025-11,11,-5,2,12,0.5,1
Коломна,2025-12,5,-18,2,13,3.8,0
Кашира,2024-01,0,-28,4,34,32.4,2
Кашира,2024-02,3,-21,5,30,46.6,3
Кашира,2024-03,17,-15,3,21,31.2,5
Кашира,2024-04,23,-3,4,30,0,6
Кашира,2024-05,28,-4,3,30,0.5,7
Кашира,2024-06,30,11,3,31,0,7
Кашира,2024-07,32,11,2,19,0,8
Кашира,2024-08,26,10,3,22,0,7
Кашира,2024-09,26,0,4,18,0,6
Кашира,2024-10,21,-2,4,16,0.5,3
Кашира,2024-11,10,-6,3,18,1.7,1
Кашира,2024-12,3,-17,3,13,6.2,0
Кашира,2025-01,7,-8,3,13,1.9,1
Кашира,2025-02,4,-15,2,9,2.7,1
Кашира,2025-03,15,-8,2,17,0.5,2
Кашира,2025-04,26,-3,2,15,1,4
Кашира,2025-05,29,-2,2,13,0,6
Кашира,2025-06,30,6,2,15,0,5
Кашира,2025-07,33,10,2,12,0,5
Кашира,2025-08,30,8,2,13,0,4
Кашира,2025-09,28,0,2,11,0,3
Кашира,2025-10,15,-2,2,11,0,1
Кашира,2025-11,11,-5,2,13,0.5,1
Кашира,2025-12,4,-18,2,16,3.9,0
Домодедово,2024-01,1,-28,3,20,32.9,2
Домодедово,2024-02,4,-22,3,17,50.4,3
Домодедово,2024-03,17,-12,2,17,34.6,5
Домодедово,2024-04,23,-2,3,25,0,6
Домодедово,2024-05,28,-2,2,22,0.5,8
Домодедово,2024-06,31,10,3,23,0,7
Домодедово,2024-07,33,10,2,18,0,8
Домодедово,2024-08,29,12,2,18,0,7
Домодедово,2024-09,29,3,4,19,0,6
Домодедово,2024-10,25,1,4,18,0.5,3
Домодедово,2024-11,10,-7,3,17,2.2,1
Домодедово,2024-12,3,-18,3,13,9.6,0
Домодедово,2025-01,7,-8,3,13,3.1,0
Домодедово,2025-02,4,-15,2,9,1.9,1
Домодедово,2025-03,15,-11,3,16,0.5,2
Домодедово,2025-04,26,-3,3,13,2.3,4
Домодедово,2025-05,29,0,3,13,0,5
Домодедово,2025-06,28,6,3,15,0,5
Домодедово,2025-07,34,10,2,13,0,5
Домодедово,2025-08,29,7,2,11,0,3
Домодедово,2025-09,27,-1,2,11,0,3
Домодедово,2025-10,16,-1,2,10,0,1
Домодедово,2025-11,11,-5,3,12,0.5,1
Домодедово,2025-12,5,-17,3,14,3.2,0
Жуковский,2024-01,2,-29,2,15,32.4,2
Жуковский,2024-02,4,-22,3,12,57.6,2
Жуковский,2024-03,17,-12,2,14,40.5,5
Жуковский,2024-04,23,-2,3,19,0.5,6
Жуковский,2024-05,29,-2,2,20,0,7
Жуковский,2024-06,30,10,2,18,0,7
Жуковский,2024-07,33,11,2,15,0,8
Жуковский,2024-08,30,10,2,15,0,6
Жуковский,2024-09,29,2,1,12,0,5
Жуковский,2024-10,21,-1,1,10,0.5,2
Жуковский,2024-11,10,-6,3,17,1.9,1
Жуковский,2024-12,3,-17,3,13,9.7,0
Жуковский,2025-01,7,-8,3,13,3.4,0
Жуковский,2025-02,4,-15,2,9,1.8,1
Жуковский,2025-03,15,-11,2,16,0.5,2
Жуковский,2025-04,26,-3,3,13,2.4,4
Жуковский,2025-05,29,-1,2,13,0,5
Жуковский,2025-06,28,6,2,16,0,5
Жуковский,2025-07,34,9,2,14,0,5
Жуковский,2025-08,29,7,2,12,0,3
Жуковский,2025-09,27,-1,2,11,0,3
Жуковский,2025-10,16,-1,2,11,0,1
Жуковский,2025-11,11,-5,2,12,0.5,1
Жуковский,2025-12,5,-17,3,17,3.1,0
