route;length_km;n_stops;stop_spacing_m;n_metro_transfers;n_rail_transfers;n_metro_transfers_500m;n_stops_far_from_metro;share_stops_far_from_metro;dist_center_km;min_dist_center_km;share_within_5km;share_within_10km;shared_track_km;shared_share;n_routes_sharing;n_residential_500m;n_apartments_500m;n_tall_residential_500m;n_shop_500m;n_education_500m;n_bus_stops_300m;n_platforms_tagged
1;7.16;21;358;2;0;4;12;0.571;13.23;10.32;0.0;0.0;0.0;0.0;0;499;497;419;402;85;73;22
7;16.09;44;374;14;5;25;13;0.295;4.95;2.92;0.577;0.99;7.54;0.469;2;1132;1105;481;1927;141;132;20
11;16.79;40;431;4;0;9;19;0.475;8.03;7.18;0.0;0.824;14.33;0.853;4;971;930;405;1434;140;161;17
12;18.6;46;413;10;3;17;13;0.283;6.81;3.6;0.297;0.786;7.59;0.408;2;1185;1150;508;1860;171;176;28
17;11.23;26;449;1;0;4;17;0.654;10.36;7.73;0.0;0.494;2.22;0.198;2;520;513;359;890;85;108;26
25;8.1;21;405;2;0;4;14;0.667;7.41;5.84;0.0;1.0;4.93;0.609;2;271;239;109;526;48;79;11
26;10.18;26;407;2;0;10;11;0.423;6.38;2.8;0.319;1.0;0.0;0.0;0;714;701;300;1163;110;78;17
28;6.95;16;463;1;1;4;8;0.5;10.69;8.97;0.0;0.185;0.0;0.0;0;401;382;203;527;50;55;3
50;13.36;40;342;13;3;18;10;0.25;3.09;2.92;0.901;1.0;5.73;0.429;2;731;696;293;1650;114;109;30
