setup;config;route;y_sum;level_true;level_pred;wape_score;level_bias;shape_wape_score
A;floor_mean_level;1;1136093;776.0;992.0;0.7235;0.2718;0.8764
A;floor_mean_level;7;1350573;922.5;973.7;0.8414;0.0499;0.8395
A;floor_mean_level;11;1907061;1302.6;926.2;0.7049;-0.2915;0.8732
A;floor_mean_level;12;1983604;1354.9;919.6;0.6759;-0.3227;0.8905
A;floor_mean_level;17;3063025;2092.2;827.5;0.3951;-0.6049;0.8813
A;floor_mean_level;25;464537;317.3;1049.3;0.0;2.3003;0.7925
A;floor_mean_level;26;1089964;744.5;995.9;0.6677;0.3309;0.9009
A;floor_mean_level;28;602164;411.3;1037.6;0.0;1.5071;0.8516
A;floor_mean_level;50;1157460;790.6;990.2;0.6661;0.2414;0.6529
A;floor_median_level;1;1136093;776.0;856.6;0.8583;0.0982;0.8764
A;floor_median_level;7;1350573;922.5;783.3;0.774;-0.1554;0.8395
A;floor_median_level;11;1907061;1302.6;783.3;0.5981;-0.4008;0.8732
A;floor_median_level;12;1983604;1354.9;783.3;0.5765;-0.4231;0.8905
A;floor_median_level;17;3063025;2092.2;783.3;0.374;-0.626;0.8813
A;floor_median_level;25;464537;317.3;856.6;0.0;1.694;0.7925
A;floor_median_level;26;1089964;744.5;856.6;0.8415;0.1447;0.9009
A;floor_median_level;28;602164;411.3;856.6;0.0;1.0697;0.8516
A;floor_median_level;50;1157460;790.6;849.3;0.6734;0.0647;0.6529
A;geo_level;1;1136093;776.0;536.3;0.6733;-0.3124;0.8764
A;geo_level;7;1350573;922.5;1071.3;0.8039;0.1551;0.8395
A;geo_level;11;1907061;1302.6;1518.4;0.7883;0.1615;0.8732
A;geo_level;12;1983604;1354.9;1533.6;0.8221;0.1294;0.8905
A;geo_level;17;3063025;2092.2;628.5;0.3001;-0.6999;0.8813
A;geo_level;25;464537;317.3;784.0;0.0;1.4659;0.7925
A;geo_level;26;1089964;744.5;860.5;0.8373;0.15;0.9009
A;geo_level;28;602164;411.3;658.2;0.409;0.5903;0.8516
A;geo_level;50;1157460;790.6;611.5;0.5211;-0.2333;0.6529
A;geo_level_posthoc;1;1136093;776.0;682.0;0.8227;-0.1256;0.8764
A;geo_level_posthoc;7;1350573;922.5;932.6;0.8402;0.0056;0.8395
A;geo_level_posthoc;11;1907061;1302.6;1122.9;0.8344;-0.1411;0.8732
A;geo_level_posthoc;12;1983604;1354.9;872.5;0.6417;-0.3574;0.8905
A;geo_level_posthoc;17;3063025;2092.2;647.0;0.3089;-0.6911;0.8813
A;geo_level_posthoc;25;464537;317.3;955.0;0.0;2.0036;0.7925
A;geo_level_posthoc;26;1089964;744.5;690.1;0.8789;-0.0778;0.9009
A;geo_level_posthoc;28;602164;411.3;816.2;0.0275;0.9721;0.8516
A;geo_level_posthoc;50;1157460;790.6;881.2;0.6806;0.1048;0.6529
A;oracle_level;1;1136093;776.0;776.0;0.8756;-0.0051;0.8764
A;oracle_level;7;1350573;922.5;922.5;0.8388;-0.0053;0.8395
A;oracle_level;11;1907061;1302.6;1302.6;0.8739;-0.0036;0.8732
A;oracle_level;12;1983604;1354.9;1354.9;0.8908;-0.0022;0.8905
A;oracle_level;17;3063025;2092.2;2092.2;0.8817;-0.001;0.8813
A;oracle_level;25;464537;317.3;317.3;0.7928;-0.002;0.7925
A;oracle_level;26;1089964;744.5;744.5;0.9007;-0.0051;0.9009
A;oracle_level;28;602164;411.3;411.3;0.8511;-0.0061;0.8516
A;oracle_level;50;1157460;790.6;790.6;0.6493;-0.0088;0.6529
A;geo_catboost_direct;1;1136093;776.0;;0.7735;0.1321;0.7707
A;geo_catboost_direct;7;1350573;922.5;;0.8249;0.1433;0.8749
A;geo_catboost_direct;11;1907061;1302.6;;0.8843;0.047;0.8931
A;geo_catboost_direct;12;1983604;1354.9;;0.7246;-0.2686;0.8277
A;geo_catboost_direct;17;3063025;2092.2;;0.3966;-0.6031;0.8576
A;geo_catboost_direct;25;464537;317.3;;0.0;2.5875;0.7557
A;geo_catboost_direct;26;1089964;744.5;;0.6117;0.3867;0.8653
A;geo_catboost_direct;28;602164;411.3;;0.0;2.0702;0.7844
A;geo_catboost_direct;50;1157460;790.6;;0.5696;0.4048;0.6757
A;warm_reference;1;1136093;776.0;;0.9326;-0.0068;0.9327
A;warm_reference;7;1350573;922.5;;0.916;0.0005;0.916
A;warm_reference;11;1907061;1302.6;;0.9167;-0.0008;0.9167
A;warm_reference;12;1983604;1354.9;;0.9256;-0.002;0.9256
A;warm_reference;17;3063025;2092.2;;0.9492;-0.0057;0.9496
A;warm_reference;25;464537;317.3;;0.8729;-0.0318;0.8713
A;warm_reference;26;1089964;744.5;;0.9297;-0.0114;0.9296
A;warm_reference;28;602164;411.3;;0.8803;0.0165;0.88
A;warm_reference;50;1157460;790.6;;0.895;-0.0097;0.895
B;floor_mean_level;1;1136093;776.0;920.1;0.7295;0.2656;0.8692
B;floor_mean_level;7;1350573;922.5;895.3;0.8446;0.0294;0.8427
B;floor_mean_level;11;1907061;1302.6;854.7;0.7013;-0.2957;0.8855
B;floor_mean_level;12;1983604;1354.9;847.8;0.6671;-0.3316;0.8875
B;floor_mean_level;17;3063025;2092.2;769.0;0.3961;-0.6039;0.8906
B;floor_mean_level;25;464537;317.3;972.8;0.0;2.2932;0.7881
B;floor_mean_level;26;1089964;744.5;924.3;0.6753;0.3234;0.8923
B;floor_mean_level;28;602164;411.3;958.9;0.0;1.4893;0.8407
B;floor_mean_level;50;1157460;790.6;901.1;0.6594;0.2184;0.6417
B;floor_median_level;1;1136093;776.0;858.4;0.8015;0.1809;0.8692
B;floor_median_level;7;1350573;922.5;759.2;0.796;-0.127;0.8427
B;floor_median_level;11;1907061;1302.6;759.2;0.6243;-0.3744;0.8855
B;floor_median_level;12;1983604;1354.9;759.2;0.598;-0.4014;0.8875
B;floor_median_level;17;3063025;2092.2;759.2;0.3911;-0.6089;0.8906
B;floor_median_level;25;464537;317.3;858.4;0.0;1.9059;0.7881
B;floor_median_level;26;1089964;744.5;858.4;0.7656;0.2292;0.8923
B;floor_median_level;28;602164;411.3;858.4;0.0;1.2285;0.8407
B;floor_median_level;50;1157460;790.6;782.7;0.6592;0.0583;0.6417
B;geo_level;1;1136093;776.0;474.4;0.6394;-0.3475;0.8692
B;geo_level;7;1350573;922.5;1088.3;0.7358;0.2514;0.8427
B;geo_level;11;1907061;1302.6;1364.2;0.8274;0.1241;0.8855
B;geo_level;12;1983604;1354.9;1494.4;0.7861;0.1782;0.8875
B;geo_level;17;3063025;2092.2;550.1;0.2834;-0.7166;0.8906
B;geo_level;25;464537;317.3;726.1;0.0;1.4578;0.7881
B;geo_level;26;1089964;744.5;766.0;0.8659;0.0969;0.8923
B;geo_level;28;602164;411.3;570.1;0.5188;0.48;0.8407
B;geo_level;50;1157460;790.6;558.1;0.5104;-0.2454;0.6417
B;geo_level_posthoc;1;1136093;776.0;614.7;0.7974;-0.1545;0.8692
B;geo_level_posthoc;7;1350573;922.5;859.6;0.841;-0.0116;0.8427
B;geo_level_posthoc;11;1907061;1302.6;1127.4;0.8761;-0.071;0.8855
B;geo_level_posthoc;12;1983604;1354.9;808.2;0.6362;-0.3628;0.8875
B;geo_level_posthoc;17;3063025;2092.2;586.0;0.3019;-0.6981;0.8906
B;geo_level_posthoc;25;464537;317.3;886.9;0.0;2.0021;0.7881
B;geo_level_posthoc;26;1089964;744.5;623.5;0.8601;-0.1072;0.8923
B;geo_level_posthoc;28;602164;411.3;729.7;0.1055;0.8942;0.8407
B;geo_level_posthoc;50;1157460;790.6;795.6;0.663;0.0758;0.6417
B;oracle_level;1;1136093;776.0;776.0;0.8648;0.0675;0.8692
B;oracle_level;7;1350573;922.5;922.5;0.8419;0.0607;0.8427
B;oracle_level;11;1907061;1302.6;1302.6;0.8586;0.0734;0.8855
B;oracle_level;12;1983604;1354.9;1354.9;0.8651;0.0682;0.8875
B;oracle_level;17;3063025;2092.2;2092.2;0.8556;0.0778;0.8906
B;oracle_level;25;464537;317.3;317.3;0.772;0.0741;0.7881
B;oracle_level;26;1089964;744.5;744.5;0.8795;0.066;0.8923
B;oracle_level;28;602164;411.3;411.3;0.8364;0.0677;0.8407
B;oracle_level;50;1157460;790.6;790.6;0.6616;0.069;0.6417
B;geo_catboost_direct;1;1136093;776.0;;0.7117;-0.0796;0.7399
B;geo_catboost_direct;7;1350573;922.5;;0.7553;0.2318;0.848
B;geo_catboost_direct;11;1907061;1302.6;;0.8765;0.0604;0.8852
B;geo_catboost_direct;12;1983604;1354.9;;0.7233;-0.2733;0.8791
B;geo_catboost_direct;17;3063025;2092.2;;0.3765;-0.6154;0.8714
B;geo_catboost_direct;25;464537;317.3;;0.0;2.2244;0.7617
B;geo_catboost_direct;26;1089964;744.5;;0.6373;0.3621;0.8772
B;geo_catboost_direct;28;602164;411.3;;0.0;1.4912;0.7849
B;geo_catboost_direct;50;1157460;790.6;;0.6329;0.2698;0.6312
B;warm_reference;1;1136093;776.0;;0.9148;-0.0335;0.9202
B;warm_reference;7;1350573;922.5;;0.8494;0.0627;0.8482
B;warm_reference;11;1907061;1302.6;;0.9057;-0.0151;0.9075
B;warm_reference;12;1983604;1354.9;;0.9134;0.0001;0.9134
B;warm_reference;17;3063025;2092.2;;0.9241;-0.0382;0.9312
B;warm_reference;25;464537;317.3;;0.8148;-0.1448;0.8405
B;warm_reference;26;1089964;744.5;;0.9019;-0.0558;0.9107
B;warm_reference;28;602164;411.3;;0.8597;-0.0115;0.861
B;warm_reference;50;1157460;790.6;;0.7577;0.1352;0.7384
