setup;config;wape_score;level_bias;median_level_error_pct;shape_wape_score;ci95_lo;ci95_hi
A;floor_mean_level;0.5051;-0.0044;32.3;0.853;0.4834;0.5228
A;floor_median_level;0.5318;-0.1533;40.1;0.853;0.5156;0.5462
A;geo_level;0.584;-0.0623;23.4;0.853;0.5748;0.5925
A;oracle_level;0.8527;-0.0037;0.5;0.853;0.8369;0.867
A;geo_catboost_direct;0.4991;0.0499;34.5;0.8317;0.4694;0.5219
A;warm_reference;0.9231;-0.0046;0.7;0.9231;0.9198;0.9262
B;floor_mean_level;0.5055;-0.0127;32.3;0.8538;0.484;0.5244
B;floor_median_level;0.5174;-0.1097;37.4;0.8538;0.5007;0.5309
B;geo_level;0.5769;-0.0684;25.2;0.8538;0.5651;0.5883
B;oracle_level;0.8374;0.0705;6.8;0.8538;0.8231;0.8495
B;geo_catboost_direct;0.5144;0.0759;44.9;0.8385;0.4891;0.5356
B;warm_reference;0.8869;-0.0061;3.8;0.8893;0.8746;0.8969
