date,dow,holiday_name,day_type,is_day_off,is_holiday_or_transfer,is_short_workday,off_run_len,off_run_pos,days_to_long_weekend,days_after_long_weekend,is_workday_before_long_weekend,new_year_period,first_workweek_after_new_year,may_holidays,school_holiday,is_school_holiday,is_school_summer,school_year_first_week,church_day,is_cemetery_day,is_city_day
2025-01-01,2,Новогодние каникулы,holiday,1,1,0,8,1,0,0,0,1,0,0,зимние,1,0,0,,0,0
2025-01-02,3,Новогодние каникулы,holiday,1,1,0,8,2,0,0,0,1,0,0,зимние,1,0,0,,0,0
2025-01-03,4,Новогодние каникулы,holiday,1,1,0,8,3,0,0,0,1,0,0,зимние,1,0,0,,0,0
2025-01-04,5,Новогодние каникулы,holiday,1,1,0,8,4,0,0,0,1,0,0,зимние,1,0,0,,0,0
2025-01-05,6,Новогодние каникулы,holiday,1,1,0,8,5,0,0,0,1,0,0,зимние,1,0,0,,0,0
2025-01-06,0,Новогодние каникулы,holiday,1,1,0,8,6,0,0,0,1,0,0,зимние,1,0,0,"Сочельник, рождественская служба ночью",0,0
2025-01-07,1,Рождество Христово,holiday,1,1,0,8,7,0,0,0,1,0,0,зимние,1,0,0,,0,0
2025-01-08,2,Новогодние каникулы,holiday,1,1,0,8,8,0,0,0,1,0,0,зимние,1,0,0,,0,0
2025-01-09,3,,workday,0,0,0,0,0,112,1,0,0,1,0,,0,0,0,,0,0
2025-01-10,4,,workday,0,0,0,0,0,111,2,0,0,1,0,,0,0,0,,0,0
2025-01-11,5,,weekend,1,0,0,2,1,110,3,0,0,0,0,,0,0,0,,0,0
2025-01-12,6,,weekend,1,0,0,2,2,109,4,0,0,0,0,,0,0,0,,0,0
2025-01-13,0,,workday,0,0,0,0,0,108,5,0,0,1,0,,0,0,0,,0,0
2025-01-14,1,,workday,0,0,0,0,0,107,6,0,0,1,0,,0,0,0,,0,0
2025-01-15,2,,workday,0,0,0,0,0,106,7,0,0,1,0,,0,0,0,,0,0
2025-01-16,3,,workday,0,0,0,0,0,105,8,0,0,0,0,,0,0,0,,0,0
2025-01-17,4,,workday,0,0,0,0,0,104,9,0,0,0,0,,0,0,0,,0,0
2025-01-18,5,,weekend,1,0,0,2,1,103,10,0,0,0,0,,0,0,0,"Крещенский сочельник, купания ночью",0,0
2025-01-19,6,,weekend,1,0,0,2,2,102,11,0,0,0,0,,0,0,0,,0,0
2025-01-20,0,,workday,0,0,0,0,0,101,12,0,0,0,0,,0,0,0,,0,0
2025-01-21,1,,workday,0,0,0,0,0,100,13,0,0,0,0,,0,0,0,,0,0
2025-01-22,2,,workday,0,0,0,0,0,99,14,0,0,0,0,,0,0,0,,0,0
2025-01-23,3,,workday,0,0,0,0,0,98,15,0,0,0,0,,0,0,0,,0,0
2025-01-24,4,,workday,0,0,0,0,0,97,16,0,0,0,0,,0,0,0,,0,0
2025-01-25,5,,weekend,1,0,0,2,1,96,17,0,0,0,0,,0,0,0,,0,0
2025-01-26,6,,weekend,1,0,0,2,2,95,18,0,0,0,0,,0,0,0,,0,0
2025-01-27,0,,workday,0,0,0,0,0,94,19,0,0,0,0,,0,0,0,,0,0
2025-01-28,1,,workday,0,0,0,0,0,93,20,0,0,0,0,,0,0,0,,0,0
2025-01-29,2,,workday,0,0,0,0,0,92,21,0,0,0,0,,0,0,0,,0,0
2025-01-30,3,,workday,0,0,0,0,0,91,22,0,0,0,0,,0,0,0,,0,0
2025-01-31,4,,workday,0,0,0,0,0,90,23,0,0,0,0,,0,0,0,,0,0
2025-02-01,5,,weekend,1,0,0,2,1,89,24,0,0,0,0,,0,0,0,,0,0
2025-02-02,6,,weekend,1,0,0,2,2,88,25,0,0,0,0,,0,0,0,,0,0
2025-02-03,0,,workday,0,0,0,0,0,87,26,0,0,0,0,,0,0,0,,0,0
2025-02-04,1,,workday,0,0,0,0,0,86,27,0,0,0,0,,0,0,0,,0,0
2025-02-05,2,,workday,0,0,0,0,0,85,28,0,0,0,0,,0,0,0,,0,0
2025-02-06,3,,workday,0,0,0,0,0,84,29,0,0,0,0,,0,0,0,,0,0
2025-02-07,4,,workday,0,0,0,0,0,83,30,0,0,0,0,,0,0,0,,0,0
2025-02-08,5,,weekend,1,0,0,2,1,82,31,0,0,0,0,,0,0,0,,0,0
2025-02-09,6,,weekend,1,0,0,2,2,81,32,0,0,0,0,,0,0,0,,0,0
2025-02-10,0,,workday,0,0,0,0,0,80,33,0,0,0,0,,0,0,0,,0,0
2025-02-11,1,,workday,0,0,0,0,0,79,34,0,0,0,0,,0,0,0,,0,0
2025-02-12,2,,workday,0,0,0,0,0,78,35,0,0,0,0,,0,0,0,,0,0
2025-02-13,3,,workday,0,0,0,0,0,77,36,0,0,0,0,,0,0,0,,0,0
2025-02-14,4,,workday,0,0,0,0,0,76,37,0,0,0,0,,0,0,0,,0,0
2025-02-15,5,,weekend,1,0,0,2,1,75,38,0,0,0,0,дополнительные для 1 классов,1,0,0,,0,0
2025-02-16,6,,weekend,1,0,0,2,2,74,39,0,0,0,0,дополнительные для 1 классов,1,0,0,,0,0
2025-02-17,0,,workday,0,0,0,0,0,73,40,0,0,0,0,дополнительные для 1 классов,1,0,0,,0,0
2025-02-18,1,,workday,0,0,0,0,0,72,41,0,0,0,0,дополнительные для 1 классов,1,0,0,,0,0
2025-02-19,2,,workday,0,0,0,0,0,71,42,0,0,0,0,дополнительные для 1 классов,1,0,0,,0,0
2025-02-20,3,,workday,0,0,0,0,0,70,43,0,0,0,0,дополнительные для 1 классов,1,0,0,,0,0
2025-02-21,4,,workday,0,0,0,0,0,69,44,0,0,0,0,дополнительные для 1 классов,1,0,0,,0,0
2025-02-22,5,,weekend,1,0,0,2,1,68,45,0,0,0,0,дополнительные для 1 классов,1,0,0,,0,0
2025-02-23,6,День защитника Отечества,holiday,1,1,0,2,2,67,46,0,0,0,0,дополнительные для 1 классов,1,0,0,,0,0
2025-02-24,0,,workday,0,0,0,0,0,66,47,0,0,0,0,,0,0,0,,0,0
2025-02-25,1,,workday,0,0,0,0,0,65,48,0,0,0,0,,0,0,0,,0,0
2025-02-26,2,,workday,0,0,0,0,0,64,49,0,0,0,0,,0,0,0,,0,0
2025-02-27,3,,workday,0,0,0,0,0,63,50,0,0,0,0,,0,0,0,,0,0
2025-02-28,4,,workday,0,0,0,0,0,62,51,0,0,0,0,,0,0,0,,0,0
2025-03-01,5,,weekend,1,0,0,2,1,61,52,0,0,0,0,,0,0,0,,0,0
2025-03-02,6,,weekend,1,0,0,2,2,60,53,0,0,0,0,,0,0,0,Прощёное воскресенье (конец Масленицы),0,0
2025-03-03,0,,workday,0,0,0,0,0,59,54,0,0,0,0,,0,0,0,,0,0
2025-03-04,1,,workday,0,0,0,0,0,58,55,0,0,0,0,,0,0,0,,0,0
2025-03-05,2,,workday,0,0,0,0,0,57,56,0,0,0,0,,0,0,0,,0,0
2025-03-06,3,,workday,0,0,0,0,0,56,57,0,0,0,0,,0,0,0,,0,0
2025-03-07,4,,short_workday,0,0,1,0,0,55,58,0,0,0,0,,0,0,0,,0,0
2025-03-08,5,Международный женский день,holiday,1,1,0,2,1,54,59,0,0,0,0,,0,0,0,,0,0
2025-03-09,6,,weekend,1,0,0,2,2,53,60,0,0,0,0,,0,0,0,,0,0
2025-03-10,0,,workday,0,0,0,0,0,52,61,0,0,0,0,,0,0,0,,0,0
2025-03-11,1,,workday,0,0,0,0,0,51,62,0,0,0,0,,0,0,0,,0,0
2025-03-12,2,,workday,0,0,0,0,0,50,63,0,0,0,0,,0,0,0,,0,0
2025-03-13,3,,workday,0,0,0,0,0,49,64,0,0,0,0,,0,0,0,,0,0
2025-03-14,4,,workday,0,0,0,0,0,48,65,0,0,0,0,,0,0,0,,0,0
2025-03-15,5,,weekend,1,0,0,2,1,47,66,0,0,0,0,,0,0,0,,0,0
2025-03-16,6,,weekend,1,0,0,2,2,46,67,0,0,0,0,,0,0,0,,0,0
2025-03-17,0,,workday,0,0,0,0,0,45,68,0,0,0,0,,0,0,0,,0,0
2025-03-18,1,,workday,0,0,0,0,0,44,69,0,0,0,0,,0,0,0,,0,0
2025-03-19,2,,workday,0,0,0,0,0,43,70,0,0,0,0,,0,0,0,,0,0
2025-03-20,3,,workday,0,0,0,0,0,42,71,0,0,0,0,,0,0,0,,0,0
2025-03-21,4,,workday,0,0,0,0,0,41,72,0,0,0,0,,0,0,0,,0,0
2025-03-22,5,,weekend,1,0,0,2,1,40,73,0,0,0,0,весенние,1,0,0,,0,0
2025-03-23,6,,weekend,1,0,0,2,2,39,74,0,0,0,0,весенние,1,0,0,,0,0
2025-03-24,0,,workday,0,0,0,0,0,38,75,0,0,0,0,весенние,1,0,0,,0,0
2025-03-25,1,,workday,0,0,0,0,0,37,76,0,0,0,0,весенние,1,0,0,,0,0
2025-03-26,2,,workday,0,0,0,0,0,36,77,0,0,0,0,весенние,1,0,0,,0,0
2025-03-27,3,,workday,0,0,0,0,0,35,78,0,0,0,0,весенние,1,0,0,,0,0
2025-03-28,4,,workday,0,0,0,0,0,34,79,0,0,0,0,весенние,1,0,0,,0,0
2025-03-29,5,,weekend,1,0,0,2,1,33,80,0,0,0,0,весенние,1,0,0,,0,0
2025-03-30,6,,weekend,1,0,0,2,2,32,81,0,0,0,0,весенние,1,0,0,,0,0
2025-03-31,0,,workday,0,0,0,0,0,31,82,0,0,0,0,,0,0,0,,0,0
2025-04-01,1,,workday,0,0,0,0,0,30,83,0,0,0,0,,0,0,0,,0,0
2025-04-02,2,,workday,0,0,0,0,0,29,84,0,0,0,0,,0,0,0,,0,0
2025-04-03,3,,workday,0,0,0,0,0,28,85,0,0,0,0,,0,0,0,,0,0
2025-04-04,4,,workday,0,0,0,0,0,27,86,0,0,0,0,,0,0,0,,0,0
2025-04-05,5,,weekend,1,0,0,2,1,26,87,0,0,0,0,,0,0,0,,0,0
2025-04-06,6,,weekend,1,0,0,2,2,25,88,0,0,0,0,,0,0,0,,0,0
2025-04-07,0,,workday,0,0,0,0,0,24,89,0,0,0,0,,0,0,0,,0,0
2025-04-08,1,,workday,0,0,0,0,0,23,90,0,0,0,0,,0,0,0,,0,0
2025-04-09,2,,workday,0,0,0,0,0,22,91,0,0,0,0,,0,0,0,,0,0
2025-04-10,3,,workday,0,0,0,0,0,21,92,0,0,0,0,,0,0,0,,0,0
2025-04-11,4,,workday,0,0,0,0,0,20,93,0,0,0,0,,0,0,0,,0,0
2025-04-12,5,,weekend,1,0,0,2,1,19,94,0,0,0,0,,0,0,0,,0,0
2025-04-13,6,,weekend,1,0,0,2,2,18,95,0,0,0,0,,0,0,0,Вербное воскресенье,1,0
2025-04-14,0,,workday,0,0,0,0,0,17,96,0,0,0,0,,0,0,0,,0,0
2025-04-15,1,,workday,0,0,0,0,0,16,97,0,0,0,0,,0,0,0,,0,0
2025-04-16,2,,workday,0,0,0,0,0,15,98,0,0,0,0,,0,0,0,,0,0
2025-04-17,3,,workday,0,0,0,0,0,14,99,0,0,0,0,,0,0,0,,0,0
2025-04-18,4,,workday,0,0,0,0,0,13,100,0,0,0,0,,0,0,0,,0,0
2025-04-19,5,,weekend,1,0,0,2,1,12,101,0,0,0,0,,0,0,0,"Великая суббота, пасхальная служба ночью",0,0
2025-04-20,6,,weekend,1,0,0,2,2,11,102,0,0,0,0,,0,0,0,Пасха,1,0
2025-04-21,0,,workday,0,0,0,0,0,10,103,0,0,0,0,,0,0,0,,0,0
2025-04-22,1,,workday,0,0,0,0,0,9,104,0,0,0,0,,0,0,0,,0,0
2025-04-23,2,,workday,0,0,0,0,0,8,105,0,0,0,0,,0,0,0,,0,0
2025-04-24,3,,workday,0,0,0,0,0,7,106,0,0,0,0,,0,0,0,,0,0
2025-04-25,4,,workday,0,0,0,0,0,6,107,0,0,0,0,,0,0,0,,0,0
2025-04-26,5,,weekend,1,0,0,2,1,5,108,0,0,0,0,,0,0,0,,0,0
2025-04-27,6,,weekend,1,0,0,2,2,4,109,0,0,0,0,,0,0,0,Красная горка,1,0
2025-04-28,0,,workday,0,0,0,0,0,3,110,0,0,0,0,,0,0,0,,0,0
2025-04-29,1,,workday,0,0,0,0,0,2,111,0,0,0,0,,0,0,0,Радоница,1,0
2025-04-30,2,,short_workday,0,0,1,0,0,1,112,1,0,0,0,,0,0,0,,0,0
2025-05-01,3,Праздник Весны и Труда,holiday,1,1,0,4,1,0,0,0,0,0,1,,0,0,0,,0,0
2025-05-02,4,перенесённый выходной,transferred_day_off,1,1,0,4,2,0,0,0,0,0,1,,0,0,0,,0,0
2025-05-03,5,,weekend,1,0,0,4,3,0,0,0,0,0,1,,0,0,0,,0,0
2025-05-04,6,,weekend,1,0,0,4,4,0,0,0,0,0,1,,0,0,0,,0,0
2025-05-05,0,,workday,0,0,0,0,0,3,1,0,0,0,1,,0,0,0,,0,0
2025-05-06,1,,workday,0,0,0,0,0,2,2,0,0,0,1,,0,0,0,,0,0
2025-05-07,2,,workday,0,0,0,0,0,1,3,1,0,0,1,,0,0,0,,0,0
2025-05-08,3,перенесённый выходной,transferred_day_off,1,1,0,4,1,0,0,0,0,0,1,,0,0,0,,0,0
2025-05-09,4,День Победы,holiday,1,1,0,4,2,0,0,0,0,0,1,,0,0,0,,0,0
2025-05-10,5,,weekend,1,0,0,4,3,0,0,0,0,0,1,,0,0,0,,0,0
2025-05-11,6,,weekend,1,0,0,4,4,0,0,0,0,0,1,,0,0,0,,0,0
2025-05-12,0,,workday,0,0,0,0,0,31,1,0,0,0,0,,0,0,0,,0,0
2025-05-13,1,,workday,0,0,0,0,0,30,2,0,0,0,0,,0,0,0,,0,0
2025-05-14,2,,workday,0,0,0,0,0,29,3,0,0,0,0,,0,0,0,,0,0
2025-05-15,3,,workday,0,0,0,0,0,28,4,0,0,0,0,,0,0,0,,0,0
2025-05-16,4,,workday,0,0,0,0,0,27,5,0,0,0,0,,0,0,0,,0,0
2025-05-17,5,,weekend,1,0,0,2,1,26,6,0,0,0,0,,0,0,0,,0,0
2025-05-18,6,,weekend,1,0,0,2,2,25,7,0,0,0,0,,0,0,0,,0,0
2025-05-19,0,,workday,0,0,0,0,0,24,8,0,0,0,0,,0,0,0,,0,0
2025-05-20,1,,workday,0,0,0,0,0,23,9,0,0,0,0,,0,0,0,,0,0
2025-05-21,2,,workday,0,0,0,0,0,22,10,0,0,0,0,,0,0,0,,0,0
2025-05-22,3,,workday,0,0,0,0,0,21,11,0,0,0,0,,0,0,0,,0,0
2025-05-23,4,,workday,0,0,0,0,0,20,12,0,0,0,0,,0,0,0,,0,0
2025-05-24,5,,weekend,1,0,0,2,1,19,13,0,0,0,0,,0,0,0,,0,0
2025-05-25,6,,weekend,1,0,0,2,2,18,14,0,0,0,0,,0,0,0,,0,0
2025-05-26,0,,workday,0,0,0,0,0,17,15,0,0,0,0,,0,0,0,,0,0
2025-05-27,1,,workday,0,0,0,0,0,16,16,0,0,0,0,летние,1,1,0,,0,0
2025-05-28,2,,workday,0,0,0,0,0,15,17,0,0,0,0,летние,1,1,0,,0,0
2025-05-29,3,,workday,0,0,0,0,0,14,18,0,0,0,0,летние,1,1,0,,0,0
2025-05-30,4,,workday,0,0,0,0,0,13,19,0,0,0,0,летние,1,1,0,,0,0
2025-05-31,5,,weekend,1,0,0,2,1,12,20,0,0,0,0,летние,1,1,0,,0,0
2025-06-01,6,,weekend,1,0,0,2,2,11,21,0,0,0,0,летние,1,1,0,,0,0
2025-06-02,0,,workday,0,0,0,0,0,10,22,0,0,0,0,летние,1,1,0,,0,0
2025-06-03,1,,workday,0,0,0,0,0,9,23,0,0,0,0,летние,1,1,0,,0,0
2025-06-04,2,,workday,0,0,0,0,0,8,24,0,0,0,0,летние,1,1,0,,0,0
2025-06-05,3,,workday,0,0,0,0,0,7,25,0,0,0,0,летние,1,1,0,,0,0
2025-06-06,4,,workday,0,0,0,0,0,6,26,0,0,0,0,летние,1,1,0,,0,0
2025-06-07,5,,weekend,1,0,0,2,1,5,27,0,0,0,0,летние,1,1,0,,0,0
2025-06-08,6,,weekend,1,0,0,2,2,4,28,0,0,0,0,летние,1,1,0,Троица,1,0
2025-06-09,0,,workday,0,0,0,0,0,3,29,0,0,0,0,летние,1,1,0,,0,0
2025-06-10,1,,workday,0,0,0,0,0,2,30,0,0,0,0,летние,1,1,0,,0,0
2025-06-11,2,,short_workday,0,0,1,0,0,1,31,1,0,0,0,летние,1,1,0,,0,0
2025-06-12,3,День России,holiday,1,1,0,4,1,0,0,0,0,0,0,летние,1,1,0,,0,0
2025-06-13,4,перенесённый выходной,transferred_day_off,1,1,0,4,2,0,0,0,0,0,0,летние,1,1,0,,0,0
2025-06-14,5,,weekend,1,0,0,4,3,0,0,0,0,0,0,летние,1,1,0,,0,0
2025-06-15,6,,weekend,1,0,0,4,4,0,0,0,0,0,0,летние,1,1,0,,0,0
2025-06-16,0,,workday,0,0,0,0,0,139,1,0,0,0,0,летние,1,1,0,,0,0
2025-06-17,1,,workday,0,0,0,0,0,138,2,0,0,0,0,летние,1,1,0,,0,0
2025-06-18,2,,workday,0,0,0,0,0,137,3,0,0,0,0,летние,1,1,0,,0,0
2025-06-19,3,,workday,0,0,0,0,0,136,4,0,0,0,0,летние,1,1,0,,0,0
2025-06-20,4,,workday,0,0,0,0,0,135,5,0,0,0,0,летние,1,1,0,,0,0
2025-06-21,5,,weekend,1,0,0,2,1,134,6,0,0,0,0,летние,1,1,0,,0,0
2025-06-22,6,,weekend,1,0,0,2,2,133,7,0,0,0,0,летние,1,1,0,,0,0
2025-06-23,0,,workday,0,0,0,0,0,132,8,0,0,0,0,летние,1,1,0,,0,0
2025-06-24,1,,workday,0,0,0,0,0,131,9,0,0,0,0,летние,1,1,0,,0,0
2025-06-25,2,,workday,0,0,0,0,0,130,10,0,0,0,0,летние,1,1,0,,0,0
2025-06-26,3,,workday,0,0,0,0,0,129,11,0,0,0,0,летние,1,1,0,,0,0
2025-06-27,4,,workday,0,0,0,0,0,128,12,0,0,0,0,летние,1,1,0,,0,0
2025-06-28,5,,weekend,1,0,0,2,1,127,13,0,0,0,0,летние,1,1,0,,0,0
2025-06-29,6,,weekend,1,0,0,2,2,126,14,0,0,0,0,летние,1,1,0,,0,0
2025-06-30,0,,workday,0,0,0,0,0,125,15,0,0,0,0,летние,1,1,0,,0,0
2025-07-01,1,,workday,0,0,0,0,0,124,16,0,0,0,0,летние,1,1,0,,0,0
2025-07-02,2,,workday,0,0,0,0,0,123,17,0,0,0,0,летние,1,1,0,,0,0
2025-07-03,3,,workday,0,0,0,0,0,122,18,0,0,0,0,летние,1,1,0,,0,0
2025-07-04,4,,workday,0,0,0,0,0,121,19,0,0,0,0,летние,1,1,0,,0,0
2025-07-05,5,,weekend,1,0,0,2,1,120,20,0,0,0,0,летние,1,1,0,,0,0
2025-07-06,6,,weekend,1,0,0,2,2,119,21,0,0,0,0,летние,1,1,0,,0,0
2025-07-07,0,,workday,0,0,0,0,0,118,22,0,0,0,0,летние,1,1,0,,0,0
2025-07-08,1,,workday,0,0,0,0,0,117,23,0,0,0,0,летние,1,1,0,,0,0
2025-07-09,2,,workday,0,0,0,0,0,116,24,0,0,0,0,летние,1,1,0,,0,0
2025-07-10,3,,workday,0,0,0,0,0,115,25,0,0,0,0,летние,1,1,0,,0,0
2025-07-11,4,,workday,0,0,0,0,0,114,26,0,0,0,0,летние,1,1,0,,0,0
2025-07-12,5,,weekend,1,0,0,2,1,113,27,0,0,0,0,летние,1,1,0,,0,0
2025-07-13,6,,weekend,1,0,0,2,2,112,28,0,0,0,0,летние,1,1,0,,0,0
2025-07-14,0,,workday,0,0,0,0,0,111,29,0,0,0,0,летние,1,1,0,,0,0
2025-07-15,1,,workday,0,0,0,0,0,110,30,0,0,0,0,летние,1,1,0,,0,0
2025-07-16,2,,workday,0,0,0,0,0,109,31,0,0,0,0,летние,1,1,0,,0,0
2025-07-17,3,,workday,0,0,0,0,0,108,32,0,0,0,0,летние,1,1,0,,0,0
2025-07-18,4,,workday,0,0,0,0,0,107,33,0,0,0,0,летние,1,1,0,,0,0
2025-07-19,5,,weekend,1,0,0,2,1,106,34,0,0,0,0,летние,1,1,0,,0,0
2025-07-20,6,,weekend,1,0,0,2,2,105,35,0,0,0,0,летние,1,1,0,,0,0
2025-07-21,0,,workday,0,0,0,0,0,104,36,0,0,0,0,летние,1,1,0,,0,0
2025-07-22,1,,workday,0,0,0,0,0,103,37,0,0,0,0,летние,1,1,0,,0,0
2025-07-23,2,,workday,0,0,0,0,0,102,38,0,0,0,0,летние,1,1,0,,0,0
2025-07-24,3,,workday,0,0,0,0,0,101,39,0,0,0,0,летние,1,1,0,,0,0
2025-07-25,4,,workday,0,0,0,0,0,100,40,0,0,0,0,летние,1,1,0,,0,0
2025-07-26,5,,weekend,1,0,0,2,1,99,41,0,0,0,0,летние,1,1,0,,0,0
2025-07-27,6,,weekend,1,0,0,2,2,98,42,0,0,0,0,летние,1,1,0,,0,0
2025-07-28,0,,workday,0,0,0,0,0,97,43,0,0,0,0,летние,1,1,0,,0,0
2025-07-29,1,,workday,0,0,0,0,0,96,44,0,0,0,0,летние,1,1,0,,0,0
2025-07-30,2,,workday,0,0,0,0,0,95,45,0,0,0,0,летние,1,1,0,,0,0
2025-07-31,3,,workday,0,0,0,0,0,94,46,0,0,0,0,летние,1,1,0,,0,0
2025-08-01,4,,workday,0,0,0,0,0,93,47,0,0,0,0,летние,1,1,0,,0,0
2025-08-02,5,,weekend,1,0,0,2,1,92,48,0,0,0,0,летние,1,1,0,,0,0
2025-08-03,6,,weekend,1,0,0,2,2,91,49,0,0,0,0,летние,1,1,0,,0,0
2025-08-04,0,,workday,0,0,0,0,0,90,50,0,0,0,0,летние,1,1,0,,0,0
2025-08-05,1,,workday,0,0,0,0,0,89,51,0,0,0,0,летние,1,1,0,,0,0
2025-08-06,2,,workday,0,0,0,0,0,88,52,0,0,0,0,летние,1,1,0,,0,0
2025-08-07,3,,workday,0,0,0,0,0,87,53,0,0,0,0,летние,1,1,0,,0,0
2025-08-08,4,,workday,0,0,0,0,0,86,54,0,0,0,0,летние,1,1,0,,0,0
2025-08-09,5,,weekend,1,0,0,2,1,85,55,0,0,0,0,летние,1,1,0,,0,0
2025-08-10,6,,weekend,1,0,0,2,2,84,56,0,0,0,0,летние,1,1,0,,0,0
2025-08-11,0,,workday,0,0,0,0,0,83,57,0,0,0,0,летние,1,1,0,,0,0
2025-08-12,1,,workday,0,0,0,0,0,82,58,0,0,0,0,летние,1,1,0,,0,0
2025-08-13,2,,workday,0,0,0,0,0,81,59,0,0,0,0,летние,1,1,0,,0,0
2025-08-14,3,,workday,0,0,0,0,0,80,60,0,0,0,0,летние,1,1,0,,0,0
2025-08-15,4,,workday,0,0,0,0,0,79,61,0,0,0,0,летние,1,1,0,,0,0
2025-08-16,5,,weekend,1,0,0,2,1,78,62,0,0,0,0,летние,1,1,0,,0,0
2025-08-17,6,,weekend,1,0,0,2,2,77,63,0,0,0,0,летние,1,1,0,,0,0
2025-08-18,0,,workday,0,0,0,0,0,76,64,0,0,0,0,летние,1,1,0,,0,0
2025-08-19,1,,workday,0,0,0,0,0,75,65,0,0,0,0,летние,1,1,0,,0,0
2025-08-20,2,,workday,0,0,0,0,0,74,66,0,0,0,0,летние,1,1,0,,0,0
2025-08-21,3,,workday,0,0,0,0,0,73,67,0,0,0,0,летние,1,1,0,,0,0
2025-08-22,4,,workday,0,0,0,0,0,72,68,0,0,0,0,летние,1,1,0,,0,0
2025-08-23,5,,weekend,1,0,0,2,1,71,69,0,0,0,0,летние,1,1,0,,0,0
2025-08-24,6,,weekend,1,0,0,2,2,70,70,0,0,0,0,летние,1,1,0,,0,0
2025-08-25,0,,workday,0,0,0,0,0,69,71,0,0,0,0,летние,1,1,0,,0,0
2025-08-26,1,,workday,0,0,0,0,0,68,72,0,0,0,0,летние,1,1,0,,0,0
2025-08-27,2,,workday,0,0,0,0,0,67,73,0,0,0,0,летние,1,1,0,,0,0
2025-08-28,3,,workday,0,0,0,0,0,66,74,0,0,0,0,летние,1,1,0,,0,0
2025-08-29,4,,workday,0,0,0,0,0,65,75,0,0,0,0,летние,1,1,0,,0,0
2025-08-30,5,,weekend,1,0,0,2,1,64,76,0,0,0,0,летние,1,1,0,,0,0
2025-08-31,6,,weekend,1,0,0,2,2,63,77,0,0,0,0,летние,1,1,0,,0,0
2025-09-01,0,,workday,0,0,0,0,0,62,78,0,0,0,0,,0,0,1,,0,0
2025-09-02,1,,workday,0,0,0,0,0,61,79,0,0,0,0,,0,0,1,,0,0
2025-09-03,2,,workday,0,0,0,0,0,60,80,0,0,0,0,,0,0,1,,0,0
2025-09-04,3,,workday,0,0,0,0,0,59,81,0,0,0,0,,0,0,1,,0,0
2025-09-05,4,,workday,0,0,0,0,0,58,82,0,0,0,0,,0,0,1,,0,0
2025-09-06,5,,weekend,1,0,0,2,1,57,83,0,0,0,0,,0,0,1,,0,0
2025-09-07,6,,weekend,1,0,0,2,2,56,84,0,0,0,0,,0,0,1,,0,0
2025-09-08,0,,workday,0,0,0,0,0,55,85,0,0,0,0,,0,0,0,,0,0
2025-09-09,1,,workday,0,0,0,0,0,54,86,0,0,0,0,,0,0,0,,0,0
2025-09-10,2,,workday,0,0,0,0,0,53,87,0,0,0,0,,0,0,0,,0,0
2025-09-11,3,,workday,0,0,0,0,0,52,88,0,0,0,0,,0,0,0,,0,0
2025-09-12,4,,workday,0,0,0,0,0,51,89,0,0,0,0,,0,0,0,,0,0
2025-09-13,5,,weekend,1,0,0,2,1,50,90,0,0,0,0,,0,0,0,,0,1
2025-09-14,6,,weekend,1,0,0,2,2,49,91,0,0,0,0,,0,0,0,,0,1
2025-09-15,0,,workday,0,0,0,0,0,48,92,0,0,0,0,,0,0,0,,0,0
2025-09-16,1,,workday,0,0,0,0,0,47,93,0,0,0,0,,0,0,0,,0,0
2025-09-17,2,,workday,0,0,0,0,0,46,94,0,0,0,0,,0,0,0,,0,0
2025-09-18,3,,workday,0,0,0,0,0,45,95,0,0,0,0,,0,0,0,,0,0
2025-09-19,4,,workday,0,0,0,0,0,44,96,0,0,0,0,,0,0,0,,0,0
2025-09-20,5,,weekend,1,0,0,2,1,43,97,0,0,0,0,,0,0,0,,0,0
2025-09-21,6,,weekend,1,0,0,2,2,42,98,0,0,0,0,,0,0,0,,0,0
2025-09-22,0,,workday,0,0,0,0,0,41,99,0,0,0,0,,0,0,0,,0,0
2025-09-23,1,,workday,0,0,0,0,0,40,100,0,0,0,0,,0,0,0,,0,0
2025-09-24,2,,workday,0,0,0,0,0,39,101,0,0,0,0,,0,0,0,,0,0
2025-09-25,3,,workday,0,0,0,0,0,38,102,0,0,0,0,,0,0,0,,0,0
2025-09-26,4,,workday,0,0,0,0,0,37,103,0,0,0,0,,0,0,0,,0,0
2025-09-27,5,,weekend,1,0,0,2,1,36,104,0,0,0,0,,0,0,0,,0,0
2025-09-28,6,,weekend,1,0,0,2,2,35,105,0,0,0,0,,0,0,0,,0,0
2025-09-29,0,,workday,0,0,0,0,0,34,106,0,0,0,0,,0,0,0,,0,0
2025-09-30,1,,workday,0,0,0,0,0,33,107,0,0,0,0,,0,0,0,,0,0
2025-10-01,2,,workday,0,0,0,0,0,32,108,0,0,0,0,,0,0,0,,0,0
2025-10-02,3,,workday,0,0,0,0,0,31,109,0,0,0,0,,0,0,0,,0,0
2025-10-03,4,,workday,0,0,0,0,0,30,110,0,0,0,0,,0,0,0,,0,0
2025-10-04,5,,weekend,1,0,0,2,1,29,111,0,0,0,0,,0,0,0,,0,0
2025-10-05,6,,weekend,1,0,0,2,2,28,112,0,0,0,0,,0,0,0,,0,0
2025-10-06,0,,workday,0,0,0,0,0,27,113,0,0,0,0,,0,0,0,,0,0
2025-10-07,1,,workday,0,0,0,0,0,26,114,0,0,0,0,,0,0,0,,0,0
2025-10-08,2,,workday,0,0,0,0,0,25,115,0,0,0,0,,0,0,0,,0,0
2025-10-09,3,,workday,0,0,0,0,0,24,116,0,0,0,0,,0,0,0,,0,0
2025-10-10,4,,workday,0,0,0,0,0,23,117,0,0,0,0,,0,0,0,,0,0
2025-10-11,5,,weekend,1,0,0,2,1,22,118,0,0,0,0,,0,0,0,,0,0
2025-10-12,6,,weekend,1,0,0,2,2,21,119,0,0,0,0,,0,0,0,,0,0
2025-10-13,0,,workday,0,0,0,0,0,20,120,0,0,0,0,,0,0,0,,0,0
2025-10-14,1,,workday,0,0,0,0,0,19,121,0,0,0,0,,0,0,0,,0,0
2025-10-15,2,,workday,0,0,0,0,0,18,122,0,0,0,0,,0,0,0,,0,0
2025-10-16,3,,workday,0,0,0,0,0,17,123,0,0,0,0,,0,0,0,,0,0
2025-10-17,4,,workday,0,0,0,0,0,16,124,0,0,0,0,,0,0,0,,0,0
2025-10-18,5,,weekend,1,0,0,2,1,15,125,0,0,0,0,,0,0,0,,0,0
2025-10-19,6,,weekend,1,0,0,2,2,14,126,0,0,0,0,,0,0,0,,0,0
2025-10-20,0,,workday,0,0,0,0,0,13,127,0,0,0,0,,0,0,0,,0,0
2025-10-21,1,,workday,0,0,0,0,0,12,128,0,0,0,0,,0,0,0,,0,0
2025-10-22,2,,workday,0,0,0,0,0,11,129,0,0,0,0,,0,0,0,,0,0
2025-10-23,3,,workday,0,0,0,0,0,10,130,0,0,0,0,,0,0,0,,0,0
2025-10-24,4,,workday,0,0,0,0,0,9,131,0,0,0,0,,0,0,0,,0,0
2025-10-25,5,,weekend,1,0,0,2,1,8,132,0,0,0,0,осенние,1,0,0,,0,0
2025-10-26,6,,weekend,1,0,0,2,2,7,133,0,0,0,0,осенние,1,0,0,,0,0
2025-10-27,0,,workday,0,0,0,0,0,6,134,0,0,0,0,осенние,1,0,0,,0,0
2025-10-28,1,,workday,0,0,0,0,0,5,135,0,0,0,0,осенние,1,0,0,,0,0
2025-10-29,2,,workday,0,0,0,0,0,4,136,0,0,0,0,осенние,1,0,0,,0,0
2025-10-30,3,,workday,0,0,0,0,0,3,137,0,0,0,0,осенние,1,0,0,,0,0
2025-10-31,4,,workday,0,0,0,0,0,2,138,0,0,0,0,осенние,1,0,0,,0,0
2025-11-01,5,,working_saturday_short,0,0,1,0,0,1,139,1,0,0,0,осенние,1,0,0,,0,0
2025-11-02,6,,weekend,1,0,0,3,1,0,0,0,0,0,0,осенние,1,0,0,,0,0
2025-11-03,0,перенесённый выходной,transferred_day_off,1,1,0,3,2,0,0,0,0,0,0,осенние,1,0,0,,0,0
2025-11-04,1,День народного единства,holiday,1,1,0,3,3,0,0,0,0,0,0,осенние,1,0,0,,0,0
2025-11-05,2,,workday,0,0,0,0,0,56,1,0,0,0,0,,0,0,0,,0,0
2025-11-06,3,,workday,0,0,0,0,0,55,2,0,0,0,0,,0,0,0,,0,0
2025-11-07,4,,workday,0,0,0,0,0,54,3,0,0,0,0,,0,0,0,,0,0
2025-11-08,5,,weekend,1,0,0,2,1,53,4,0,0,0,0,,0,0,0,,0,0
2025-11-09,6,,weekend,1,0,0,2,2,52,5,0,0,0,0,,0,0,0,,0,0
2025-11-10,0,,workday,0,0,0,0,0,51,6,0,0,0,0,,0,0,0,,0,0
2025-11-11,1,,workday,0,0,0,0,0,50,7,0,0,0,0,,0,0,0,,0,0
2025-11-12,2,,workday,0,0,0,0,0,49,8,0,0,0,0,,0,0,0,,0,0
2025-11-13,3,,workday,0,0,0,0,0,48,9,0,0,0,0,,0,0,0,,0,0
2025-11-14,4,,workday,0,0,0,0,0,47,10,0,0,0,0,,0,0,0,,0,0
2025-11-15,5,,weekend,1,0,0,2,1,46,11,0,0,0,0,,0,0,0,,0,0
2025-11-16,6,,weekend,1,0,0,2,2,45,12,0,0,0,0,,0,0,0,,0,0
2025-11-17,0,,workday,0,0,0,0,0,44,13,0,0,0,0,,0,0,0,,0,0
2025-11-18,1,,workday,0,0,0,0,0,43,14,0,0,0,0,,0,0,0,,0,0
2025-11-19,2,,workday,0,0,0,0,0,42,15,0,0,0,0,,0,0,0,,0,0
2025-11-20,3,,workday,0,0,0,0,0,41,16,0,0,0,0,,0,0,0,,0,0
2025-11-21,4,,workday,0,0,0,0,0,40,17,0,0,0,0,,0,0,0,,0,0
2025-11-22,5,,weekend,1,0,0,2,1,39,18,0,0,0,0,,0,0,0,,0,0
2025-11-23,6,,weekend,1,0,0,2,2,38,19,0,0,0,0,,0,0,0,,0,0
2025-11-24,0,,workday,0,0,0,0,0,37,20,0,0,0,0,,0,0,0,,0,0
2025-11-25,1,,workday,0,0,0,0,0,36,21,0,0,0,0,,0,0,0,,0,0
2025-11-26,2,,workday,0,0,0,0,0,35,22,0,0,0,0,,0,0,0,,0,0
2025-11-27,3,,workday,0,0,0,0,0,34,23,0,0,0,0,,0,0,0,,0,0
2025-11-28,4,,workday,0,0,0,0,0,33,24,0,0,0,0,,0,0,0,,0,0
2025-11-29,5,,weekend,1,0,0,2,1,32,25,0,0,0,0,,0,0,0,,0,0
2025-11-30,6,,weekend,1,0,0,2,2,31,26,0,0,0,0,,0,0,0,,0,0
2025-12-01,0,,workday,0,0,0,0,0,30,27,0,0,0,0,,0,0,0,,0,0
2025-12-02,1,,workday,0,0,0,0,0,29,28,0,0,0,0,,0,0,0,,0,0
2025-12-03,2,,workday,0,0,0,0,0,28,29,0,0,0,0,,0,0,0,,0,0
2025-12-04,3,,workday,0,0,0,0,0,27,30,0,0,0,0,,0,0,0,,0,0
2025-12-05,4,,workday,0,0,0,0,0,26,31,0,0,0,0,,0,0,0,,0,0
2025-12-06,5,,weekend,1,0,0,2,1,25,32,0,0,0,0,,0,0,0,,0,0
2025-12-07,6,,weekend,1,0,0,2,2,24,33,0,0,0,0,,0,0,0,,0,0
2025-12-08,0,,workday,0,0,0,0,0,23,34,0,0,0,0,,0,0,0,,0,0
2025-12-09,1,,workday,0,0,0,0,0,22,35,0,0,0,0,,0,0,0,,0,0
2025-12-10,2,,workday,0,0,0,0,0,21,36,0,0,0,0,,0,0,0,,0,0
2025-12-11,3,,workday,0,0,0,0,0,20,37,0,0,0,0,,0,0,0,,0,0
2025-12-12,4,,workday,0,0,0,0,0,19,38,0,0,0,0,,0,0,0,,0,0
2025-12-13,5,,weekend,1,0,0,2,1,18,39,0,0,0,0,,0,0,0,,0,0
2025-12-14,6,,weekend,1,0,0,2,2,17,40,0,0,0,0,,0,0,0,,0,0
2025-12-15,0,,workday,0,0,0,0,0,16,41,0,0,0,0,,0,0,0,,0,0
2025-12-16,1,,workday,0,0,0,0,0,15,42,0,0,0,0,,0,0,0,,0,0
2025-12-17,2,,workday,0,0,0,0,0,14,43,0,0,0,0,,0,0,0,,0,0
2025-12-18,3,,workday,0,0,0,0,0,13,44,0,0,0,0,,0,0,0,,0,0
2025-12-19,4,,workday,0,0,0,0,0,12,45,0,0,0,0,,0,0,0,,0,0
2025-12-20,5,,weekend,1,0,0,2,1,11,46,0,0,0,0,,0,0,0,,0,0
2025-12-21,6,,weekend,1,0,0,2,2,10,47,0,0,0,0,,0,0,0,,0,0
2025-12-22,0,,workday,0,0,0,0,0,9,48,0,0,0,0,,0,0,0,,0,0
2025-12-23,1,,workday,0,0,0,0,0,8,49,0,0,0,0,,0,0,0,,0,0
2025-12-24,2,,workday,0,0,0,0,0,7,50,0,0,0,0,,0,0,0,,0,0
2025-12-25,3,,workday,0,0,0,0,0,6,51,0,0,0,0,,0,0,0,,0,0
2025-12-26,4,,workday,0,0,0,0,0,5,52,0,0,0,0,,0,0,0,,0,0
2025-12-27,5,,weekend,1,0,0,2,1,4,53,0,0,0,0,,0,0,0,,0,0
2025-12-28,6,,weekend,1,0,0,2,2,3,54,0,0,0,0,,0,0,0,,0,0
2025-12-29,0,,workday,0,0,0,0,0,2,55,0,0,0,0,,0,0,0,,0,0
2025-12-30,1,,workday,0,0,0,0,0,1,56,1,0,0,0,,0,0,0,,0,0
2025-12-31,2,перенесённый выходной,transferred_day_off,1,1,0,12,1,0,0,0,1,0,0,зимние,1,0,0,,0,0
2026-01-01,3,Новогодние каникулы,holiday,1,1,0,12,2,0,0,0,1,0,0,зимние,1,0,0,,0,0
2026-01-02,4,Новогодние каникулы,holiday,1,1,0,12,3,0,0,0,1,0,0,зимние,1,0,0,,0,0
2026-01-03,5,Новогодние каникулы,holiday,1,1,0,12,4,0,0,0,1,0,0,зимние,1,0,0,,0,0
2026-01-04,6,Новогодние каникулы,holiday,1,1,0,12,5,0,0,0,1,0,0,зимние,1,0,0,,0,0
2026-01-05,0,Новогодние каникулы,holiday,1,1,0,12,6,0,0,0,1,0,0,зимние,1,0,0,,0,0
2026-01-06,1,Новогодние каникулы,holiday,1,1,0,12,7,0,0,0,1,0,0,зимние,1,0,0,"Сочельник, рождественская служба ночью",0,0
2026-01-07,2,Рождество Христово,holiday,1,1,0,12,8,0,0,0,1,0,0,зимние,1,0,0,,0,0
2026-01-08,3,Новогодние каникулы,holiday,1,1,0,12,9,0,0,0,1,0,0,зимние,1,0,0,,0,0
2026-01-09,4,перенесённый выходной,transferred_day_off,1,1,0,12,10,0,0,0,1,0,0,зимние,1,0,0,,0,0
2026-01-10,5,,weekend,1,0,0,12,11,0,0,0,1,0,0,зимние,1,0,0,,0,0
2026-01-11,6,,weekend,1,0,0,12,12,0,0,0,1,0,0,зимние,1,0,0,,0,0
2026-01-12,0,,workday,0,0,0,0,0,40,1,0,0,1,0,,0,0,0,,0,0
2026-01-13,1,,workday,0,0,0,0,0,39,2,0,0,1,0,,0,0,0,,0,0
2026-01-14,2,,workday,0,0,0,0,0,38,3,0,0,1,0,,0,0,0,,0,0
2026-01-15,3,,workday,0,0,0,0,0,37,4,0,0,1,0,,0,0,0,,0,0
2026-01-16,4,,workday,0,0,0,0,0,36,5,0,0,1,0,,0,0,0,,0,0
2026-01-17,5,,weekend,1,0,0,2,1,35,6,0,0,0,0,,0,0,0,,0,0
2026-01-18,6,,weekend,1,0,0,2,2,34,7,0,0,0,0,,0,0,0,"Крещенский сочельник, купания ночью",0,0
2026-01-19,0,,workday,0,0,0,0,0,33,8,0,0,0,0,,0,0,0,,0,0
2026-01-20,1,,workday,0,0,0,0,0,32,9,0,0,0,0,,0,0,0,,0,0
2026-01-21,2,,workday,0,0,0,0,0,31,10,0,0,0,0,,0,0,0,,0,0
2026-01-22,3,,workday,0,0,0,0,0,30,11,0,0,0,0,,0,0,0,,0,0
2026-01-23,4,,workday,0,0,0,0,0,29,12,0,0,0,0,,0,0,0,,0,0
2026-01-24,5,,weekend,1,0,0,2,1,28,13,0,0,0,0,,0,0,0,,0,0
2026-01-25,6,,weekend,1,0,0,2,2,27,14,0,0,0,0,,0,0,0,,0,0
2026-01-26,0,,workday,0,0,0,0,0,26,15,0,0,0,0,,0,0,0,,0,0
2026-01-27,1,,workday,0,0,0,0,0,25,16,0,0,0,0,,0,0,0,,0,0
2026-01-28,2,,workday,0,0,0,0,0,24,17,0,0,0,0,,0,0,0,,0,0
2026-01-29,3,,workday,0,0,0,0,0,23,18,0,0,0,0,,0,0,0,,0,0
2026-01-30,4,,workday,0,0,0,0,0,22,19,0,0,0,0,,0,0,0,,0,0
2026-01-31,5,,weekend,1,0,0,2,1,21,20,0,0,0,0,,0,0,0,,0,0
2026-02-01,6,,weekend,1,0,0,2,2,20,21,0,0,0,0,,0,0,0,,0,0
2026-02-02,0,,workday,0,0,0,0,0,19,22,0,0,0,0,,0,0,0,,0,0
2026-02-03,1,,workday,0,0,0,0,0,18,23,0,0,0,0,,0,0,0,,0,0
2026-02-04,2,,workday,0,0,0,0,0,17,24,0,0,0,0,,0,0,0,,0,0
2026-02-05,3,,workday,0,0,0,0,0,16,25,0,0,0,0,,0,0,0,,0,0
2026-02-06,4,,workday,0,0,0,0,0,15,26,0,0,0,0,,0,0,0,,0,0
2026-02-07,5,,weekend,1,0,0,2,1,14,27,0,0,0,0,,0,0,0,,0,0
2026-02-08,6,,weekend,1,0,0,2,2,13,28,0,0,0,0,,0,0,0,,0,0
2026-02-09,0,,workday,0,0,0,0,0,12,29,0,0,0,0,,0,0,0,,0,0
2026-02-10,1,,workday,0,0,0,0,0,11,30,0,0,0,0,,0,0,0,,0,0
2026-02-11,2,,workday,0,0,0,0,0,10,31,0,0,0,0,,0,0,0,,0,0
2026-02-12,3,,workday,0,0,0,0,0,9,32,0,0,0,0,,0,0,0,,0,0
2026-02-13,4,,workday,0,0,0,0,0,8,33,0,0,0,0,,0,0,0,,0,0
2026-02-14,5,,weekend,1,0,0,2,1,7,34,0,0,0,0,,0,0,0,,0,0
2026-02-15,6,,weekend,1,0,0,2,2,6,35,0,0,0,0,,0,0,0,,0,0
2026-02-16,0,,workday,0,0,0,0,0,5,36,0,0,0,0,,0,0,0,,0,0
2026-02-17,1,,workday,0,0,0,0,0,4,37,0,0,0,0,,0,0,0,,0,0
2026-02-18,2,,workday,0,0,0,0,0,3,38,0,0,0,0,,0,0,0,,0,0
2026-02-19,3,,workday,0,0,0,0,0,2,39,0,0,0,0,,0,0,0,,0,0
2026-02-20,4,,workday,0,0,0,0,0,1,40,1,0,0,0,,0,0,0,,0,0
2026-02-21,5,,weekend,1,0,0,3,1,0,0,0,0,0,0,дополнительные для 1 классов,1,0,0,,0,0
2026-02-22,6,,weekend,1,0,0,3,2,0,0,0,0,0,0,дополнительные для 1 классов,1,0,0,Прощёное воскресенье (конец Масленицы),0,0
2026-02-23,0,День защитника Отечества,holiday,1,1,0,3,3,0,0,0,0,0,0,дополнительные для 1 классов,1,0,0,,0,0
2026-02-24,1,,workday,0,0,0,0,0,11,1,0,0,0,0,дополнительные для 1 классов,1,0,0,,0,0
2026-02-25,2,,workday,0,0,0,0,0,10,2,0,0,0,0,дополнительные для 1 классов,1,0,0,,0,0
2026-02-26,3,,workday,0,0,0,0,0,9,3,0,0,0,0,дополнительные для 1 классов,1,0,0,,0,0
2026-02-27,4,,workday,0,0,0,0,0,8,4,0,0,0,0,дополнительные для 1 классов,1,0,0,,0,0
2026-02-28,5,,weekend,1,0,0,2,1,7,5,0,0,0,0,дополнительные для 1 классов,1,0,0,,0,0
2026-03-01,6,,weekend,1,0,0,2,2,6,6,0,0,0,0,дополнительные для 1 классов,1,0,0,,0,0
2026-03-02,0,,workday,0,0,0,0,0,5,7,0,0,0,0,,0,0,0,,0,0
2026-03-03,1,,workday,0,0,0,0,0,4,8,0,0,0,0,,0,0,0,,0,0
2026-03-04,2,,workday,0,0,0,0,0,3,9,0,0,0,0,,0,0,0,,0,0
2026-03-05,3,,workday,0,0,0,0,0,2,10,0,0,0,0,,0,0,0,,0,0
2026-03-06,4,,workday,0,0,0,0,0,1,11,1,0,0,0,,0,0,0,,0,0
2026-03-07,5,,weekend,1,0,0,3,1,0,0,0,0,0,0,,0,0,0,,0,0
2026-03-08,6,Международный женский день,holiday,1,1,0,3,2,0,0,0,0,0,0,,0,0,0,,0,0
2026-03-09,0,перенесённый выходной,transferred_day_off,1,1,0,3,3,0,0,0,0,0,0,,0,0,0,,0,0
2026-03-10,1,,workday,0,0,0,0,0,52,1,0,0,0,0,,0,0,0,,0,0
2026-03-11,2,,workday,0,0,0,0,0,51,2,0,0,0,0,,0,0,0,,0,0
2026-03-12,3,,workday,0,0,0,0,0,50,3,0,0,0,0,,0,0,0,,0,0
2026-03-13,4,,workday,0,0,0,0,0,49,4,0,0,0,0,,0,0,0,,0,0
2026-03-14,5,,weekend,1,0,0,2,1,48,5,0,0,0,0,,0,0,0,,0,0
2026-03-15,6,,weekend,1,0,0,2,2,47,6,0,0,0,0,,0,0,0,,0,0
2026-03-16,0,,workday,0,0,0,0,0,46,7,0,0,0,0,,0,0,0,,0,0
2026-03-17,1,,workday,0,0,0,0,0,45,8,0,0,0,0,,0,0,0,,0,0
2026-03-18,2,,workday,0,0,0,0,0,44,9,0,0,0,0,,0,0,0,,0,0
2026-03-19,3,,workday,0,0,0,0,0,43,10,0,0,0,0,,0,0,0,,0,0
2026-03-20,4,,workday,0,0,0,0,0,42,11,0,0,0,0,,0,0,0,,0,0
2026-03-21,5,,weekend,1,0,0,2,1,41,12,0,0,0,0,весенние,1,0,0,,0,0
2026-03-22,6,,weekend,1,0,0,2,2,40,13,0,0,0,0,весенние,1,0,0,,0,0
2026-03-23,0,,workday,0,0,0,0,0,39,14,0,0,0,0,весенние,1,0,0,,0,0
2026-03-24,1,,workday,0,0,0,0,0,38,15,0,0,0,0,весенние,1,0,0,,0,0
2026-03-25,2,,workday,0,0,0,0,0,37,16,0,0,0,0,весенние,1,0,0,,0,0
2026-03-26,3,,workday,0,0,0,0,0,36,17,0,0,0,0,весенние,1,0,0,,0,0
2026-03-27,4,,workday,0,0,0,0,0,35,18,0,0,0,0,весенние,1,0,0,,0,0
2026-03-28,5,,weekend,1,0,0,2,1,34,19,0,0,0,0,весенние,1,0,0,,0,0
2026-03-29,6,,weekend,1,0,0,2,2,33,20,0,0,0,0,весенние,1,0,0,,0,0
2026-03-30,0,,workday,0,0,0,0,0,32,21,0,0,0,0,,0,0,0,,0,0
2026-03-31,1,,workday,0,0,0,0,0,31,22,0,0,0,0,,0,0,0,,0,0
2026-04-01,2,,workday,0,0,0,0,0,30,23,0,0,0,0,,0,0,0,,0,0
2026-04-02,3,,workday,0,0,0,0,0,29,24,0,0,0,0,,0,0,0,,0,0
2026-04-03,4,,workday,0,0,0,0,0,28,25,0,0,0,0,,0,0,0,,0,0
2026-04-04,5,,weekend,1,0,0,2,1,27,26,0,0,0,0,,0,0,0,,0,0
2026-04-05,6,,weekend,1,0,0,2,2,26,27,0,0,0,0,,0,0,0,Вербное воскресенье,1,0
2026-04-06,0,,workday,0,0,0,0,0,25,28,0,0,0,0,,0,0,0,,0,0
2026-04-07,1,,workday,0,0,0,0,0,24,29,0,0,0,0,,0,0,0,,0,0
2026-04-08,2,,workday,0,0,0,0,0,23,30,0,0,0,0,,0,0,0,,0,0
2026-04-09,3,,workday,0,0,0,0,0,22,31,0,0,0,0,,0,0,0,,0,0
2026-04-10,4,,workday,0,0,0,0,0,21,32,0,0,0,0,,0,0,0,,0,0
2026-04-11,5,,weekend,1,0,0,2,1,20,33,0,0,0,0,,0,0,0,"Великая суббота, пасхальная служба ночью",0,0
2026-04-12,6,,weekend,1,0,0,2,2,19,34,0,0,0,0,,0,0,0,Пасха,1,0
2026-04-13,0,,workday,0,0,0,0,0,18,35,0,0,0,0,,0,0,0,,0,0
2026-04-14,1,,workday,0,0,0,0,0,17,36,0,0,0,0,,0,0,0,,0,0
2026-04-15,2,,workday,0,0,0,0,0,16,37,0,0,0,0,,0,0,0,,0,0
2026-04-16,3,,workday,0,0,0,0,0,15,38,0,0,0,0,,0,0,0,,0,0
2026-04-17,4,,workday,0,0,0,0,0,14,39,0,0,0,0,,0,0,0,,0,0
2026-04-18,5,,weekend,1,0,0,2,1,13,40,0,0,0,0,,0,0,0,,0,0
2026-04-19,6,,weekend,1,0,0,2,2,12,41,0,0,0,0,,0,0,0,Красная горка,1,0
2026-04-20,0,,workday,0,0,0,0,0,11,42,0,0,0,0,,0,0,0,,0,0
2026-04-21,1,,workday,0,0,0,0,0,10,43,0,0,0,0,,0,0,0,Радоница,1,0
2026-04-22,2,,workday,0,0,0,0,0,9,44,0,0,0,0,,0,0,0,,0,0
2026-04-23,3,,workday,0,0,0,0,0,8,45,0,0,0,0,,0,0,0,,0,0
2026-04-24,4,,workday,0,0,0,0,0,7,46,0,0,0,0,,0,0,0,,0,0
2026-04-25,5,,weekend,1,0,0,2,1,6,47,0,0,0,0,,0,0,0,,0,0
2026-04-26,6,,weekend,1,0,0,2,2,5,48,0,0,0,0,,0,0,0,,0,0
2026-04-27,0,,workday,0,0,0,0,0,4,49,0,0,0,0,,0,0,0,,0,0
2026-04-28,1,,workday,0,0,0,0,0,3,50,0,0,0,0,,0,0,0,,0,0
2026-04-29,2,,workday,0,0,0,0,0,2,51,0,0,0,0,,0,0,0,,0,0
2026-04-30,3,,short_workday,0,0,1,0,0,1,52,1,0,0,0,,0,0,0,,0,0
2026-05-01,4,Праздник Весны и Труда,holiday,1,1,0,3,1,0,0,0,0,0,1,,0,0,0,,0,0
2026-05-02,5,,weekend,1,0,0,3,2,0,0,0,0,0,1,,0,0,0,,0,0
2026-05-03,6,,weekend,1,0,0,3,3,0,0,0,0,0,1,,0,0,0,,0,0
2026-05-04,0,,workday,0,0,0,0,0,5,1,0,0,0,1,,0,0,0,,0,0
2026-05-05,1,,workday,0,0,0,0,0,4,2,0,0,0,1,,0,0,0,,0,0
2026-05-06,2,,workday,0,0,0,0,0,3,3,0,0,0,1,,0,0,0,,0,0
2026-05-07,3,,workday,0,0,0,0,0,2,4,0,0,0,1,,0,0,0,,0,0
2026-05-08,4,,short_workday,0,0,1,0,0,1,5,1,0,0,1,,0,0,0,,0,0
2026-05-09,5,День Победы,holiday,1,1,0,3,1,0,0,0,0,0,1,,0,0,0,,0,0
2026-05-10,6,,weekend,1,0,0,3,2,0,0,0,0,0,1,,0,0,0,,0,0
2026-05-11,0,перенесённый выходной,transferred_day_off,1,1,0,3,3,0,0,0,0,0,1,,0,0,0,,0,0
2026-05-12,1,,workday,0,0,0,0,0,31,1,0,0,0,0,,0,0,0,,0,0
2026-05-13,2,,workday,0,0,0,0,0,30,2,0,0,0,0,,0,0,0,,0,0
2026-05-14,3,,workday,0,0,0,0,0,29,3,0,0,0,0,,0,0,0,,0,0
2026-05-15,4,,workday,0,0,0,0,0,28,4,0,0,0,0,,0,0,0,,0,0
2026-05-16,5,,weekend,1,0,0,2,1,27,5,0,0,0,0,,0,0,0,,0,0
2026-05-17,6,,weekend,1,0,0,2,2,26,6,0,0,0,0,,0,0,0,,0,0
2026-05-18,0,,workday,0,0,0,0,0,25,7,0,0,0,0,,0,0,0,,0,0
2026-05-19,1,,workday,0,0,0,0,0,24,8,0,0,0,0,,0,0,0,,0,0
2026-05-20,2,,workday,0,0,0,0,0,23,9,0,0,0,0,,0,0,0,,0,0
2026-05-21,3,,workday,0,0,0,0,0,22,10,0,0,0,0,,0,0,0,,0,0
2026-05-22,4,,workday,0,0,0,0,0,21,11,0,0,0,0,,0,0,0,,0,0
2026-05-23,5,,weekend,1,0,0,2,1,20,12,0,0,0,0,,0,0,0,,0,0
2026-05-24,6,,weekend,1,0,0,2,2,19,13,0,0,0,0,,0,0,0,,0,0
2026-05-25,0,,workday,0,0,0,0,0,18,14,0,0,0,0,,0,0,0,,0,0
2026-05-26,1,,workday,0,0,0,0,0,17,15,0,0,0,0,,0,0,0,,0,0
2026-05-27,2,,workday,0,0,0,0,0,16,16,0,0,0,0,летние,1,1,0,,0,0
2026-05-28,3,,workday,0,0,0,0,0,15,17,0,0,0,0,летние,1,1,0,,0,0
2026-05-29,4,,workday,0,0,0,0,0,14,18,0,0,0,0,летние,1,1,0,,0,0
2026-05-30,5,,weekend,1,0,0,2,1,13,19,0,0,0,0,летние,1,1,0,,0,0
2026-05-31,6,,weekend,1,0,0,2,2,12,20,0,0,0,0,летние,1,1,0,Троица,1,0
2026-06-01,0,,workday,0,0,0,0,0,11,21,0,0,0,0,летние,1,1,0,,0,0
2026-06-02,1,,workday,0,0,0,0,0,10,22,0,0,0,0,летние,1,1,0,,0,0
2026-06-03,2,,workday,0,0,0,0,0,9,23,0,0,0,0,летние,1,1,0,,0,0
2026-06-04,3,,workday,0,0,0,0,0,8,24,0,0,0,0,летние,1,1,0,,0,0
2026-06-05,4,,workday,0,0,0,0,0,7,25,0,0,0,0,летние,1,1,0,,0,0
2026-06-06,5,,weekend,1,0,0,2,1,6,26,0,0,0,0,летние,1,1,0,,0,0
2026-06-07,6,,weekend,1,0,0,2,2,5,27,0,0,0,0,летние,1,1,0,,0,0
2026-06-08,0,,workday,0,0,0,0,0,4,28,0,0,0,0,летние,1,1,0,,0,0
2026-06-09,1,,workday,0,0,0,0,0,3,29,0,0,0,0,летние,1,1,0,,0,0
2026-06-10,2,,workday,0,0,0,0,0,2,30,0,0,0,0,летние,1,1,0,,0,0
2026-06-11,3,,short_workday,0,0,1,0,0,1,31,1,0,0,0,летние,1,1,0,,0,0
2026-06-12,4,День России,holiday,1,1,0,3,1,0,0,0,0,0,0,летние,1,1,0,,0,0
2026-06-13,5,,weekend,1,0,0,3,2,0,0,0,0,0,0,летние,1,1,0,,0,0
2026-06-14,6,,weekend,1,0,0,3,3,0,0,0,0,0,0,летние,1,1,0,,0,0
2026-06-15,0,,workday,0,0,0,0,0,99,1,0,0,0,0,летние,1,1,0,,0,0
2026-06-16,1,,workday,0,0,0,0,0,99,2,0,0,0,0,летние,1,1,0,,0,0
2026-06-17,2,,workday,0,0,0,0,0,99,3,0,0,0,0,летние,1,1,0,,0,0
2026-06-18,3,,workday,0,0,0,0,0,99,4,0,0,0,0,летние,1,1,0,,0,0
2026-06-19,4,,workday,0,0,0,0,0,99,5,0,0,0,0,летние,1,1,0,,0,0
2026-06-20,5,,weekend,1,0,0,2,1,99,6,0,0,0,0,летние,1,1,0,,0,0
2026-06-21,6,,weekend,1,0,0,2,2,99,7,0,0,0,0,летние,1,1,0,,0,0
2026-06-22,0,,workday,0,0,0,0,0,99,8,0,0,0,0,летние,1,1,0,,0,0
2026-06-23,1,,workday,0,0,0,0,0,99,9,0,0,0,0,летние,1,1,0,,0,0
2026-06-24,2,,workday,0,0,0,0,0,99,10,0,0,0,0,летние,1,1,0,,0,0
2026-06-25,3,,workday,0,0,0,0,0,99,11,0,0,0,0,летние,1,1,0,,0,0
2026-06-26,4,,workday,0,0,0,0,0,99,12,0,0,0,0,летние,1,1,0,,0,0
2026-06-27,5,,weekend,1,0,0,2,1,99,13,0,0,0,0,летние,1,1,0,,0,0
2026-06-28,6,,weekend,1,0,0,2,2,99,14,0,0,0,0,летние,1,1,0,,0,0
2026-06-29,0,,workday,0,0,0,0,0,99,15,0,0,0,0,летние,1,1,0,,0,0
2026-06-30,1,,workday,0,0,0,0,0,99,16,0,0,0,0,летние,1,1,0,,0,0
2026-07-01,2,,workday,0,0,0,0,0,99,17,0,0,0,0,летние,1,1,0,,0,0
2026-07-02,3,,workday,0,0,0,0,0,99,18,0,0,0,0,летние,1,1,0,,0,0
2026-07-03,4,,workday,0,0,0,0,0,99,19,0,0,0,0,летние,1,1,0,,0,0
2026-07-04,5,,weekend,1,0,0,2,1,99,20,0,0,0,0,летние,1,1,0,,0,0
2026-07-05,6,,weekend,1,0,0,2,2,99,21,0,0,0,0,летние,1,1,0,,0,0
2026-07-06,0,,workday,0,0,0,0,0,99,22,0,0,0,0,летние,1,1,0,,0,0
2026-07-07,1,,workday,0,0,0,0,0,99,23,0,0,0,0,летние,1,1,0,,0,0
2026-07-08,2,,workday,0,0,0,0,0,99,24,0,0,0,0,летние,1,1,0,,0,0
2026-07-09,3,,workday,0,0,0,0,0,99,25,0,0,0,0,летние,1,1,0,,0,0
2026-07-10,4,,workday,0,0,0,0,0,99,26,0,0,0,0,летние,1,1,0,,0,0
2026-07-11,5,,weekend,1,0,0,2,1,99,27,0,0,0,0,летние,1,1,0,,0,0
2026-07-12,6,,weekend,1,0,0,2,2,99,28,0,0,0,0,летние,1,1,0,,0,0
2026-07-13,0,,workday,0,0,0,0,0,99,29,0,0,0,0,летние,1,1,0,,0,0
2026-07-14,1,,workday,0,0,0,0,0,99,30,0,0,0,0,летние,1,1,0,,0,0
2026-07-15,2,,workday,0,0,0,0,0,99,31,0,0,0,0,летние,1,1,0,,0,0
2026-07-16,3,,workday,0,0,0,0,0,99,32,0,0,0,0,летние,1,1,0,,0,0
2026-07-17,4,,workday,0,0,0,0,0,99,33,0,0,0,0,летние,1,1,0,,0,0
2026-07-18,5,,weekend,1,0,0,2,1,99,34,0,0,0,0,летние,1,1,0,,0,0
2026-07-19,6,,weekend,1,0,0,2,2,99,35,0,0,0,0,летние,1,1,0,,0,0
2026-07-20,0,,workday,0,0,0,0,0,99,36,0,0,0,0,летние,1,1,0,,0,0
2026-07-21,1,,workday,0,0,0,0,0,99,37,0,0,0,0,летние,1,1,0,,0,0
2026-07-22,2,,workday,0,0,0,0,0,99,38,0,0,0,0,летние,1,1,0,,0,0
2026-07-23,3,,workday,0,0,0,0,0,99,39,0,0,0,0,летние,1,1,0,,0,0
2026-07-24,4,,workday,0,0,0,0,0,99,40,0,0,0,0,летние,1,1,0,,0,0
2026-07-25,5,,weekend,1,0,0,2,1,99,41,0,0,0,0,летние,1,1,0,,0,0
2026-07-26,6,,weekend,1,0,0,2,2,99,42,0,0,0,0,летние,1,1,0,,0,0
2026-07-27,0,,workday,0,0,0,0,0,99,43,0,0,0,0,летние,1,1,0,,0,0
2026-07-28,1,,workday,0,0,0,0,0,99,44,0,0,0,0,летние,1,1,0,,0,0
2026-07-29,2,,workday,0,0,0,0,0,99,45,0,0,0,0,летние,1,1,0,,0,0
2026-07-30,3,,workday,0,0,0,0,0,99,46,0,0,0,0,летние,1,1,0,,0,0
2026-07-31,4,,workday,0,0,0,0,0,99,47,0,0,0,0,летние,1,1,0,,0,0
2026-08-01,5,,weekend,1,0,0,2,1,99,48,0,0,0,0,летние,1,1,0,,0,0
2026-08-02,6,,weekend,1,0,0,2,2,99,49,0,0,0,0,летние,1,1,0,,0,0
2026-08-03,0,,workday,0,0,0,0,0,99,50,0,0,0,0,летние,1,1,0,,0,0
2026-08-04,1,,workday,0,0,0,0,0,99,51,0,0,0,0,летние,1,1,0,,0,0
2026-08-05,2,,workday,0,0,0,0,0,99,52,0,0,0,0,летние,1,1,0,,0,0
2026-08-06,3,,workday,0,0,0,0,0,99,53,0,0,0,0,летние,1,1,0,,0,0
2026-08-07,4,,workday,0,0,0,0,0,99,54,0,0,0,0,летние,1,1,0,,0,0
2026-08-08,5,,weekend,1,0,0,2,1,99,55,0,0,0,0,летние,1,1,0,,0,0
2026-08-09,6,,weekend,1,0,0,2,2,99,56,0,0,0,0,летние,1,1,0,,0,0
2026-08-10,0,,workday,0,0,0,0,0,99,57,0,0,0,0,летние,1,1,0,,0,0
2026-08-11,1,,workday,0,0,0,0,0,99,58,0,0,0,0,летние,1,1,0,,0,0
2026-08-12,2,,workday,0,0,0,0,0,99,59,0,0,0,0,летние,1,1,0,,0,0
2026-08-13,3,,workday,0,0,0,0,0,99,60,0,0,0,0,летние,1,1,0,,0,0
2026-08-14,4,,workday,0,0,0,0,0,99,61,0,0,0,0,летние,1,1,0,,0,0
2026-08-15,5,,weekend,1,0,0,2,1,99,62,0,0,0,0,летние,1,1,0,,0,0
2026-08-16,6,,weekend,1,0,0,2,2,99,63,0,0,0,0,летние,1,1,0,,0,0
2026-08-17,0,,workday,0,0,0,0,0,99,64,0,0,0,0,летние,1,1,0,,0,0
2026-08-18,1,,workday,0,0,0,0,0,99,65,0,0,0,0,летние,1,1,0,,0,0
2026-08-19,2,,workday,0,0,0,0,0,99,66,0,0,0,0,летние,1,1,0,,0,0
2026-08-20,3,,workday,0,0,0,0,0,99,67,0,0,0,0,летние,1,1,0,,0,0
2026-08-21,4,,workday,0,0,0,0,0,99,68,0,0,0,0,летние,1,1,0,,0,0
2026-08-22,5,,weekend,1,0,0,2,1,99,69,0,0,0,0,летние,1,1,0,,0,0
2026-08-23,6,,weekend,1,0,0,2,2,99,70,0,0,0,0,летние,1,1,0,,0,0
2026-08-24,0,,workday,0,0,0,0,0,99,71,0,0,0,0,летние,1,1,0,,0,0
2026-08-25,1,,workday,0,0,0,0,0,99,72,0,0,0,0,летние,1,1,0,,0,0
2026-08-26,2,,workday,0,0,0,0,0,99,73,0,0,0,0,летние,1,1,0,,0,0
2026-08-27,3,,workday,0,0,0,0,0,99,74,0,0,0,0,летние,1,1,0,,0,0
2026-08-28,4,,workday,0,0,0,0,0,99,75,0,0,0,0,летние,1,1,0,,0,0
2026-08-29,5,,weekend,1,0,0,2,1,99,76,0,0,0,0,летние,1,1,0,,0,0
2026-08-30,6,,weekend,1,0,0,2,2,99,77,0,0,0,0,летние,1,1,0,,0,0
2026-08-31,0,,workday,0,0,0,0,0,99,78,0,0,0,0,летние,1,1,0,,0,0
2026-09-01,1,,workday,0,0,0,0,0,99,79,0,0,0,0,,0,0,1,,0,0
2026-09-02,2,,workday,0,0,0,0,0,99,80,0,0,0,0,,0,0,1,,0,0
2026-09-03,3,,workday,0,0,0,0,0,99,81,0,0,0,0,,0,0,1,,0,0
2026-09-04,4,,workday,0,0,0,0,0,99,82,0,0,0,0,,0,0,1,,0,0
2026-09-05,5,,weekend,1,0,0,2,1,99,83,0,0,0,0,,0,0,1,,0,1
2026-09-06,6,,weekend,1,0,0,2,2,99,84,0,0,0,0,,0,0,1,,0,1
2026-09-07,0,,workday,0,0,0,0,0,99,85,0,0,0,0,,0,0,1,,0,0
2026-09-08,1,,workday,0,0,0,0,0,99,86,0,0,0,0,,0,0,0,,0,0
2026-09-09,2,,workday,0,0,0,0,0,99,87,0,0,0,0,,0,0,0,,0,0
2026-09-10,3,,workday,0,0,0,0,0,99,88,0,0,0,0,,0,0,0,,0,0
2026-09-11,4,,workday,0,0,0,0,0,99,89,0,0,0,0,,0,0,0,,0,0
2026-09-12,5,,weekend,1,0,0,2,1,99,90,0,0,0,0,,0,0,0,,0,0
2026-09-13,6,,weekend,1,0,0,2,2,99,91,0,0,0,0,,0,0,0,,0,0
2026-09-14,0,,workday,0,0,0,0,0,99,92,0,0,0,0,,0,0,0,,0,0
2026-09-15,1,,workday,0,0,0,0,0,99,93,0,0,0,0,,0,0,0,,0,0
2026-09-16,2,,workday,0,0,0,0,0,99,94,0,0,0,0,,0,0,0,,0,0
2026-09-17,3,,workday,0,0,0,0,0,99,95,0,0,0,0,,0,0,0,,0,0
2026-09-18,4,,workday,0,0,0,0,0,99,96,0,0,0,0,,0,0,0,,0,0
2026-09-19,5,,weekend,1,0,0,2,1,99,97,0,0,0,0,,0,0,0,,0,0
2026-09-20,6,,weekend,1,0,0,2,2,99,98,0,0,0,0,,0,0,0,,0,0
2026-09-21,0,,workday,0,0,0,0,0,99,99,0,0,0,0,,0,0,0,,0,0
2026-09-22,1,,workday,0,0,0,0,0,99,100,0,0,0,0,,0,0,0,,0,0
2026-09-23,2,,workday,0,0,0,0,0,99,101,0,0,0,0,,0,0,0,,0,0
2026-09-24,3,,workday,0,0,0,0,0,99,102,0,0,0,0,,0,0,0,,0,0
2026-09-25,4,,workday,0,0,0,0,0,99,103,0,0,0,0,,0,0,0,,0,0
2026-09-26,5,,weekend,1,0,0,2,1,99,104,0,0,0,0,,0,0,0,,0,0
2026-09-27,6,,weekend,1,0,0,2,2,99,105,0,0,0,0,,0,0,0,,0,0
2026-09-28,0,,workday,0,0,0,0,0,99,106,0,0,0,0,,0,0,0,,0,0
2026-09-29,1,,workday,0,0,0,0,0,99,107,0,0,0,0,,0,0,0,,0,0
2026-09-30,2,,workday,0,0,0,0,0,99,108,0,0,0,0,,0,0,0,,0,0
2026-10-01,3,,workday,0,0,0,0,0,99,109,0,0,0,0,,0,0,0,,0,0
2026-10-02,4,,workday,0,0,0,0,0,99,110,0,0,0,0,,0,0,0,,0,0
2026-10-03,5,,weekend,1,0,0,2,1,99,111,0,0,0,0,,0,0,0,,0,0
2026-10-04,6,,weekend,1,0,0,2,2,99,112,0,0,0,0,,0,0,0,,0,0
2026-10-05,0,,workday,0,0,0,0,0,99,113,0,0,0,0,,0,0,0,,0,0
2026-10-06,1,,workday,0,0,0,0,0,99,114,0,0,0,0,,0,0,0,,0,0
2026-10-07,2,,workday,0,0,0,0,0,99,115,0,0,0,0,,0,0,0,,0,0
2026-10-08,3,,workday,0,0,0,0,0,99,116,0,0,0,0,,0,0,0,,0,0
2026-10-09,4,,workday,0,0,0,0,0,99,117,0,0,0,0,,0,0,0,,0,0
2026-10-10,5,,weekend,1,0,0,2,1,99,118,0,0,0,0,,0,0,0,,0,0
2026-10-11,6,,weekend,1,0,0,2,2,99,119,0,0,0,0,,0,0,0,,0,0
2026-10-12,0,,workday,0,0,0,0,0,99,120,0,0,0,0,,0,0,0,,0,0
2026-10-13,1,,workday,0,0,0,0,0,99,121,0,0,0,0,,0,0,0,,0,0
2026-10-14,2,,workday,0,0,0,0,0,99,122,0,0,0,0,,0,0,0,,0,0
2026-10-15,3,,workday,0,0,0,0,0,99,123,0,0,0,0,,0,0,0,,0,0
2026-10-16,4,,workday,0,0,0,0,0,99,124,0,0,0,0,,0,0,0,,0,0
2026-10-17,5,,weekend,1,0,0,2,1,99,125,0,0,0,0,,0,0,0,,0,0
2026-10-18,6,,weekend,1,0,0,2,2,99,126,0,0,0,0,,0,0,0,,0,0
2026-10-19,0,,workday,0,0,0,0,0,99,127,0,0,0,0,,0,0,0,,0,0
2026-10-20,1,,workday,0,0,0,0,0,99,128,0,0,0,0,,0,0,0,,0,0
2026-10-21,2,,workday,0,0,0,0,0,99,129,0,0,0,0,,0,0,0,,0,0
2026-10-22,3,,workday,0,0,0,0,0,99,130,0,0,0,0,,0,0,0,,0,0
2026-10-23,4,,workday,0,0,0,0,0,99,131,0,0,0,0,,0,0,0,,0,0
2026-10-24,5,,weekend,1,0,0,2,1,99,132,0,0,0,0,осенние,1,0,0,,0,0
2026-10-25,6,,weekend,1,0,0,2,2,99,133,0,0,0,0,осенние,1,0,0,,0,0
2026-10-26,0,,workday,0,0,0,0,0,99,134,0,0,0,0,осенние,1,0,0,,0,0
2026-10-27,1,,workday,0,0,0,0,0,99,135,0,0,0,0,осенние,1,0,0,,0,0
2026-10-28,2,,workday,0,0,0,0,0,99,136,0,0,0,0,осенние,1,0,0,,0,0
2026-10-29,3,,workday,0,0,0,0,0,99,137,0,0,0,0,осенние,1,0,0,,0,0
2026-10-30,4,,workday,0,0,0,0,0,99,138,0,0,0,0,осенние,1,0,0,,0,0
2026-10-31,5,,weekend,1,0,0,2,1,99,139,0,0,0,0,осенние,1,0,0,,0,0
2026-11-01,6,,weekend,1,0,0,2,2,99,140,0,0,0,0,осенние,1,0,0,,0,0
2026-11-02,0,,workday,0,0,0,0,0,99,141,0,0,0,0,осенние,1,0,0,,0,0
2026-11-03,1,,short_workday,0,0,1,0,0,99,142,0,0,0,0,осенние,1,0,0,,0,0
2026-11-04,2,День народного единства,holiday,1,1,0,1,1,99,143,0,0,0,0,осенние,1,0,0,,0,0
2026-11-05,3,,workday,0,0,0,0,0,99,144,0,0,0,0,,0,0,0,,0,0
2026-11-06,4,,workday,0,0,0,0,0,99,145,0,0,0,0,,0,0,0,,0,0
2026-11-07,5,,weekend,1,0,0,2,1,99,146,0,0,0,0,,0,0,0,,0,0
2026-11-08,6,,weekend,1,0,0,2,2,99,147,0,0,0,0,,0,0,0,,0,0
2026-11-09,0,,workday,0,0,0,0,0,99,148,0,0,0,0,,0,0,0,,0,0
2026-11-10,1,,workday,0,0,0,0,0,99,149,0,0,0,0,,0,0,0,,0,0
2026-11-11,2,,workday,0,0,0,0,0,99,150,0,0,0,0,,0,0,0,,0,0
2026-11-12,3,,workday,0,0,0,0,0,99,151,0,0,0,0,,0,0,0,,0,0
2026-11-13,4,,workday,0,0,0,0,0,99,152,0,0,0,0,,0,0,0,,0,0
2026-11-14,5,,weekend,1,0,0,2,1,99,153,0,0,0,0,,0,0,0,,0,0
2026-11-15,6,,weekend,1,0,0,2,2,99,154,0,0,0,0,,0,0,0,,0,0
2026-11-16,0,,workday,0,0,0,0,0,99,155,0,0,0,0,,0,0,0,,0,0
2026-11-17,1,,workday,0,0,0,0,0,99,156,0,0,0,0,,0,0,0,,0,0
2026-11-18,2,,workday,0,0,0,0,0,99,157,0,0,0,0,,0,0,0,,0,0
2026-11-19,3,,workday,0,0,0,0,0,99,158,0,0,0,0,,0,0,0,,0,0
2026-11-20,4,,workday,0,0,0,0,0,99,159,0,0,0,0,,0,0,0,,0,0
2026-11-21,5,,weekend,1,0,0,2,1,99,160,0,0,0,0,,0,0,0,,0,0
2026-11-22,6,,weekend,1,0,0,2,2,99,161,0,0,0,0,,0,0,0,,0,0
2026-11-23,0,,workday,0,0,0,0,0,99,162,0,0,0,0,,0,0,0,,0,0
2026-11-24,1,,workday,0,0,0,0,0,99,163,0,0,0,0,,0,0,0,,0,0
2026-11-25,2,,workday,0,0,0,0,0,99,164,0,0,0,0,,0,0,0,,0,0
2026-11-26,3,,workday,0,0,0,0,0,99,165,0,0,0,0,,0,0,0,,0,0
2026-11-27,4,,workday,0,0,0,0,0,99,166,0,0,0,0,,0,0,0,,0,0
2026-11-28,5,,weekend,1,0,0,2,1,99,167,0,0,0,0,,0,0,0,,0,0
2026-11-29,6,,weekend,1,0,0,2,2,99,168,0,0,0,0,,0,0,0,,0,0
2026-11-30,0,,workday,0,0,0,0,0,99,169,0,0,0,0,,0,0,0,,0,0
2026-12-01,1,,workday,0,0,0,0,0,99,170,0,0,0,0,,0,0,0,,0,0
2026-12-02,2,,workday,0,0,0,0,0,99,171,0,0,0,0,,0,0,0,,0,0
2026-12-03,3,,workday,0,0,0,0,0,99,172,0,0,0,0,,0,0,0,,0,0
2026-12-04,4,,workday,0,0,0,0,0,99,173,0,0,0,0,,0,0,0,,0,0
2026-12-05,5,,weekend,1,0,0,2,1,99,174,0,0,0,0,,0,0,0,,0,0
2026-12-06,6,,weekend,1,0,0,2,2,99,175,0,0,0,0,,0,0,0,,0,0
2026-12-07,0,,workday,0,0,0,0,0,99,176,0,0,0,0,,0,0,0,,0,0
2026-12-08,1,,workday,0,0,0,0,0,99,177,0,0,0,0,,0,0,0,,0,0
2026-12-09,2,,workday,0,0,0,0,0,99,178,0,0,0,0,,0,0,0,,0,0
2026-12-10,3,,workday,0,0,0,0,0,99,179,0,0,0,0,,0,0,0,,0,0
2026-12-11,4,,workday,0,0,0,0,0,99,180,0,0,0,0,,0,0,0,,0,0
2026-12-12,5,,weekend,1,0,0,2,1,99,181,0,0,0,0,,0,0,0,,0,0
2026-12-13,6,,weekend,1,0,0,2,2,99,182,0,0,0,0,,0,0,0,,0,0
2026-12-14,0,,workday,0,0,0,0,0,99,183,0,0,0,0,,0,0,0,,0,0
2026-12-15,1,,workday,0,0,0,0,0,99,184,0,0,0,0,,0,0,0,,0,0
2026-12-16,2,,workday,0,0,0,0,0,99,185,0,0,0,0,,0,0,0,,0,0
2026-12-17,3,,workday,0,0,0,0,0,99,186,0,0,0,0,,0,0,0,,0,0
2026-12-18,4,,workday,0,0,0,0,0,99,187,0,0,0,0,,0,0,0,,0,0
2026-12-19,5,,weekend,1,0,0,2,1,99,188,0,0,0,0,,0,0,0,,0,0
2026-12-20,6,,weekend,1,0,0,2,2,99,189,0,0,0,0,,0,0,0,,0,0
2026-12-21,0,,workday,0,0,0,0,0,99,190,0,0,0,0,,0,0,0,,0,0
2026-12-22,1,,workday,0,0,0,0,0,99,191,0,0,0,0,,0,0,0,,0,0
2026-12-23,2,,workday,0,0,0,0,0,99,192,0,0,0,0,,0,0,0,,0,0
2026-12-24,3,,workday,0,0,0,0,0,99,193,0,0,0,0,,0,0,0,,0,0
2026-12-25,4,,workday,0,0,0,0,0,99,194,0,0,0,0,,0,0,0,,0,0
2026-12-26,5,,weekend,1,0,0,2,1,99,195,0,0,0,0,,0,0,0,,0,0
2026-12-27,6,,weekend,1,0,0,2,2,99,196,0,0,0,0,,0,0,0,,0,0
2026-12-28,0,,workday,0,0,0,0,0,99,197,0,0,0,0,,0,0,0,,0,0
2026-12-29,1,,workday,0,0,0,0,0,99,198,0,0,0,0,,0,0,0,,0,0
2026-12-30,2,,workday,0,0,0,0,0,99,199,0,0,0,0,,0,0,0,,0,0
2026-12-31,3,перенесённый выходной,transferred_day_off,1,1,0,1,1,99,200,0,1,0,0,зимние,1,0,0,,0,0
