раздел,условие,посадки против нормы [95% ДИ]
календарь,Новогодние каникулы 1-8 января: против обычного воскресенья,"-14.6% [-26.5; -5.3], дней 8, маршруто-часов 1516"
календарь,Майские праздники 1-4 и 8-11 мая: против обычного воскресенья,"-5.9% [-12.1; -0.0], дней 8, маршруто-часов 1493"
календарь,12-15 июня: против обычного воскресенья,"-2.8% [-10.3; +5.1], дней 4, маршруто-часов 707"
календарь,Праздник или перенесённый выходной в будний день: против воскресенья,"-4.9% [-13.7; +3.0], дней 6, маршруто-часов 1135"
календарь,Праздник или перенос в будний день: против того же дня недели,"-52.4% [-58.3; -47.9], дней 6, маршруто-часов 1127"
календарь,"Выходные внутри длинных праздников (сб, вс): против той же субботы/воскресенья","-15.0% [-20.4; -8.6], дней 6, маршруто-часов 1066"
календарь,Первая рабочая неделя после Нового года,"-3.8% [-8.7; +0.9], дней 5, маршруто-часов 947"
календарь,"Сокращённый предпраздничный день, весь день","+1.5% [-3.1; +6.0], дней 3, маршруто-часов 564"
календарь,"Сокращённый день, 15-16 ч","+13.5% [+11.0; +19.0], дней 3, маршруто-часов 54"
календарь,"Сокращённый день, 17-19 ч","-9.7% [-13.2; -3.1], дней 3, маршруто-часов 79"
календарь,Рабочий день перед длинными выходными (не сокращённый),"-7.3% [-7.3; -7.3], дней 1, маршруто-часов 175"
календарь,Рабочий день сразу после длинных выходных,"-2.0% [-5.1; +3.0], дней 3, маршруто-часов 556"
календарь,"Будни, весенние школьные каникулы 24-28 марта","+0.6% [-1.3; +2.0], дней 5, маршруто-часов 765"
календарь,"Будни, каникулы 1 классов 17-21 февраля","-1.0% [-2.6; +1.3], дней 5, маршруто-часов 765"
календарь,"Будни, осенние школьные каникулы 27-31 октября","-1.8% [-4.9; +1.0], дней 5, маршруто-часов 757"
календарь,"Первая неделя сентября (начало учебного года), будни","+8.7% [+7.4; +10.2], дней 5, маршруто-часов 765"
календарь,"Дни посещения кладбищ (Вербное, Пасха, Красная горка, Радоница, Троица), 8-18 ч","+2.5% [-0.9; +7.1], дней 5, маршруто-часов 436"
календарь,"День города 13-14 сентября, 10-23 ч","+3.2% [+1.0; +9.9], дней 2, маршруто-часов 129"
календарь,"Ночи с продлённой работой транспорта, 0-3 ч (Рождество, Крещение, Пасха, День города)","+78.4% [+25.6; +147.2], дней 4, маршруто-часов 49"
события,"Матч РПЛ в 1.5 км от линии (РЖД Арена - маршрут 7), за 2 часа до начала","+2.0% [-6.0; +11.9], дней 8, маршруто-часов 16"
события,"Матч РПЛ в 1.5 км от линии (РЖД Арена - маршрут 7), во время","+4.4% [-3.2; +11.4], дней 8, маршруто-часов 22"
события,"Матч РПЛ в 1.5 км от линии (РЖД Арена - маршрут 7), 2 часа после окончания","+0.5% [-4.4; +6.3], дней 10, маршруто-часов 16"
события,"Маршрут 28, football, Лукойл Арена в 1.55 км, pre","+0.4% [-5.0; +5.7], дней 24, маршруто-часов 51"
события,"Маршрут 28, football, Лукойл Арена в 1.55 км, post","+4.4% [-8.1; +16.9], дней 24, маршруто-часов 49"
события,"Маршрут 26, football, Лужники в 2.8 км, pre","+9.3% [-3.2; +30.8], дней 2, маршруто-часов 4"
события,"Маршрут 26, concert, Лужники в 2.8 км, pre","+4.6% [-2.2; +10.5], дней 5, маршруто-часов 10"
события,"Маршрут 26, football, Лужники в 2.8 км, post","+54.8% [-15.9; +69.5], дней 3, маршруто-часов 4"
события,"Маршрут 26, concert, Лужники в 2.8 км, post","-0.9% [-17.7; +28.1], дней 6, маршруто-часов 10"
события,"Маршрут 7, football, РЖД Арена в 1.3 км, pre","+1.0% [-4.7; +8.0], дней 15, маршруто-часов 30"
события,"Маршрут 7, football, РЖД Арена в 1.3 км, post","+5.1% [-0.7; +12.2], дней 16, маршруто-часов 30"
события,"Маршрут 11, football, РЖД Арена в 1.8 км, pre","-8.8% [-19.1; +0.6], дней 12, маршруто-часов 24"
события,"Маршрут 11, football, РЖД Арена в 1.8 км, post","-4.9% [-19.4; +10.0], дней 14, маршруто-часов 24"
события,"Маршрут 12, football, РЖД Арена в 1.9 км, pre","-1.4% [-17.0; +11.3], дней 6, маршруто-часов 11"
события,"Маршрут 12, football, РЖД Арена в 1.9 км, post","-3.3% [-20.2; +8.7], дней 8, маршруто-часов 12"
события,"Финал Кубка России 1 июня, маршрут 26, 2 часа после матча","+69.5% [+69.5; +69.5], дней 1, маршруто-часов 2"
события,"ВДНХ, city_festival, маршруты 11/17/25, pre","+8.2% [+2.5; +17.2], дней 5, маршруто-часов 30"
события,"ВДНХ, city_festival, маршруты 11/17/25, during","+6.2% [-2.6; +13.6], дней 5, маршруто-часов 87"
события,"ВДНХ, city_festival, маршруты 11/17/25, post","-2.2% [-7.7; +6.6], дней 6, маршруто-часов 30"
события,"ВДНХ, sport_run, маршруты 11/17/25, pre","+4.5% [-11.7; +21.5], дней 4, маршруто-часов 20"
события,"ВДНХ, sport_run, маршруты 11/17/25, during","+4.4% [-18.4; +18.0], дней 3, маршруто-часов 18"
события,"ВДНХ, sport_run, маршруты 11/17/25, post","+20.3% [-51.9; +77.8], дней 3, маршруто-часов 13"
перекрытия,Изменение маршрута: cancel,"-96.7%, дней 9, маршруто-часов 148"
перекрытия,Изменение маршрута: short,"-15.2%, дней 78, маршруто-часов 1606"
перекрытия,Изменение маршрута: reroute,"-17.0%, дней 42, маршруто-часов 555"
