event_id,name,category,start_msk,end_msk,venue,routes,source,venue_name,lat,lon,dist_km_1,dist_km_5,dist_km_7,dist_km_11,dist_km_12,dist_km_17,dist_km_25,dist_km_26,dist_km_28,dist_km_50,routes_near
e001,"Рождественские богослужения, продлённая работа транспорта",religious,2025-01-06 23:00:00,2025-01-07 03:30:00,citywide,,https://t.me/DtOperativno/19906,вся Москва,,,,,,,,,,,,,
e002,"Крещенская ночь, 35 маршрутов до 3:00",religious,2025-01-18 22:00:00,2025-01-19 03:00:00,citywide,,https://t.me/DtOperativno/19996,вся Москва,,,,,,,,,,,,,
f001,"Spartak - Orenburg, РПЛ 2024/2025",football,2025-03-02 16:30:00,2025-03-02 18:20:00,lukoil_arena,,https://www.football-data.co.uk/new/RUS.csv,Лукойл Арена (Спартак),55.8178,37.4403,20.48,10.07,10.07,11.01,16.85,11.01,11.01,14.71,1.55,10.5,
f002,"Lokomotiv - Akhmat Grozny, РПЛ 2024/2025",football,2025-03-07 20:15:00,2025-03-07 22:05:00,rzd_arena,,https://www.football-data.co.uk/new/RUS.csv,РЖД Арена (Локомотив),55.8033,37.7417,18.03,6.84,1.3,1.8,1.89,6.42,3.14,11.74,14.52,5.05,7
f003,"CSKA - Khimki, РПЛ 2024/2025",football,2025-03-08 17:00:00,2025-03-08 18:50:00,veb_arena,,https://www.football-data.co.uk/new/RUS.csv,ВЭБ Арена (ЦСКА),55.7911,37.5343,15.34,3.48,3.48,6.22,10.38,6.22,6.22,8.6,2.21,4.13,
f004,"Dynamo - Dynamo Makhachkala, РПЛ 2024/2025",football,2025-03-08 19:30:00,2025-03-08 21:20:00,vtb_arena,,https://www.football-data.co.uk/new/RUS.csv,ВТБ Арена (Динамо),55.7916,37.5596,14.99,2.25,2.25,4.95,9.04,4.95,4.95,7.86,3.47,2.56,
f005,"Lokomotiv - Dynamo Moscow, РПЛ 2024/2025",football,2025-03-15 19:30:00,2025-03-15 21:20:00,rzd_arena,,https://www.football-data.co.uk/new/RUS.csv,РЖД Арена (Локомотив),55.8033,37.7417,18.03,6.84,1.3,1.8,1.89,6.42,3.14,11.74,14.52,5.05,7
f006,"Spartak - Zenit, РПЛ 2024/2025",football,2025-03-16 19:45:00,2025-03-16 21:35:00,lukoil_arena,,https://www.football-data.co.uk/new/RUS.csv,Лукойл Арена (Спартак),55.8178,37.4403,20.48,10.07,10.07,11.01,16.85,11.01,11.01,14.71,1.55,10.5,
f007,"Dynamo - Orenburg, РПЛ 2024/2025",football,2025-03-29 14:00:00,2025-03-29 15:50:00,vtb_arena,,https://www.football-data.co.uk/new/RUS.csv,ВТБ Арена (Динамо),55.7916,37.5596,14.99,2.25,2.25,4.95,9.04,4.95,4.95,7.86,3.47,2.56,
f008,"CSKA - Dynamo Makhachkala, РПЛ 2024/2025",football,2025-03-29 19:30:00,2025-03-29 21:20:00,veb_arena,,https://www.football-data.co.uk/new/RUS.csv,ВЭБ Арена (ЦСКА),55.7911,37.5343,15.34,3.48,3.48,6.22,10.38,6.22,6.22,8.6,2.21,4.13,
f009,"Lokomotiv - Zenit, РПЛ 2024/2025",football,2025-04-05 17:30:00,2025-04-05 19:20:00,rzd_arena,,https://www.football-data.co.uk/new/RUS.csv,РЖД Арена (Локомотив),55.8033,37.7417,18.03,6.84,1.3,1.8,1.89,6.42,3.14,11.74,14.52,5.05,7
f010,"CSKA - Dynamo Moscow, РПЛ 2024/2025",football,2025-04-06 19:30:00,2025-04-06 21:20:00,veb_arena,,https://www.football-data.co.uk/new/RUS.csv,ВЭБ Арена (ЦСКА),55.7911,37.5343,15.34,3.48,3.48,6.22,10.38,6.22,6.22,8.6,2.21,4.13,
f011,"Spartak - Dynamo Makhachkala, РПЛ 2024/2025",football,2025-04-11 19:30:00,2025-04-11 21:20:00,lukoil_arena,,https://www.football-data.co.uk/new/RUS.csv,Лукойл Арена (Спартак),55.8178,37.4403,20.48,10.07,10.07,11.01,16.85,11.01,11.01,14.71,1.55,10.5,
e003,"Вербное воскресенье, усиление маршрутов к кладбищам",religious,2025-04-13 08:00:00,2025-04-13 18:00:00,citywide,,https://t.me/DtOperativno/20696,вся Москва,,,,,,,,,,,,,
f012,"Lokomotiv - Pari NN, РПЛ 2024/2025",football,2025-04-19 17:00:00,2025-04-19 18:50:00,rzd_arena,,https://www.football-data.co.uk/new/RUS.csv,РЖД Арена (Локомотив),55.8033,37.7417,18.03,6.84,1.3,1.8,1.89,6.42,3.14,11.74,14.52,5.05,7
e004,"Пасхальная ночь, около 150 маршрутов до 3:30",religious,2025-04-19 22:00:00,2025-04-20 03:30:00,citywide,,https://t.me/DtOperativno/20812,вся Москва,,,,,,,,,,,,,
f013,"Dynamo - Rubin Kazan, РПЛ 2024/2025",football,2025-04-20 14:00:00,2025-04-20 15:50:00,vtb_arena,,https://www.football-data.co.uk/new/RUS.csv,ВТБ Арена (Динамо),55.7916,37.5596,14.99,2.25,2.25,4.95,9.04,4.95,4.95,7.86,3.47,2.56,
f014,"CSKA - Krylya Sovetov, РПЛ 2024/2025",football,2025-04-20 19:30:00,2025-04-20 21:20:00,veb_arena,,https://www.football-data.co.uk/new/RUS.csv,ВЭБ Арена (ЦСКА),55.7911,37.5343,15.34,3.48,3.48,6.22,10.38,6.22,6.22,8.6,2.21,4.13,
f015,"Dynamo - Zenit, РПЛ 2024/2025",football,2025-04-26 14:00:00,2025-04-26 15:50:00,vtb_arena,,https://www.football-data.co.uk/new/RUS.csv,ВТБ Арена (Динамо),55.7916,37.5596,14.99,2.25,2.25,4.95,9.04,4.95,4.95,7.86,3.47,2.56,
f016,"Spartak - CSKA Moscow, РПЛ 2024/2025",football,2025-04-26 19:30:00,2025-04-26 21:20:00,lukoil_arena,,https://www.football-data.co.uk/new/RUS.csv,Лукойл Арена (Спартак),55.8178,37.4403,20.48,10.07,10.07,11.01,16.85,11.01,11.01,14.71,1.55,10.5,
e005,"Красная горка, усиление маршрутов к кладбищам",religious,2025-04-27 08:00:00,2025-04-27 18:00:00,citywide,,https://t.me/DtOperativno/20696,вся Москва,,,,,,,,,,,,,
f017,"Lokomotiv - Orenburg, РПЛ 2024/2025",football,2025-05-03 17:00:00,2025-05-03 18:50:00,rzd_arena,,https://www.football-data.co.uk/new/RUS.csv,РЖД Арена (Локомотив),55.8033,37.7417,18.03,6.84,1.3,1.8,1.89,6.42,3.14,11.74,14.52,5.05,7
e006,Парад Победы и салют,city_holiday,2025-05-09 07:00:00,2025-05-09 23:00:00,citywide,,https://t.me/DtOperativno/21117,вся Москва,,,,,,,,,,,,,
f018,"CSKA - Krasnodar, РПЛ 2024/2025",football,2025-05-10 19:30:00,2025-05-10 21:20:00,veb_arena,,https://www.football-data.co.uk/new/RUS.csv,ВЭБ Арена (ЦСКА),55.7911,37.5343,15.34,3.48,3.48,6.22,10.38,6.22,6.22,8.6,2.21,4.13,
f019,"Dynamo - Spartak Moscow, РПЛ 2024/2025",football,2025-05-11 19:30:00,2025-05-11 21:20:00,vtb_arena,,https://www.football-data.co.uk/new/RUS.csv,ВТБ Арена (Динамо),55.7916,37.5596,14.99,2.25,2.25,4.95,9.04,4.95,4.95,7.86,3.47,2.56,
e007,"Ночь в музее, ВДНХ",city_festival,2025-05-17 18:00:00,2025-05-17 23:00:00,vdnh,,https://t.me/DtOperativno/21166,"ВДНХ, главный вход",55.8263,37.6377,18.61,3.68,3.83,0.23,7.06,0.23,0.23,11.11,8.32,4.37,11 17 25
f020,"Dynamo - Akron Togliatti, РПЛ 2024/2025",football,2025-05-18 16:30:00,2025-05-18 18:20:00,vtb_arena,,https://www.football-data.co.uk/new/RUS.csv,ВТБ Арена (Динамо),55.7916,37.5596,14.99,2.25,2.25,4.95,9.04,4.95,4.95,7.86,3.47,2.56,
f021,"Lokomotiv - CSKA Moscow, РПЛ 2024/2025",football,2025-05-19 20:30:00,2025-05-19 22:20:00,rzd_arena,,https://www.football-data.co.uk/new/RUS.csv,РЖД Арена (Локомотив),55.8033,37.7417,18.03,6.84,1.3,1.8,1.89,6.42,3.14,11.74,14.52,5.05,7
f023,"CSKA - Pari NN, РПЛ 2024/2025",football,2025-05-24 16:30:00,2025-05-24 18:20:00,veb_arena,,https://www.football-data.co.uk/new/RUS.csv,ВЭБ Арена (ЦСКА),55.7911,37.5343,15.34,3.48,3.48,6.22,10.38,6.22,6.22,8.6,2.21,4.13,
f022,"Spartak - Khimki, РПЛ 2024/2025",football,2025-05-24 16:30:00,2025-05-24 18:20:00,lukoil_arena,,https://www.football-data.co.uk/new/RUS.csv,Лукойл Арена (Спартак),55.8178,37.4403,20.48,10.07,10.07,11.01,16.85,11.01,11.01,14.71,1.55,10.5,
e008,"Финал Кубка России ЦСКА - Ростов, 57 тыс. зрителей",football,2025-06-01 18:00:00,2025-06-01 20:15:00,luzhniki,,https://www.sport-express.ru/football/rus_cup/news/rostov-cska-vo-skolko-nachalo-finala-kubka-rossii-vremya-segodnya-1-iyunya-2025-2331153/,БСА Лужники,55.7158,37.5537,7.16,6.9,6.9,12.43,6.92,12.43,11.5,2.77,9.45,7.64,
e009,Товарищеский матч Россия - Нигерия,football,2025-06-06 20:00:00,2025-06-06 22:00:00,luzhniki,,https://www.1tv.ru/news/2025-04-25/508063-sbornaya_rossii_po_futbolu_sygraet_s_nigeriey_v_luzhnikah_6_iyunya,БСА Лужники,55.7158,37.5537,7.16,6.9,6.9,12.43,6.92,12.43,11.5,2.77,9.45,7.64,
e010,"Ночной забег ЗОбег, ВДНХ",sport_run,2025-06-14 22:00:00,2025-06-15 00:30:00,vdnh,,https://t.me/DtOperativno/21518,"ВДНХ, главный вход",55.8263,37.6377,18.61,3.68,3.83,0.23,7.06,0.23,0.23,11.11,8.32,4.37,11 17 25
e012,"Московский выпускной, ВДНХ",city_festival,2025-06-27 18:00:00,2025-06-28 05:00:00,vdnh,,https://t.me/DtOperativno/21661,"ВДНХ, главный вход",55.8263,37.6377,18.61,3.68,3.83,0.23,7.06,0.23,0.23,11.11,8.32,4.37,11 17 25
e011,"Баста, БСА Лужники (1-й день)",concert,2025-06-27 20:00:00,2025-06-27 23:00:00,luzhniki,,https://www.luzhniki.ru/afisha/muzyka/basta-v-luzhnikah-27-i-28-iyunya-2025-goda/,БСА Лужники,55.7158,37.5537,7.16,6.9,6.9,12.43,6.92,12.43,11.5,2.77,9.45,7.64,
e013,"Баста, БСА Лужники (2-й день)",concert,2025-06-28 20:00:00,2025-06-28 23:00:00,luzhniki,,https://www.luzhniki.ru/afisha/muzyka/basta-v-luzhnikah-27-i-28-iyunya-2025-goda/,БСА Лужники,55.7158,37.5537,7.16,6.9,6.9,12.43,6.92,12.43,11.5,2.77,9.45,7.64,
e014,"Семейный праздник Гербер, ВДНХ",city_festival,2025-07-05 10:00:00,2025-07-05 18:00:00,vdnh,,https://t.me/DtOperativno/21739,"ВДНХ, главный вход",55.8263,37.6377,18.61,3.68,3.83,0.23,7.06,0.23,0.23,11.11,8.32,4.37,11 17 25
e015,"Московский ночной велофестиваль, парк Сокольники",sport_run,2025-07-05 21:00:00,2025-07-06 00:30:00,sokolniki,,https://t.me/DtOperativno/21773,"Парк Сокольники, главный вход",55.7925,37.6773,15.4,2.71,0.42,2.27,2.85,4.21,0.13,8.34,10.58,1.61,7 25
e016,"Всероссийский свадебный фестиваль, ВДНХ",city_festival,2025-07-08 11:30:00,2025-07-08 14:30:00,vdnh,,https://t.me/DtOperativno/21809,"ВДНХ, главный вход",55.8263,37.6377,18.61,3.68,3.83,0.23,7.06,0.23,0.23,11.11,8.32,4.37,11 17 25
e017,"Всероссийский свадебный фестиваль, ВДНХ",city_festival,2025-07-09 11:30:00,2025-07-09 14:30:00,vdnh,,https://t.me/DtOperativno/21809,"ВДНХ, главный вход",55.8263,37.6377,18.61,3.68,3.83,0.23,7.06,0.23,0.23,11.11,8.32,4.37,11 17 25
f024,"Dynamo - Baltika, РПЛ 2025/2026",football,2025-07-18 20:30:00,2025-07-18 22:20:00,vtb_arena,,https://www.football-data.co.uk/new/RUS.csv,ВТБ Арена (Динамо),55.7916,37.5596,14.99,2.25,2.25,4.95,9.04,4.95,4.95,7.86,3.47,2.56,
f025,"Lokomotiv - Sochi, РПЛ 2025/2026",football,2025-07-19 18:00:00,2025-07-19 19:50:00,rzd_arena,,https://www.football-data.co.uk/new/RUS.csv,РЖД Арена (Локомотив),55.8033,37.7417,18.03,6.84,1.3,1.8,1.89,6.42,3.14,11.74,14.52,5.05,7
f026,"Spartak - Dynamo Makhachkala, РПЛ 2025/2026",football,2025-07-19 20:30:00,2025-07-19 22:20:00,lukoil_arena,,https://www.football-data.co.uk/new/RUS.csv,Лукойл Арена (Спартак),55.8178,37.4403,20.48,10.07,10.07,11.01,16.85,11.01,11.01,14.71,1.55,10.5,
f027,"Spartak - Baltika, РПЛ 2025/2026",football,2025-07-26 15:00:00,2025-07-26 16:50:00,lukoil_arena,,https://www.football-data.co.uk/new/RUS.csv,Лукойл Арена (Спартак),55.8178,37.4403,20.48,10.07,10.07,11.01,16.85,11.01,11.01,14.71,1.55,10.5,
f028,"Dynamo - FK Rostov, РПЛ 2025/2026",football,2025-07-26 17:30:00,2025-07-26 19:20:00,vtb_arena,,https://www.football-data.co.uk/new/RUS.csv,ВТБ Арена (Динамо),55.7916,37.5596,14.99,2.25,2.25,4.95,9.04,4.95,4.95,7.86,3.47,2.56,
e018,"Леонид Агутин, БСА Лужники",concert,2025-07-26 20:00:00,2025-07-26 23:00:00,luzhniki,,https://redkassa.ru/events/bilety_na_concert_leonid_agutin_bsa_luzhniki,БСА Лужники,55.7158,37.5537,7.16,6.9,6.9,12.43,6.92,12.43,11.5,2.77,9.45,7.64,
f029,"CSKA - Akhmat Grozny, РПЛ 2025/2026",football,2025-07-27 15:00:00,2025-07-27 16:50:00,veb_arena,,https://www.football-data.co.uk/new/RUS.csv,ВЭБ Арена (ЦСКА),55.7911,37.5343,15.34,3.48,3.48,6.22,10.38,6.22,6.22,8.6,2.21,4.13,
f030,"CSKA - Rubin Kazan, РПЛ 2025/2026",football,2025-08-09 15:45:00,2025-08-09 17:35:00,veb_arena,,https://www.football-data.co.uk/new/RUS.csv,ВЭБ Арена (ЦСКА),55.7911,37.5343,15.34,3.48,3.48,6.22,10.38,6.22,6.22,8.6,2.21,4.13,
f031,"Lokomotiv - Spartak Moscow, РПЛ 2025/2026",football,2025-08-09 18:00:00,2025-08-09 19:50:00,rzd_arena,,https://www.football-data.co.uk/new/RUS.csv,РЖД Арена (Локомотив),55.8033,37.7417,18.03,6.84,1.3,1.8,1.89,6.42,3.14,11.74,14.52,5.05,7
f032,"Spartak - Zenit, РПЛ 2025/2026",football,2025-08-16 17:30:00,2025-08-16 19:20:00,lukoil_arena,,https://www.football-data.co.uk/new/RUS.csv,Лукойл Арена (Спартак),55.8178,37.4403,20.48,10.07,10.07,11.01,16.85,11.01,11.01,14.71,1.55,10.5,
e019,"Звери, 25 лет, БСА Лужники",concert,2025-08-16 19:00:00,2025-08-16 22:00:00,luzhniki,,https://www.luzhniki.ru/afisha/muzyka/zveri-otmetyat-25-letie-koncertom-v-luzhnikah/,БСА Лужники,55.7158,37.5537,7.16,6.9,6.9,12.43,6.92,12.43,11.5,2.77,9.45,7.64,
f033,"Dynamo - CSKA Moscow, РПЛ 2025/2026",football,2025-08-17 18:00:00,2025-08-17 19:50:00,vtb_arena,,https://www.football-data.co.uk/new/RUS.csv,ВТБ Арена (Динамо),55.7916,37.5596,14.99,2.25,2.25,4.95,9.04,4.95,4.95,7.86,3.47,2.56,
f034,"Lokomotiv - FK Rostov, РПЛ 2025/2026",football,2025-08-23 18:30:00,2025-08-23 20:20:00,rzd_arena,,https://www.football-data.co.uk/new/RUS.csv,РЖД Арена (Локомотив),55.8033,37.7417,18.03,6.84,1.3,1.8,1.89,6.42,3.14,11.74,14.52,5.05,7
f035,"Dynamo - Pari NN, РПЛ 2025/2026",football,2025-08-23 20:45:00,2025-08-23 22:35:00,vtb_arena,,https://www.football-data.co.uk/new/RUS.csv,ВТБ Арена (Динамо),55.7916,37.5596,14.99,2.25,2.25,4.95,9.04,4.95,4.95,7.86,3.47,2.56,
f036,"CSKA - Akron Togliatti, РПЛ 2025/2026",football,2025-08-24 17:30:00,2025-08-24 19:20:00,veb_arena,,https://www.football-data.co.uk/new/RUS.csv,ВЭБ Арена (ЦСКА),55.7911,37.5343,15.34,3.48,3.48,6.22,10.38,6.22,6.22,8.6,2.21,4.13,
f037,"Spartak - Sochi, РПЛ 2025/2026",football,2025-08-30 18:30:00,2025-08-30 20:20:00,lukoil_arena,,https://www.football-data.co.uk/new/RUS.csv,Лукойл Арена (Спартак),55.8178,37.4403,20.48,10.07,10.07,11.01,16.85,11.01,11.01,14.71,1.55,10.5,
e021,"Егор Крид, БСА Лужники",concert,2025-08-30 20:00:00,2025-08-30 23:00:00,luzhniki,,https://www.luzhniki.ru/afisha/muzyka/egor-krid-v-luzhnikah/,БСА Лужники,55.7158,37.5537,7.16,6.9,6.9,12.43,6.92,12.43,11.5,2.77,9.45,7.64,
e020,"Забег В ритме района, ВДНХ",sport_run,2025-08-30 21:30:00,2025-08-30 23:59:00,vdnh,,https://t.me/DtOperativno/22543,"ВДНХ, главный вход",55.8263,37.6377,18.61,3.68,3.83,0.23,7.06,0.23,0.23,11.11,8.32,4.37,11 17 25
f038,"Lokomotiv - Krylya Sovetov, РПЛ 2025/2026",football,2025-08-31 15:45:00,2025-08-31 17:35:00,rzd_arena,,https://www.football-data.co.uk/new/RUS.csv,РЖД Арена (Локомотив),55.8033,37.7417,18.03,6.84,1.3,1.8,1.89,6.42,3.14,11.74,14.52,5.05,7
f039,"CSKA - Krasnodar, РПЛ 2025/2026",football,2025-08-31 18:00:00,2025-08-31 19:50:00,veb_arena,,https://www.football-data.co.uk/new/RUS.csv,ВЭБ Арена (ЦСКА),55.7911,37.5343,15.34,3.48,3.48,6.22,10.38,6.22,6.22,8.6,2.21,4.13,
e023,"День города, 878 лет Москве",city_holiday,2025-09-13 10:00:00,2025-09-14 02:00:00,citywide,,https://t.me/DtOperativno/22702,вся Москва,,,,,,,,,,,,,
e022,"Московский осенний велофестиваль, ВДНХ",sport_run,2025-09-13 11:30:00,2025-09-13 20:00:00,vdnh,,https://t.me/DtOperativno/22704,"ВДНХ, главный вход",55.8263,37.6377,18.61,3.68,3.83,0.23,7.06,0.23,0.23,11.11,8.32,4.37,11 17 25
f040,"Dynamo - Spartak Moscow, РПЛ 2025/2026",football,2025-09-13 16:45:00,2025-09-13 18:35:00,vtb_arena,,https://www.football-data.co.uk/new/RUS.csv,ВТБ Арена (Динамо),55.7916,37.5596,14.99,2.25,2.25,4.95,9.04,4.95,4.95,7.86,3.47,2.56,
e024,"День города, 878 лет Москве",city_holiday,2025-09-14 10:00:00,2025-09-14 22:00:00,citywide,,https://www.kp.ru/afisha/msk/prazdniki/glavnye-sobytiya-stoliczy-2025/,вся Москва,,,,,,,,,,,,,
e025,"Инклюзивный фестиваль Включайся, ВДНХ",city_festival,2025-09-20 08:00:00,2025-09-20 13:30:00,vdnh,,https://t.me/DtOperativno/22762,"ВДНХ, главный вход",55.8263,37.6377,18.61,3.68,3.83,0.23,7.06,0.23,0.23,11.11,8.32,4.37,11 17 25
e026,"Московский марафон 42 км, центр",sport_run,2025-09-21 03:00:00,2025-09-21 17:30:00,center,,https://t.me/DtOperativno/22811,центр Москвы,55.7539,37.6208,10.54,3.34,2.72,6.9,3.6,7.51,5.55,3.04,8.99,2.72,
f041,"Spartak - Krylya Sovetov, РПЛ 2025/2026",football,2025-09-21 14:30:00,2025-09-21 16:20:00,lukoil_arena,,https://www.football-data.co.uk/new/RUS.csv,Лукойл Арена (Спартак),55.8178,37.4403,20.48,10.07,10.07,11.01,16.85,11.01,11.01,14.71,1.55,10.5,
f042,"Lokomotiv - Rubin Kazan, РПЛ 2025/2026",football,2025-09-27 16:30:00,2025-09-27 18:20:00,rzd_arena,,https://www.football-data.co.uk/new/RUS.csv,РЖД Арена (Локомотив),55.8033,37.7417,18.03,6.84,1.3,1.8,1.89,6.42,3.14,11.74,14.52,5.05,7
f043,"CSKA - Baltika, РПЛ 2025/2026",football,2025-09-28 14:30:00,2025-09-28 16:20:00,veb_arena,,https://www.football-data.co.uk/new/RUS.csv,ВЭБ Арена (ЦСКА),55.7911,37.5343,15.34,3.48,3.48,6.22,10.38,6.22,6.22,8.6,2.21,4.13,
f044,"Spartak - Pari NN, РПЛ 2025/2026",football,2025-09-28 19:30:00,2025-09-28 21:20:00,lukoil_arena,,https://www.football-data.co.uk/new/RUS.csv,Лукойл Арена (Спартак),55.8178,37.4403,20.48,10.07,10.07,11.01,16.85,11.01,11.01,14.71,1.55,10.5,
f045,"Dynamo - Lokomotiv Moscow, РПЛ 2025/2026",football,2025-10-04 19:45:00,2025-10-04 21:35:00,vtb_arena,,https://www.football-data.co.uk/new/RUS.csv,ВТБ Арена (Динамо),55.7916,37.5596,14.99,2.25,2.25,4.95,9.04,4.95,4.95,7.86,3.47,2.56,
f046,"CSKA - Spartak Moscow, РПЛ 2025/2026",football,2025-10-05 16:30:00,2025-10-05 18:20:00,veb_arena,,https://www.football-data.co.uk/new/RUS.csv,ВЭБ Арена (ЦСКА),55.7911,37.5343,15.34,3.48,3.48,6.22,10.38,6.22,6.22,8.6,2.21,4.13,
f047,"Spartak - FK Rostov, РПЛ 2025/2026",football,2025-10-18 15:15:00,2025-10-18 17:05:00,lukoil_arena,,https://www.football-data.co.uk/new/RUS.csv,Лукойл Арена (Спартак),55.8178,37.4403,20.48,10.07,10.07,11.01,16.85,11.01,11.01,14.71,1.55,10.5,
f048,"Lokomotiv - CSKA Moscow, РПЛ 2025/2026",football,2025-10-18 19:45:00,2025-10-18 21:35:00,rzd_arena,,https://www.football-data.co.uk/new/RUS.csv,РЖД Арена (Локомотив),55.8033,37.7417,18.03,6.84,1.3,1.8,1.89,6.42,3.14,11.74,14.52,5.05,7
f049,"Dynamo - Akhmat Grozny, РПЛ 2025/2026",football,2025-10-19 19:30:00,2025-10-19 21:20:00,vtb_arena,,https://www.football-data.co.uk/new/RUS.csv,ВТБ Арена (Динамо),55.7916,37.5596,14.99,2.25,2.25,4.95,9.04,4.95,4.95,7.86,3.47,2.56,
f050,"Spartak - Orenburg, РПЛ 2025/2026",football,2025-10-25 14:00:00,2025-10-25 15:50:00,lukoil_arena,,https://www.football-data.co.uk/new/RUS.csv,Лукойл Арена (Спартак),55.8178,37.4403,20.48,10.07,10.07,11.01,16.85,11.01,11.01,14.71,1.55,10.5,
f051,"CSKA - Krylya Sovetov, РПЛ 2025/2026",football,2025-10-25 19:00:00,2025-10-25 20:50:00,veb_arena,,https://www.football-data.co.uk/new/RUS.csv,ВЭБ Арена (ЦСКА),55.7911,37.5343,15.34,3.48,3.48,6.22,10.38,6.22,6.22,8.6,2.21,4.13,
f052,"CSKA - Pari NN, РПЛ 2025/2026",football,2025-10-31 19:00:00,2025-10-31 20:50:00,veb_arena,,https://www.football-data.co.uk/new/RUS.csv,ВЭБ Арена (ЦСКА),55.7911,37.5343,15.34,3.48,3.48,6.22,10.38,6.22,6.22,8.6,2.21,4.13,
e031,"Ночь искусств, ВДНХ",city_festival,2025-11-03 18:00:00,2025-11-03 22:00:00,vdnh,,https://vdnh.ru/news/4507/,"ВДНХ, главный вход",55.8263,37.6377,18.61,3.68,3.83,0.23,7.06,0.23,0.23,11.11,8.32,4.37,11 17 25
f053,"Dynamo - Akron Togliatti, РПЛ 2025/2026",football,2025-11-08 14:00:00,2025-11-08 15:50:00,vtb_arena,,https://www.football-data.co.uk/new/RUS.csv,ВТБ Арена (Динамо),55.7916,37.5596,14.99,2.25,2.25,4.95,9.04,4.95,4.95,7.86,3.47,2.56,
f054,"Lokomotiv - Orenburg, РПЛ 2025/2026",football,2025-11-09 15:15:00,2025-11-09 17:05:00,rzd_arena,,https://www.football-data.co.uk/new/RUS.csv,РЖД Арена (Локомотив),55.8033,37.7417,18.03,6.84,1.3,1.8,1.89,6.42,3.14,11.74,14.52,5.05,7
e032,"Выставка парковочных технологий, ВДНХ",forum,2025-11-11 10:00:00,2025-11-13 18:00:00,vdnh,,https://vdnh.ru/news/4529/,"ВДНХ, главный вход",55.8263,37.6377,18.61,3.68,3.83,0.23,7.06,0.23,0.23,11.11,8.32,4.37,11 17 25
f055,"Spartak - CSKA Moscow, РПЛ 2025/2026",football,2025-11-22 16:45:00,2025-11-22 18:35:00,lukoil_arena,,https://www.football-data.co.uk/new/RUS.csv,Лукойл Арена (Спартак),55.8178,37.4403,20.48,10.07,10.07,11.01,16.85,11.01,11.01,14.71,1.55,10.5,
f056,"Dynamo - Dynamo Makhachkala, РПЛ 2025/2026",football,2025-11-23 17:30:00,2025-11-23 19:20:00,vtb_arena,,https://www.football-data.co.uk/new/RUS.csv,ВТБ Арена (Динамо),55.7916,37.5596,14.99,2.25,2.25,4.95,9.04,4.95,4.95,7.86,3.47,2.56,
f057,"Lokomotiv - Krasnodar, РПЛ 2025/2026",football,2025-11-23 19:45:00,2025-11-23 21:35:00,rzd_arena,,https://www.football-data.co.uk/new/RUS.csv,РЖД Арена (Локомотив),55.8033,37.7417,18.03,6.84,1.3,1.8,1.89,6.42,3.14,11.74,14.52,5.05,7
f058,"CSKA - Orenburg, РПЛ 2025/2026",football,2025-11-29 16:30:00,2025-11-29 18:20:00,veb_arena,,https://www.football-data.co.uk/new/RUS.csv,ВЭБ Арена (ЦСКА),55.7911,37.5343,15.34,3.48,3.48,6.22,10.38,6.22,6.22,8.6,2.21,4.13,
f059,"Spartak - Dynamo Moscow, РПЛ 2025/2026",football,2025-12-06 16:45:00,2025-12-06 18:35:00,lukoil_arena,,https://www.football-data.co.uk/new/RUS.csv,Лукойл Арена (Спартак),55.8178,37.4403,20.48,10.07,10.07,11.01,16.85,11.01,11.01,14.71,1.55,10.5,
e027,"Всероссийский патриотический форум, ВДНХ",forum,2025-12-07 09:00:00,2025-12-10 08:00:00,vdnh,,https://t.me/DtOperativno/23899,"ВДНХ, главный вход",55.8263,37.6377,18.61,3.68,3.83,0.23,7.06,0.23,0.23,11.11,8.32,4.37,11 17 25
e028,"Новогодняя ночь, 18 трамвайных маршрутов круглосуточно",city_holiday,2025-12-31 18:00:00,2026-01-01 06:00:00,citywide,,https://t.me/DtOperativno/24391,вся Москва,,,,,,,,,,,,,
e029,"Рождество, 18 трамвайных маршрутов до 3:30",religious,2026-01-06 23:00:00,2026-01-07 03:30:00,citywide,,https://t.me/DtOperativno/24391,вся Москва,,,,,,,,,,,,,
f060,"Lokomotiv - Pari NN, РПЛ 2025/2026",football,2026-02-28 17:00:00,2026-02-28 18:50:00,rzd_arena,,https://www.football-data.co.uk/new/RUS.csv,РЖД Арена (Локомотив),55.8033,37.7417,18.03,6.84,1.3,1.8,1.89,6.42,3.14,11.74,14.52,5.05,7
f061,"Dynamo - Krylya Sovetov, РПЛ 2025/2026",football,2026-03-01 13:00:00,2026-03-01 14:50:00,vtb_arena,,https://www.football-data.co.uk/new/RUS.csv,ВТБ Арена (Динамо),55.7916,37.5596,14.99,2.25,2.25,4.95,9.04,4.95,4.95,7.86,3.47,2.56,
f062,"CSKA - Dynamo Moscow, РПЛ 2025/2026",football,2026-03-08 19:30:00,2026-03-08 21:20:00,veb_arena,,https://www.football-data.co.uk/new/RUS.csv,ВЭБ Арена (ЦСКА),55.7911,37.5343,15.34,3.48,3.48,6.22,10.38,6.22,6.22,8.6,2.21,4.13,
f063,"Lokomotiv - Akhmat Grozny, РПЛ 2025/2026",football,2026-03-09 16:30:00,2026-03-09 18:20:00,rzd_arena,,https://www.football-data.co.uk/new/RUS.csv,РЖД Арена (Локомотив),55.8033,37.7417,18.03,6.84,1.3,1.8,1.89,6.42,3.14,11.74,14.52,5.05,7
f064,"Spartak - Akron Togliatti, РПЛ 2025/2026",football,2026-03-09 19:00:00,2026-03-09 20:50:00,lukoil_arena,,https://www.football-data.co.uk/new/RUS.csv,Лукойл Арена (Спартак),55.8178,37.4403,20.48,10.07,10.07,11.01,16.85,11.01,11.01,14.71,1.55,10.5,
f065,"CSKA - Dynamo Makhachkala, РПЛ 2025/2026",football,2026-03-21 16:00:00,2026-03-21 17:50:00,veb_arena,,https://www.football-data.co.uk/new/RUS.csv,ВЭБ Арена (ЦСКА),55.7911,37.5343,15.34,3.48,3.48,6.22,10.38,6.22,6.22,8.6,2.21,4.13,
f066,"Dynamo - Zenit, РПЛ 2025/2026",football,2026-03-22 16:00:00,2026-03-22 17:50:00,vtb_arena,,https://www.football-data.co.uk/new/RUS.csv,ВТБ Арена (Динамо),55.7916,37.5596,14.99,2.25,2.25,4.95,9.04,4.95,4.95,7.86,3.47,2.56,
f067,"Lokomotiv - Akron Togliatti, РПЛ 2025/2026",football,2026-03-22 19:00:00,2026-03-22 20:50:00,rzd_arena,,https://www.football-data.co.uk/new/RUS.csv,РЖД Арена (Локомотив),55.8033,37.7417,18.03,6.84,1.3,1.8,1.89,6.42,3.14,11.74,14.52,5.05,7
f068,"Dynamo - Orenburg, РПЛ 2025/2026",football,2026-04-04 17:30:00,2026-04-04 19:20:00,vtb_arena,,https://www.football-data.co.uk/new/RUS.csv,ВТБ Арена (Динамо),55.7916,37.5596,14.99,2.25,2.25,4.95,9.04,4.95,4.95,7.86,3.47,2.56,
f069,"Spartak - Lokomotiv Moscow, РПЛ 2025/2026",football,2026-04-05 19:30:00,2026-04-05 21:20:00,lukoil_arena,,https://www.football-data.co.uk/new/RUS.csv,Лукойл Арена (Спартак),55.8178,37.4403,20.48,10.07,10.07,11.01,16.85,11.01,11.01,14.71,1.55,10.5,
f070,"CSKA - Sochi, РПЛ 2025/2026",football,2026-04-12 14:00:00,2026-04-12 15:50:00,veb_arena,,https://www.football-data.co.uk/new/RUS.csv,ВЭБ Арена (ЦСКА),55.7911,37.5343,15.34,3.48,3.48,6.22,10.38,6.22,6.22,8.6,2.21,4.13,
f071,"Lokomotiv - Dynamo Makhachkala, РПЛ 2025/2026",football,2026-04-12 16:30:00,2026-04-12 18:20:00,rzd_arena,,https://www.football-data.co.uk/new/RUS.csv,РЖД Арена (Локомотив),55.8033,37.7417,18.03,6.84,1.3,1.8,1.89,6.42,3.14,11.74,14.52,5.05,7
f072,"Spartak - Akhmat Grozny, РПЛ 2025/2026",football,2026-04-19 17:00:00,2026-04-19 18:50:00,lukoil_arena,,https://www.football-data.co.uk/new/RUS.csv,Лукойл Арена (Спартак),55.8178,37.4403,20.48,10.07,10.07,11.01,16.85,11.01,11.01,14.71,1.55,10.5,
f073,"CSKA - FK Rostov, РПЛ 2025/2026",football,2026-04-21 19:45:00,2026-04-21 21:35:00,veb_arena,,https://www.football-data.co.uk/new/RUS.csv,ВЭБ Арена (ЦСКА),55.7911,37.5343,15.34,3.48,3.48,6.22,10.38,6.22,6.22,8.6,2.21,4.13,
f074,"Dynamo - Rubin Kazan, РПЛ 2025/2026",football,2026-04-22 19:45:00,2026-04-22 21:35:00,vtb_arena,,https://www.football-data.co.uk/new/RUS.csv,ВТБ Арена (Динамо),55.7916,37.5596,14.99,2.25,2.25,4.95,9.04,4.95,4.95,7.86,3.47,2.56,
f075,"Lokomotiv - Zenit, РПЛ 2025/2026",football,2026-04-22 19:45:00,2026-04-22 21:35:00,rzd_arena,,https://www.football-data.co.uk/new/RUS.csv,РЖД Арена (Локомотив),55.8033,37.7417,18.03,6.84,1.3,1.8,1.89,6.42,3.14,11.74,14.52,5.05,7
f076,"Spartak - Krasnodar, РПЛ 2025/2026",football,2026-04-23 19:45:00,2026-04-23 21:35:00,lukoil_arena,,https://www.football-data.co.uk/new/RUS.csv,Лукойл Арена (Спартак),55.8178,37.4403,20.48,10.07,10.07,11.01,16.85,11.01,11.01,14.71,1.55,10.5,
f077,"Dynamo - Sochi, РПЛ 2025/2026",football,2026-04-26 17:00:00,2026-04-26 18:50:00,vtb_arena,,https://www.football-data.co.uk/new/RUS.csv,ВТБ Арена (Динамо),55.7916,37.5596,14.99,2.25,2.25,4.95,9.04,4.95,4.95,7.86,3.47,2.56,
f078,"Lokomotiv - Dynamo Moscow, РПЛ 2025/2026",football,2026-05-01 19:30:00,2026-05-01 21:20:00,rzd_arena,,https://www.football-data.co.uk/new/RUS.csv,РЖД Арена (Локомотив),55.8033,37.7417,18.03,6.84,1.3,1.8,1.89,6.42,3.14,11.74,14.52,5.05,7
f079,"CSKA - Zenit, РПЛ 2025/2026",football,2026-05-02 19:00:00,2026-05-02 20:50:00,veb_arena,,https://www.football-data.co.uk/new/RUS.csv,ВЭБ Арена (ЦСКА),55.7911,37.5343,15.34,3.48,3.48,6.22,10.38,6.22,6.22,8.6,2.21,4.13,
f080,"Lokomotiv - Baltika, РПЛ 2025/2026",football,2026-05-10 19:30:00,2026-05-10 21:20:00,rzd_arena,,https://www.football-data.co.uk/new/RUS.csv,РЖД Арена (Локомотив),55.8033,37.7417,18.03,6.84,1.3,1.8,1.89,6.42,3.14,11.74,14.52,5.05,7
f081,"Spartak - Rubin Kazan, РПЛ 2025/2026",football,2026-05-11 17:30:00,2026-05-11 19:20:00,lukoil_arena,,https://www.football-data.co.uk/new/RUS.csv,Лукойл Арена (Спартак),55.8178,37.4403,20.48,10.07,10.07,11.01,16.85,11.01,11.01,14.71,1.55,10.5,
f082,"Dynamo - Krasnodar, РПЛ 2025/2026",football,2026-05-11 20:00:00,2026-05-11 21:50:00,vtb_arena,,https://www.football-data.co.uk/new/RUS.csv,ВТБ Арена (Динамо),55.7916,37.5596,14.99,2.25,2.25,4.95,9.04,4.95,4.95,7.86,3.47,2.56,
f083,"CSKA - Lokomotiv Moscow, РПЛ 2025/2026",football,2026-05-17 18:00:00,2026-05-17 19:50:00,veb_arena,,https://www.football-data.co.uk/new/RUS.csv,ВЭБ Арена (ЦСКА),55.7911,37.5343,15.34,3.48,3.48,6.22,10.38,6.22,6.22,8.6,2.21,4.13,
f084,"CSKA - Baltika, РПЛ 2026/2027",football,2026-07-24 20:00:00,2026-07-24 21:50:00,veb_arena,,https://www.football-data.co.uk/new/RUS.csv,ВЭБ Арена (ЦСКА),55.7911,37.5343,15.34,3.48,3.48,6.22,10.38,6.22,6.22,8.6,2.21,4.13,
f085,"Dynamo - Krylya Sovetov, РПЛ 2026/2027",football,2026-07-25 14:00:00,2026-07-25 15:50:00,vtb_arena,,https://www.football-data.co.uk/new/RUS.csv,ВТБ Арена (Динамо),55.7916,37.5596,14.99,2.25,2.25,4.95,9.04,4.95,4.95,7.86,3.47,2.56,
f086,"Spartak - Rodina Moscow, РПЛ 2026/2027",football,2026-07-25 20:45:00,2026-07-25 22:35:00,lukoil_arena,,https://www.football-data.co.uk/new/RUS.csv,Лукойл Арена (Спартак),55.8178,37.4403,20.48,10.07,10.07,11.01,16.85,11.01,11.01,14.71,1.55,10.5,
f087,"Lokomotiv - Akhmat Grozny, РПЛ 2026/2027",football,2026-07-26 17:00:00,2026-07-26 18:50:00,rzd_arena,,https://www.football-data.co.uk/new/RUS.csv,РЖД Арена (Локомотив),55.8033,37.7417,18.03,6.84,1.3,1.8,1.89,6.42,3.14,11.74,14.52,5.05,7
f088,"CSKA - Krylya Sovetov, РПЛ 2026/2027",football,2026-08-01 16:15:00,2026-08-01 18:05:00,veb_arena,,https://www.football-data.co.uk/new/RUS.csv,ВЭБ Арена (ЦСКА),55.7911,37.5343,15.34,3.48,3.48,6.22,10.38,6.22,6.22,8.6,2.21,4.13,
e030,"День города, 879 лет Москве",city_holiday,2026-09-05 10:00:00,2026-09-06 22:00:00,citywide,,https://kudago.com/msk/event/prazdnik-den-goroda-v-moskve/,вся Москва,,,,,,,,,,,,,
