season,kickoff_msk,home,away,venue
2024/2025,2025-03-02 16:30:00,Spartak Moscow,Orenburg,lukoil_arena
2024/2025,2025-03-07 20:15:00,Lokomotiv Moscow,Akhmat Grozny,rzd_arena
2024/2025,2025-03-08 17:00:00,CSKA Moscow,Khimki,veb_arena
2024/2025,2025-03-08 19:30:00,Dynamo Moscow,Dynamo Makhachkala,vtb_arena
2024/2025,2025-03-15 19:30:00,Lokomotiv Moscow,Dynamo Moscow,rzd_arena
2024/2025,2025-03-16 19:45:00,Spartak Moscow,Zenit,lukoil_arena
2024/2025,2025-03-29 14:00:00,Dynamo Moscow,Orenburg,vtb_arena
2024/2025,2025-03-29 19:30:00,CSKA Moscow,Dynamo Makhachkala,veb_arena
2024/2025,2025-04-05 17:30:00,Lokomotiv Moscow,Zenit,rzd_arena
2024/2025,2025-04-06 19:30:00,CSKA Moscow,Dynamo Moscow,veb_arena
2024/2025,2025-04-11 19:30:00,Spartak Moscow,Dynamo Makhachkala,lukoil_arena
2024/2025,2025-04-19 17:00:00,Lokomotiv Moscow,Pari NN,rzd_arena
2024/2025,2025-04-20 14:00:00,Dynamo Moscow,Rubin Kazan,vtb_arena
2024/2025,2025-04-20 19:30:00,CSKA Moscow,Krylya Sovetov,veb_arena
2024/2025,2025-04-26 14:00:00,Dynamo Moscow,Zenit,vtb_arena
2024/2025,2025-04-26 19:30:00,Spartak Moscow,CSKA Moscow,lukoil_arena
2024/2025,2025-05-03 17:00:00,Lokomotiv Moscow,Orenburg,rzd_arena
2024/2025,2025-05-10 19:30:00,CSKA Moscow,Krasnodar,veb_arena
2024/2025,2025-05-11 19:30:00,Dynamo Moscow,Spartak Moscow,vtb_arena
2024/2025,2025-05-18 16:30:00,Dynamo Moscow,Akron Togliatti,vtb_arena
2024/2025,2025-05-19 20:30:00,Lokomotiv Moscow,CSKA Moscow,rzd_arena
2024/2025,2025-05-24 16:30:00,Spartak Moscow,Khimki,lukoil_arena
2024/2025,2025-05-24 16:30:00,CSKA Moscow,Pari NN,veb_arena
2025/2026,2025-07-18 20:30:00,Dynamo Moscow,Baltika,vtb_arena
2025/2026,2025-07-19 18:00:00,Lokomotiv Moscow,Sochi,rzd_arena
2025/2026,2025-07-19 20:30:00,Spartak Moscow,Dynamo Makhachkala,lukoil_arena
2025/2026,2025-07-26 15:00:00,Spartak Moscow,Baltika,lukoil_arena
2025/2026,2025-07-26 17:30:00,Dynamo Moscow,FK Rostov,vtb_arena
2025/2026,2025-07-27 15:00:00,CSKA Moscow,Akhmat Grozny,veb_arena
2025/2026,2025-08-09 15:45:00,CSKA Moscow,Rubin Kazan,veb_arena
2025/2026,2025-08-09 18:00:00,Lokomotiv Moscow,Spartak Moscow,rzd_arena
2025/2026,2025-08-16 17:30:00,Spartak Moscow,Zenit,lukoil_arena
2025/2026,2025-08-17 18:00:00,Dynamo Moscow,CSKA Moscow,vtb_arena
2025/2026,2025-08-23 18:30:00,Lokomotiv Moscow,FK Rostov,rzd_arena
2025/2026,2025-08-23 20:45:00,Dynamo Moscow,Pari NN,vtb_arena
2025/2026,2025-08-24 17:30:00,CSKA Moscow,Akron Togliatti,veb_arena
2025/2026,2025-08-30 18:30:00,Spartak Moscow,Sochi,lukoil_arena
2025/2026,2025-08-31 15:45:00,Lokomotiv Moscow,Krylya Sovetov,rzd_arena
2025/2026,2025-08-31 18:00:00,CSKA Moscow,Krasnodar,veb_arena
2025/2026,2025-09-13 16:45:00,Dynamo Moscow,Spartak Moscow,vtb_arena
2025/2026,2025-09-21 14:30:00,Spartak Moscow,Krylya Sovetov,lukoil_arena
2025/2026,2025-09-27 16:30:00,Lokomotiv Moscow,Rubin Kazan,rzd_arena
2025/2026,2025-09-28 14:30:00,CSKA Moscow,Baltika,veb_arena
2025/2026,2025-09-28 19:30:00,Spartak Moscow,Pari NN,lukoil_arena
2025/2026,2025-10-04 19:45:00,Dynamo Moscow,Lokomotiv Moscow,vtb_arena
2025/2026,2025-10-05 16:30:00,CSKA Moscow,Spartak Moscow,veb_arena
2025/2026,2025-10-18 15:15:00,Spartak Moscow,FK Rostov,lukoil_arena
2025/2026,2025-10-18 19:45:00,Lokomotiv Moscow,CSKA Moscow,rzd_arena
2025/2026,2025-10-19 19:30:00,Dynamo Moscow,Akhmat Grozny,vtb_arena
2025/2026,2025-10-25 14:00:00,Spartak Moscow,Orenburg,lukoil_arena
2025/2026,2025-10-25 19:00:00,CSKA Moscow,Krylya Sovetov,veb_arena
2025/2026,2025-10-31 19:00:00,CSKA Moscow,Pari NN,veb_arena
2025/2026,2025-11-08 14:00:00,Dynamo Moscow,Akron Togliatti,vtb_arena
2025/2026,2025-11-09 15:15:00,Lokomotiv Moscow,Orenburg,rzd_arena
2025/2026,2025-11-22 16:45:00,Spartak Moscow,CSKA Moscow,lukoil_arena
2025/2026,2025-11-23 17:30:00,Dynamo Moscow,Dynamo Makhachkala,vtb_arena
2025/2026,2025-11-23 19:45:00,Lokomotiv Moscow,Krasnodar,rzd_arena
2025/2026,2025-11-29 16:30:00,CSKA Moscow,Orenburg,veb_arena
2025/2026,2025-12-06 16:45:00,Spartak Moscow,Dynamo Moscow,lukoil_arena
2025/2026,2026-02-28 17:00:00,Lokomotiv Moscow,Pari NN,rzd_arena
2025/2026,2026-03-01 13:00:00,Dynamo Moscow,Krylya Sovetov,vtb_arena
2025/2026,2026-03-08 19:30:00,CSKA Moscow,Dynamo Moscow,veb_arena
2025/2026,2026-03-09 16:30:00,Lokomotiv Moscow,Akhmat Grozny,rzd_arena
2025/2026,2026-03-09 19:00:00,Spartak Moscow,Akron Togliatti,lukoil_arena
2025/2026,2026-03-21 16:00:00,CSKA Moscow,Dynamo Makhachkala,veb_arena
2025/2026,2026-03-22 16:00:00,Dynamo Moscow,Zenit,vtb_arena
2025/2026,2026-03-22 19:00:00,Lokomotiv Moscow,Akron Togliatti,rzd_arena
2025/2026,2026-04-04 17:30:00,Dynamo Moscow,Orenburg,vtb_arena
2025/2026,2026-04-05 19:30:00,Spartak Moscow,Lokomotiv Moscow,lukoil_arena
2025/2026,2026-04-12 14:00:00,CSKA Moscow,Sochi,veb_arena
2025/2026,2026-04-12 16:30:00,Lokomotiv Moscow,Dynamo Makhachkala,rzd_arena
2025/2026,2026-04-19 17:00:00,Spartak Moscow,Akhmat Grozny,lukoil_arena
2025/2026,2026-04-21 19:45:00,CSKA Moscow,FK Rostov,veb_arena
2025/2026,2026-04-22 19:45:00,Dynamo Moscow,Rubin Kazan,vtb_arena
2025/2026,2026-04-22 19:45:00,Lokomotiv Moscow,Zenit,rzd_arena
2025/2026,2026-04-23 19:45:00,Spartak Moscow,Krasnodar,lukoil_arena
2025/2026,2026-04-26 17:00:00,Dynamo Moscow,Sochi,vtb_arena
2025/2026,2026-05-01 19:30:00,Lokomotiv Moscow,Dynamo Moscow,rzd_arena
2025/2026,2026-05-02 19:00:00,CSKA Moscow,Zenit,veb_arena
2025/2026,2026-05-10 19:30:00,Lokomotiv Moscow,Baltika,rzd_arena
2025/2026,2026-05-11 17:30:00,Spartak Moscow,Rubin Kazan,lukoil_arena
2025/2026,2026-05-11 20:00:00,Dynamo Moscow,Krasnodar,vtb_arena
2025/2026,2026-05-17 18:00:00,CSKA Moscow,Lokomotiv Moscow,veb_arena
2026/2027,2026-07-24 20:00:00,CSKA Moscow,Baltika,veb_arena
2026/2027,2026-07-25 14:00:00,Dynamo Moscow,Krylya Sovetov,vtb_arena
2026/2027,2026-07-25 20:45:00,Spartak Moscow,Rodina Moscow,lukoil_arena
2026/2027,2026-07-26 17:00:00,Lokomotiv Moscow,Akhmat Grozny,rzd_arena
2026/2027,2026-08-01 16:15:00,CSKA Moscow,Krylya Sovetov,veb_arena
