Country,League,Season,Date,Time,Home,Away,HG
Russia,Premier League,2023/2024,21/07/2023,17:00,Dynamo Moscow,Krasnodar,1
Russia,Premier League,2023/2024,22/07/2023,11:00,Ural,CSKA Moscow,2
Russia,Premier League,2023/2024,22/07/2023,13:15,Pari NN,Zenit,0
Russia,Premier League,2023/2024,22/07/2023,15:30,Lokomotiv Moscow,Rubin Kazan,2
Russia,Premier League,2023/2024,22/07/2023,18:00,Akhmat Grozny,Krylya Sovetov,1
Russia,Premier League,2023/2024,23/07/2023,15:30,Spartak Moscow,Orenburg,3
Russia,Premier League,2023/2024,23/07/2023,18:00,FK Rostov,Fakel Voronezh,2
Russia,Premier League,2023/2024,23/07/2023,18:00,Sochi,Baltika,2
Russia,Premier League,2023/2024,29/07/2023,13:00,Krylya Sovetov,Dynamo Moscow,3
Russia,Premier League,2023/2024,29/07/2023,15:30,Ural,Pari NN,0
Russia,Premier League,2023/2024,29/07/2023,18:00,FK Rostov,Zenit,1
Russia,Premier League,2023/2024,30/07/2023,13:00,Rubin Kazan,Orenburg,1
Russia,Premier League,2023/2024,30/07/2023,15:30,Fakel Voronezh,Lokomotiv Moscow,1
Russia,Premier League,2023/2024,30/07/2023,18:00,Akhmat Grozny,CSKA Moscow,2
Russia,Premier League,2023/2024,30/07/2023,18:00,Krasnodar,Sochi,2
Russia,Premier League,2023/2024,31/07/2023,17:30,Spartak Moscow,Baltika,2
Russia,Premier League,2023/2024,04/08/2023,18:00,Krasnodar,Pari NN,1
Russia,Premier League,2023/2024,05/08/2023,13:00,Krylya Sovetov,FK Rostov,5
Russia,Premier League,2023/2024,05/08/2023,15:30,Orenburg,Ural,0
Russia,Premier League,2023/2024,05/08/2023,15:30,Rubin Kazan,Spartak Moscow,1
Russia,Premier League,2023/2024,05/08/2023,18:00,CSKA Moscow,Lokomotiv Moscow,4
Russia,Premier League,2023/2024,06/08/2023,15:30,Baltika,Fakel Voronezh,2
Russia,Premier League,2023/2024,06/08/2023,17:00,Zenit,Dynamo Moscow,2
Russia,Premier League,2023/2024,06/08/2023,18:00,Sochi,Akhmat Grozny,1
Russia,Premier League,2023/2024,11/08/2023,16:00,Ural,Spartak Moscow,3
Russia,Premier League,2023/2024,12/08/2023,13:00,Lokomotiv Moscow,Krylya Sovetov,1
Russia,Premier League,2023/2024,12/08/2023,15:30,Orenburg,Krasnodar,0
Russia,Premier League,2023/2024,12/08/2023,18:00,FK Rostov,Rubin Kazan,3
Russia,Premier League,2023/2024,13/08/2023,13:00,Dynamo Moscow,Baltika,2
Russia,Premier League,2023/2024,13/08/2023,15:30,Zenit,Fakel Voronezh,2
Russia,Premier League,2023/2024,13/08/2023,18:00,CSKA Moscow,Sochi,3
Russia,Premier League,2023/2024,14/08/2023,17:30,Pari NN,Akhmat Grozny,2
Russia,Premier League,2023/2024,18/08/2023,17:30,Rubin Kazan,Krylya Sovetov,2
Russia,Premier League,2023/2024,19/08/2023,13:00,Dynamo Moscow,CSKA Moscow,2
Russia,Premier League,2023/2024,19/08/2023,15:30,Baltika,Ural,0
Russia,Premier League,2023/2024,19/08/2023,17:30,Krasnodar,Lokomotiv Moscow,1
Russia,Premier League,2023/2024,19/08/2023,18:00,Sochi,FK Rostov,4
Russia,Premier League,2023/2024,20/08/2023,15:30,Fakel Voronezh,Pari NN,2
Russia,Premier League,2023/2024,20/08/2023,17:30,Spartak Moscow,Zenit,1
Russia,Premier League,2023/2024,20/08/2023,18:00,Akhmat Grozny,Orenburg,4
Russia,Premier League,2023/2024,25/08/2023,15:30,Orenburg,CSKA Moscow,1
Russia,Premier League,2023/2024,25/08/2023,18:00,Fakel Voronezh,Krasnodar,0
Russia,Premier League,2023/2024,26/08/2023,13:00,Zenit,Ural,4
Russia,Premier League,2023/2024,26/08/2023,15:30,Rubin Kazan,Dynamo Moscow,2
Russia,Premier League,2023/2024,26/08/2023,17:30,Spartak Moscow,Akhmat Grozny,0
Russia,Premier League,2023/2024,26/08/2023,18:00,Pari NN,FK Rostov,1
Russia,Premier League,2023/2024,27/08/2023,15:30,Krylya Sovetov,Baltika,2
Russia,Premier League,2023/2024,27/08/2023,18:00,Sochi,Lokomotiv Moscow,0
Russia,Premier League,2023/2024,02/09/2023,11:00,Ural,Akhmat Grozny,0
Russia,Premier League,2023/2024,02/09/2023,13:15,Pari NN,Rubin Kazan,2
Russia,Premier League,2023/2024,02/09/2023,15:30,Krylya Sovetov,Fakel Voronezh,3
Russia,Premier League,2023/2024,02/09/2023,18:00,Krasnodar,Spartak Moscow,2
Russia,Premier League,2023/2024,03/09/2023,11:00,Orenburg,Sochi,3
Russia,Premier League,2023/2024,03/09/2023,13:15,Lokomotiv Moscow,Baltika,3
Russia,Premier League,2023/2024,03/09/2023,15:30,CSKA Moscow,Zenit,1
Russia,Premier League,2023/2024,03/09/2023,18:00,FK Rostov,Dynamo Moscow,1
Russia,Premier League,2023/2024,15/09/2023,17:00,Dynamo Moscow,Pari NN,1
Russia,Premier League,2023/2024,16/09/2023,12:00,CSKA Moscow,Krylya Sovetov,2
Russia,Premier League,2023/2024,16/09/2023,14:30,Akhmat Grozny,Krasnodar,1
Russia,Premier League,2023/2024,16/09/2023,17:00,Spartak Moscow,Sochi,1
Russia,Premier League,2023/2024,16/09/2023,19:15,Baltika,FK Rostov,2
Russia,Premier League,2023/2024,17/09/2023,12:00,Ural,Fakel Voronezh,0
Russia,Premier League,2023/2024,17/09/2023,14:30,Rubin Kazan,Zenit,0
Russia,Premier League,2023/2024,17/09/2023,17:00,Lokomotiv Moscow,Orenburg,0
Russia,Premier League,2023/2024,23/09/2023,12:00,Krylya Sovetov,Sochi,2
Russia,Premier League,2023/2024,23/09/2023,14:30,Baltika,Akhmat Grozny,1
Russia,Premier League,2023/2024,23/09/2023,17:00,Spartak Moscow,Dynamo Moscow,1
Russia,Premier League,2023/2024,24/09/2023,12:00,Pari NN,Orenburg,3
Russia,Premier League,2023/2024,24/09/2023,14:30,Zenit,Lokomotiv Moscow,1
Russia,Premier League,2023/2024,24/09/2023,17:00,FK Rostov,CSKA Moscow,3
Russia,Premier League,2023/2024,24/09/2023,17:00,Krasnodar,Ural,2
Russia,Premier League,2023/2024,25/09/2023,17:00,Fakel Voronezh,Rubin Kazan,0
Russia,Premier League,2023/2024,29/09/2023,17:00,FK Rostov,Ural,2
Russia,Premier League,2023/2024,30/09/2023,10:00,Orenburg,Zenit,3
Russia,Premier League,2023/2024,30/09/2023,12:15,Lokomotiv Moscow,Pari NN,1
Russia,Premier League,2023/2024,30/09/2023,14:30,Rubin Kazan,Krasnodar,0
Russia,Premier League,2023/2024,30/09/2023,17:00,CSKA Moscow,Baltika,1
Russia,Premier League,2023/2024,01/10/2023,12:00,Fakel Voronezh,Sochi,2
Russia,Premier League,2023/2024,01/10/2023,14:30,Krylya Sovetov,Spartak Moscow,4
Russia,Premier League,2023/2024,01/10/2023,17:00,Akhmat Grozny,Dynamo Moscow,1
Russia,Premier League,2023/2024,07/10/2023,10:00,Ural,Lokomotiv Moscow,2
Russia,Premier League,2023/2024,07/10/2023,12:00,Sochi,Zenit,0
Russia,Premier League,2023/2024,07/10/2023,14:30,Baltika,Orenburg,1
Russia,Premier League,2023/2024,07/10/2023,17:00,Krasnodar,FK Rostov,3
Russia,Premier League,2023/2024,08/10/2023,12:00,Pari NN,Krylya Sovetov,2
Russia,Premier League,2023/2024,08/10/2023,14:30,Dynamo Moscow,Fakel Voronezh,0
Russia,Premier League,2023/2024,08/10/2023,17:00,Akhmat Grozny,Rubin Kazan,0
Russia,Premier League,2023/2024,08/10/2023,17:00,Spartak Moscow,CSKA Moscow,2
Russia,Premier League,2023/2024,21/10/2023,10:00,Orenburg,Fakel Voronezh,1
Russia,Premier League,2023/2024,21/10/2023,12:00,Rubin Kazan,CSKA Moscow,0
Russia,Premier League,2023/2024,21/10/2023,14:30,Lokomotiv Moscow,Dynamo Moscow,0
Russia,Premier League,2023/2024,21/10/2023,17:00,Baltika,Krasnodar,2
Russia,Premier League,2023/2024,22/10/2023,10:00,Ural,Sochi,1
Russia,Premier League,2023/2024,22/10/2023,12:00,Spartak Moscow,Pari NN,2
Russia,Premier League,2023/2024,22/10/2023,14:30,Zenit,Krylya Sovetov,3
Russia,Premier League,2023/2024,22/10/2023,17:00,FK Rostov,Akhmat Grozny,3
Russia,Premier League,2023/2024,27/10/2023,17:00,Rubin Kazan,Baltika,1
Russia,Premier League,2023/2024,28/10/2023,12:00,Fakel Voronezh,Spartak Moscow,2
Russia,Premier League,2023/2024,28/10/2023,14:30,FK Rostov,Lokomotiv Moscow,1
Russia,Premier League,2023/2024,28/10/2023,14:30,Krylya Sovetov,Orenburg,1
Russia,Premier League,2023/2024,28/10/2023,17:00,Zenit,Akhmat Grozny,2
Russia,Premier League,2023/2024,29/10/2023,11:00,Pari NN,Sochi,1
Russia,Premier League,2023/2024,29/10/2023,13:30,Dynamo Moscow,Ural,2
Russia,Premier League,2023/2024,29/10/2023,16:30,CSKA Moscow,Krasnodar,1
Russia,Premier League,2023/2024,04/11/2023,13:30,Akhmat Grozny,Fakel Voronezh,1
Russia,Premier League,2023/2024,04/11/2023,16:00,Baltika,Zenit,0
Russia,Premier League,2023/2024,05/11/2023,11:00,Krasnodar,Krylya Sovetov,2
Russia,Premier League,2023/2024,05/11/2023,13:30,CSKA Moscow,Pari NN,3
Russia,Premier League,2023/2024,05/11/2023,16:30,Lokomotiv Moscow,Spartak Moscow,1
Russia,Premier League,2023/2024,06/11/2023,11:00,Orenburg,FK Rostov,1
Russia,Premier League,2023/2024,06/11/2023,13:30,Ural,Rubin Kazan,0
Russia,Premier League,2023/2024,06/11/2023,16:30,Sochi,Dynamo Moscow,3
Russia,Premier League,2023/2024,11/11/2023,11:00,Fakel Voronezh,CSKA Moscow,1
Russia,Premier League,2023/2024,11/11/2023,11:00,Krylya Sovetov,Ural,3
Russia,Premier League,2023/2024,11/11/2023,13:30,Lokomotiv Moscow,Akhmat Grozny,2
Russia,Premier League,2023/2024,11/11/2023,16:30,Zenit,Krasnodar,1
Russia,Premier League,2023/2024,12/11/2023,11:00,Pari NN,Baltika,0
Russia,Premier League,2023/2024,12/11/2023,13:30,Dynamo Moscow,Orenburg,2
Russia,Premier League,2023/2024,12/11/2023,16:00,Sochi,Rubin Kazan,0
Russia,Premier League,2023/2024,12/11/2023,16:30,Spartak Moscow,FK Rostov,2
Russia,Premier League,2023/2024,25/11/2023,10:00,Krylya Sovetov,Lokomotiv Moscow,3
Russia,Premier League,2023/2024,25/11/2023,12:15,Zenit,Sochi,3
Russia,Premier League,2023/2024,25/11/2023,14:30,CSKA Moscow,Dynamo Moscow,2
Russia,Premier League,2023/2024,25/11/2023,16:45,Baltika,Spartak Moscow,0
Russia,Premier League,2023/2024,26/11/2023,09:00,Orenburg,Akhmat Grozny,1
Russia,Premier League,2023/2024,26/11/2023,11:00,Ural,Krasnodar,3
Russia,Premier League,2023/2024,26/11/2023,13:30,Rubin Kazan,Fakel Voronezh,1
Russia,Premier League,2023/2024,26/11/2023,16:00,FK Rostov,Pari NN,1
Russia,Premier League,2023/2024,02/12/2023,11:00,Fakel Voronezh,Baltika,0
Russia,Premier League,2023/2024,02/12/2023,13:30,Sochi,Krylya Sovetov,0
Russia,Premier League,2023/2024,02/12/2023,16:30,Pari NN,Ural,1
Russia,Premier League,2023/2024,03/12/2023,11:00,CSKA Moscow,FK Rostov,2
Russia,Premier League,2023/2024,03/12/2023,13:30,Krasnodar,Orenburg,2
Russia,Premier League,2023/2024,03/12/2023,14:00,Lokomotiv Moscow,Zenit,3
Russia,Premier League,2023/2024,03/12/2023,16:00,Akhmat Grozny,Spartak Moscow,2
Russia,Premier League,2023/2024,04/12/2023,16:30,Dynamo Moscow,Rubin Kazan,1
Russia,Premier League,2023/2024,08/12/2023,16:00,Lokomotiv Moscow,Ural,2
Russia,Premier League,2023/2024,09/12/2023,11:00,Spartak Moscow,Krylya Sovetov,3
Russia,Premier League,2023/2024,09/12/2023,13:30,Akhmat Grozny,FK Rostov,0
Russia,Premier League,2023/2024,09/12/2023,16:45,Zenit,Pari NN,1
Russia,Premier League,2023/2024,10/12/2023,11:00,Fakel Voronezh,Dynamo Moscow,1
Russia,Premier League,2023/2024,10/12/2023,13:30,Sochi,Orenburg,1
Russia,Premier League,2023/2024,10/12/2023,16:45,Baltika,Rubin Kazan,0
Russia,Premier League,2023/2024,10/12/2023,16:45,Krasnodar,CSKA Moscow,1
Russia,Premier League,2023/2024,01/03/2024,16:00,FK Rostov,Krylya Sovetov,2
Russia,Premier League,2023/2024,02/03/2024,11:00,CSKA Moscow,Orenburg,1
Russia,Premier League,2023/2024,02/03/2024,13:30,Krasnodar,Rubin Kazan,1
Russia,Premier League,2023/2024,02/03/2024,16:00,Akhmat Grozny,Ural,1
Russia,Premier League,2023/2024,02/03/2024,16:30,Zenit,Spartak Moscow,0
Russia,Premier League,2023/2024,03/03/2024,11:00,Pari NN,Fakel Voronezh,1
Russia,Premier League,2023/2024,03/03/2024,13:30,Dynamo Moscow,Lokomotiv Moscow,2
Russia,Premier League,2023/2024,03/03/2024,16:00,Baltika,Sochi,0
Russia,Premier League,2023/2024,08/03/2024,11:00,Krylya Sovetov,CSKA Moscow,0
Russia,Premier League,2023/2024,08/03/2024,15:30,FK Rostov,Krasnodar,2
Russia,Premier League,2023/2024,09/03/2024,11:00,Ural,Zenit,1
Russia,Premier League,2023/2024,09/03/2024,13:30,Rubin Kazan,Pari NN,0
Russia,Premier League,2023/2024,09/03/2024,16:00,Dynamo Moscow,Akhmat Grozny,2
Russia,Premier League,2023/2024,10/03/2024,11:00,Orenburg,Baltika,1
Russia,Premier League,2023/2024,10/03/2024,13:30,Lokomotiv Moscow,Sochi,2
Russia,Premier League,2023/2024,10/03/2024,16:00,Spartak Moscow,Fakel Voronezh,0
Russia,Premier League,2023/2024,29/03/2024,16:30,Dynamo Moscow,FK Rostov,1
Russia,Premier League,2023/2024,30/03/2024,11:00,Krylya Sovetov,Zenit,1
Russia,Premier League,2023/2024,30/03/2024,13:30,Sochi,CSKA Moscow,2
Russia,Premier League,2023/2024,30/03/2024,14:30,Baltika,Pari NN,2
Russia,Premier League,2023/2024,30/03/2024,16:00,Spartak Moscow,Ural,0
Russia,Premier League,2023/2024,31/03/2024,12:00,Fakel Voronezh,Orenburg,0
Russia,Premier League,2023/2024,31/03/2024,14:30,Rubin Kazan,Akhmat Grozny,2
Russia,Premier League,2023/2024,31/03/2024,17:30,Lokomotiv Moscow,Krasnodar,1
Russia,Premier League,2023/2024,06/04/2024,12:00,Ural,Krylya Sovetov,1
Russia,Premier League,2023/2024,06/04/2024,14:30,Pari NN,Krasnodar,3
Russia,Premier League,2023/2024,06/04/2024,18:00,FK Rostov,Sochi,2
Russia,Premier League,2023/2024,07/04/2024,12:00,CSKA Moscow,Fakel Voronezh,4
Russia,Premier League,2023/2024,07/04/2024,14:30,Akhmat Grozny,Lokomotiv Moscow,0
Russia,Premier League,2023/2024,07/04/2024,14:30,Zenit,Baltika,1
Russia,Premier League,2023/2024,07/04/2024,17:30,Dynamo Moscow,Spartak Moscow,1
Russia,Premier League,2023/2024,08/04/2024,15:00,Orenburg,Rubin Kazan,3
Russia,Premier League,2023/2024,13/04/2024,12:00,Sochi,Spartak Moscow,1
Russia,Premier League,2023/2024,13/04/2024,14:30,Akhmat Grozny,Baltika,1
Russia,Premier League,2023/2024,13/04/2024,15:00,Krasnodar,Zenit,1
Russia,Premier League,2023/2024,13/04/2024,17:30,Lokomotiv Moscow,CSKA Moscow,3
Russia,Premier League,2023/2024,14/04/2024,10:00,Orenburg,Pari NN,3
Russia,Premier League,2023/2024,14/04/2024,12:15,Ural,Dynamo Moscow,2
Russia,Premier League,2023/2024,14/04/2024,14:45,Fakel Voronezh,FK Rostov,0
Russia,Premier League,2023/2024,14/04/2024,17:00,Krylya Sovetov,Rubin Kazan,2
Russia,Premier League,2023/2024,19/04/2024,17:00,Krasnodar,Fakel Voronezh,2
Russia,Premier League,2023/2024,20/04/2024,12:00,Rubin Kazan,Lokomotiv Moscow,1
Russia,Premier League,2023/2024,20/04/2024,14:30,Baltika,Krylya Sovetov,2
Russia,Premier League,2023/2024,20/04/2024,17:30,CSKA Moscow,Akhmat Grozny,1
Russia,Premier League,2023/2024,21/04/2024,12:00,Pari NN,Dynamo Moscow,1
Russia,Premier League,2023/2024,21/04/2024,14:15,Zenit,Orenburg,1
Russia,Premier League,2023/2024,21/04/2024,16:15,Sochi,Ural,2
Russia,Premier League,2023/2024,21/04/2024,18:30,FK Rostov,Spartak Moscow,1
Russia,Premier League,2023/2024,24/04/2024,14:00,Orenburg,Dynamo Moscow,1
Russia,Premier League,2023/2024,24/04/2024,16:15,Pari NN,Lokomotiv Moscow,2
Russia,Premier League,2023/2024,24/04/2024,18:30,Krasnodar,Baltika,3
Russia,Premier League,2023/2024,24/04/2024,18:30,Zenit,Rubin Kazan,0
Russia,Premier League,2023/2024,25/04/2024,14:00,Ural,FK Rostov,0
Russia,Premier League,2023/2024,25/04/2024,16:15,Fakel Voronezh,Krylya Sovetov,0
Russia,Premier League,2023/2024,25/04/2024,18:30,Akhmat Grozny,Sochi,1
Russia,Premier League,2023/2024,25/04/2024,18:30,CSKA Moscow,Spartak Moscow,0
Russia,Premier League,2023/2024,28/04/2024,12:00,Akhmat Grozny,Pari NN,5
Russia,Premier League,2023/2024,28/04/2024,14:15,Spartak Moscow,Lokomotiv Moscow,3
Russia,Premier League,2023/2024,28/04/2024,17:15,Dynamo Moscow,Zenit,1
Russia,Premier League,2023/2024,28/04/2024,19:30,Baltika,CSKA Moscow,3
Russia,Premier League,2023/2024,29/04/2024,11:00,Krylya Sovetov,Krasnodar,0
Russia,Premier League,2023/2024,29/04/2024,13:15,Rubin Kazan,Ural,1
Russia,Premier League,2023/2024,29/04/2024,15:30,Sochi,Fakel Voronezh,0
Russia,Premier League,2023/2024,29/04/2024,17:45,FK Rostov,Orenburg,2
Russia,Premier League,2023/2024,04/05/2024,15:00,Orenburg,Krylya Sovetov,2
Russia,Premier League,2023/2024,04/05/2024,17:30,Krasnodar,Akhmat Grozny,0
Russia,Premier League,2023/2024,05/05/2024,14:30,Dynamo Moscow,Sochi,3
Russia,Premier League,2023/2024,05/05/2024,17:00,Pari NN,Spartak Moscow,0
Russia,Premier League,2023/2024,06/05/2024,13:45,Ural,Baltika,2
Russia,Premier League,2023/2024,06/05/2024,16:00,Fakel Voronezh,Zenit,1
Russia,Premier League,2023/2024,06/05/2024,18:30,CSKA Moscow,Rubin Kazan,2
Russia,Premier League,2023/2024,06/05/2024,18:30,Lokomotiv Moscow,FK Rostov,1
Russia,Premier League,2023/2024,10/05/2024,14:00,Krylya Sovetov,Akhmat Grozny,0
Russia,Premier League,2023/2024,11/05/2024,12:00,Rubin Kazan,FK Rostov,3
Russia,Premier League,2023/2024,11/05/2024,14:30,Spartak Moscow,Krasnodar,1
Russia,Premier League,2023/2024,11/05/2024,17:00,Zenit,CSKA Moscow,0
Russia,Premier League,2023/2024,11/05/2024,19:30,Baltika,Dynamo Moscow,2
Russia,Premier League,2023/2024,12/05/2024,12:00,Orenburg,Lokomotiv Moscow,0
Russia,Premier League,2023/2024,12/05/2024,14:30,Fakel Voronezh,Ural,0
Russia,Premier League,2023/2024,12/05/2024,17:00,Sochi,Pari NN,6
Russia,Premier League,2023/2024,18/05/2024,12:00,Dynamo Moscow,Krylya Sovetov,4
Russia,Premier League,2023/2024,18/05/2024,14:30,Lokomotiv Moscow,Fakel Voronezh,2
Russia,Premier League,2023/2024,18/05/2024,17:00,Sochi,Krasnodar,2
Russia,Premier League,2023/2024,19/05/2024,10:00,Ural,Orenburg,3
Russia,Premier League,2023/2024,19/05/2024,12:15,Spartak Moscow,Rubin Kazan,3
Russia,Premier League,2023/2024,19/05/2024,14:30,FK Rostov,Baltika,2
Russia,Premier League,2023/2024,19/05/2024,17:00,Akhmat Grozny,Zenit,1
Russia,Premier League,2023/2024,20/05/2024,18:00,Pari NN,CSKA Moscow,2
Russia,Premier League,2023/2024,25/05/2024,14:30,Baltika,Lokomotiv Moscow,1
Russia,Premier League,2023/2024,25/05/2024,14:30,CSKA Moscow,Ural,2
Russia,Premier League,2023/2024,25/05/2024,14:30,Fakel Voronezh,Akhmat Grozny,2
Russia,Premier League,2023/2024,25/05/2024,14:30,Krasnodar,Dynamo Moscow,1
Russia,Premier League,2023/2024,25/05/2024,14:30,Krylya Sovetov,Pari NN,1
Russia,Premier League,2023/2024,25/05/2024,14:30,Orenburg,Spartak Moscow,0
Russia,Premier League,2023/2024,25/05/2024,14:30,Rubin Kazan,Sochi,1
Russia,Premier League,2023/2024,25/05/2024,14:30,Zenit,FK Rostov,2
Russia,Premier League,2023/2024,29/05/2024,15:00,Ural,Akron Togliatti,0
Russia,Premier League,2023/2024,29/05/2024,17:15,Pari NN,Arsenal Tula,1
Russia,Premier League,2023/2024,01/06/2024,13:00,Akron Togliatti,Ural,1
Russia,Premier League,2023/2024,01/06/2024,16:00,Arsenal Tula,Pari NN,0
Russia,Premier League,2024/2025,20/07/2024,13:00,Lokomotiv Moscow,Akron Togliatti,3
Russia,Premier League,2024/2025,20/07/2024,15:30,Krylya Sovetov,Zenit,0
Russia,Premier League,2024/2025,20/07/2024,18:00,Dynamo Moscow,Fakel Voronezh,3
Russia,Premier League,2024/2025,20/07/2024,18:00,FK Rostov,CSKA Moscow,0
Russia,Premier League,2024/2025,21/07/2024,15:30,Orenburg,Spartak Moscow,2
Russia,Premier League,2024/2025,21/07/2024,18:00,Akhmat Grozny,Krasnodar,1
Russia,Premier League,2024/2025,21/07/2024,18:00,Khimki,Dynamo Makhachkala,1
Russia,Premier League,2024/2025,22/07/2024,18:00,Pari NN,Rubin Kazan,2
Russia,Premier League,2024/2025,26/07/2024,16:00,Krylya Sovetov,FK Rostov,1
Russia,Premier League,2024/2025,27/07/2024,13:00,Pari NN,CSKA Moscow,0
Russia,Premier League,2024/2025,27/07/2024,15:30,Dynamo Moscow,Lokomotiv Moscow,3
Russia,Premier League,2024/2025,27/07/2024,15:30,Rubin Kazan,Zenit,0
Russia,Premier League,2024/2025,27/07/2024,18:00,Fakel Voronezh,Akron Togliatti,0
Russia,Premier League,2024/2025,28/07/2024,13:00,Khimki,Spartak Moscow,1
Russia,Premier League,2024/2025,28/07/2024,15:30,Orenburg,Akhmat Grozny,0
Russia,Premier League,2024/2025,28/07/2024,18:00,Krasnodar,Dynamo Makhachkala,0
Russia,Premier League,2024/2025,03/08/2024,13:00,Akron Togliatti,Dynamo Moscow,0
Russia,Premier League,2024/2025,03/08/2024,15:30,Zenit,FK Rostov,5
Russia,Premier League,2024/2025,03/08/2024,18:00,Rubin Kazan,Khimki,2
Russia,Premier League,2024/2025,04/08/2024,13:30,CSKA Moscow,Orenburg,5
Russia,Premier League,2024/2025,04/08/2024,15:30,Fakel Voronezh,Krasnodar,0
Russia,Premier League,2024/2025,04/08/2024,18:30,Akhmat Grozny,Lokomotiv Moscow,0
Russia,Premier League,2024/2025,04/08/2024,18:30,Dynamo Makhachkala,Pari NN,0
Russia,Premier League,2024/2025,05/08/2024,18:00,Spartak Moscow,Krylya Sovetov,3
Russia,Premier League,2024/2025,09/08/2024,16:30,Pari NN,Khimki,1
Russia,Premier League,2024/2025,09/08/2024,18:45,FK Rostov,Rubin Kazan,1
Russia,Premier League,2024/2025,10/08/2024,13:00,Lokomotiv Moscow,Dynamo Makhachkala,2
Russia,Premier League,2024/2025,10/08/2024,15:30,Orenburg,Akron Togliatti,2
Russia,Premier League,2024/2025,10/08/2024,15:30,Zenit,Dynamo Moscow,1
Russia,Premier League,2024/2025,10/08/2024,18:00,Krasnodar,CSKA Moscow,2
Russia,Premier League,2024/2025,11/08/2024,15:30,Krylya Sovetov,Fakel Voronezh,2
Russia,Premier League,2024/2025,11/08/2024,18:00,Spartak Moscow,Akhmat Grozny,0
Russia,Premier League,2024/2025,17/08/2024,15:00,Dynamo Moscow,Krylya Sovetov,1
Russia,Premier League,2024/2025,17/08/2024,17:30,FK Rostov,Orenburg,3
Russia,Premier League,2024/2025,18/08/2024,13:00,Khimki,Zenit,1
Russia,Premier League,2024/2025,18/08/2024,15:30,CSKA Moscow,Lokomotiv Moscow,0
Russia,Premier League,2024/2025,18/08/2024,15:30,Spartak Moscow,Fakel Voronezh,3
Russia,Premier League,2024/2025,18/08/2024,18:00,Krasnodar,Pari NN,2
Russia,Premier League,2024/2025,19/08/2024,15:30,Akron Togliatti,Rubin Kazan,1
Russia,Premier League,2024/2025,19/08/2024,18:00,Dynamo Makhachkala,Akhmat Grozny,1
Russia,Premier League,2024/2025,23/08/2024,18:00,Rubin Kazan,Dynamo Makhachkala,2
Russia,Premier League,2024/2025,24/08/2024,13:00,CSKA Moscow,Akron Togliatti,4
Russia,Premier League,2024/2025,24/08/2024,15:30,Fakel Voronezh,Orenburg,1
Russia,Premier League,2024/2025,24/08/2024,15:30,Zenit,Spartak Moscow,0
Russia,Premier League,2024/2025,24/08/2024,18:00,Akhmat Grozny,Khimki,3
Russia,Premier League,2024/2025,25/08/2024,13:00,Krylya Sovetov,Pari NN,3
Russia,Premier League,2024/2025,25/08/2024,15:30,Dynamo Moscow,Krasnodar,0
Russia,Premier League,2024/2025,25/08/2024,18:00,Lokomotiv Moscow,FK Rostov,3
Russia,Premier League,2024/2025,31/08/2024,13:00,Khimki,CSKA Moscow,0
Russia,Premier League,2024/2025,31/08/2024,15:30,Pari NN,Zenit,0
Russia,Premier League,2024/2025,31/08/2024,17:45,Spartak Moscow,Rubin Kazan,1
Russia,Premier League,2024/2025,31/08/2024,18:00,Akhmat Grozny,Akron Togliatti,0
Russia,Premier League,2024/2025,01/09/2024,13:00,Orenburg,Dynamo Moscow,2
Russia,Premier League,2024/2025,01/09/2024,15:30,Krylya Sovetov,Dynamo Makhachkala,0
Russia,Premier League,2024/2025,01/09/2024,17:45,Lokomotiv Moscow,Krasnodar,0
Russia,Premier League,2024/2025,01/09/2024,18:00,FK Rostov,Fakel Voronezh,4
Russia,Premier League,2024/2025,13/09/2024,18:15,Rubin Kazan,Krylya Sovetov,0
Russia,Premier League,2024/2025,14/09/2024,10:00,Orenburg,Lokomotiv Moscow,2
Russia,Premier League,2024/2025,14/09/2024,12:15,Fakel Voronezh,Pari NN,0
Russia,Premier League,2024/2025,14/09/2024,14:30,CSKA Moscow,Zenit,0
Russia,Premier League,2024/2025,14/09/2024,17:00,Krasnodar,FK Rostov,2
Russia,Premier League,2024/2025,15/09/2024,12:15,Dynamo Moscow,Akhmat Grozny,4
Russia,Premier League,2024/2025,15/09/2024,14:30,Akron Togliatti,Khimki,3
Russia,Premier League,2024/2025,15/09/2024,17:00,Dynamo Makhachkala,Spartak Moscow,1
Russia,Premier League,2024/2025,21/09/2024,12:00,Akron Togliatti,Krasnodar,2
Russia,Premier League,2024/2025,21/09/2024,14:30,Zenit,Fakel Voronezh,3
Russia,Premier League,2024/2025,21/09/2024,17:00,Rubin Kazan,CSKA Moscow,1
Russia,Premier League,2024/2025,22/09/2024,12:15,Khimki,Orenburg,0
Russia,Premier League,2024/2025,22/09/2024,14:30,FK Rostov,Dynamo Makhachkala,0
Russia,Premier League,2024/2025,22/09/2024,14:30,Spartak Moscow,Dynamo Moscow,2
Russia,Premier League,2024/2025,22/09/2024,17:00,Pari NN,Lokomotiv Moscow,1
Russia,Premier League,2024/2025,23/09/2024,16:30,Akhmat Grozny,Krylya Sovetov,1
Russia,Premier League,2024/2025,27/09/2024,14:30,Orenburg,Pari NN,1
Russia,Premier League,2024/2025,27/09/2024,17:00,Fakel Voronezh,Rubin Kazan,0
Russia,Premier League,2024/2025,28/09/2024,12:00,CSKA Moscow,Akhmat Grozny,3
Russia,Premier League,2024/2025,28/09/2024,14:30,Lokomotiv Moscow,Spartak Moscow,3
Russia,Premier League,2024/2025,28/09/2024,17:30,Krasnodar,Zenit,2
Russia,Premier League,2024/2025,28/09/2024,18:00,FK Rostov,Akron Togliatti,0
Russia,Premier League,2024/2025,29/09/2024,14:30,Krylya Sovetov,Khimki,0
Russia,Premier League,2024/2025,29/09/2024,17:00,Dynamo Makhachkala,Dynamo Moscow,0
Russia,Premier League,2024/2025,05/10/2024,12:00,Akron Togliatti,Pari NN,2
Russia,Premier League,2024/2025,05/10/2024,14:30,Zenit,Orenburg,1
Russia,Premier League,2024/2025,05/10/2024,17:00,Rubin Kazan,Akhmat Grozny,2
Russia,Premier League,2024/2025,05/10/2024,17:00,Spartak Moscow,FK Rostov,3
Russia,Premier League,2024/2025,06/10/2024,12:00,Fakel Voronezh,Dynamo Makhachkala,1
Russia,Premier League,2024/2025,06/10/2024,14:30,Lokomotiv Moscow,Krylya Sovetov,1
Russia,Premier League,2024/2025,06/10/2024,17:00,Dynamo Moscow,CSKA Moscow,1
Russia,Premier League,2024/2025,06/10/2024,17:00,Krasnodar,Khimki,4
Russia,Premier League,2024/2025,18/10/2024,16:00,Akron Togliatti,Zenit,0
Russia,Premier League,2024/2025,18/10/2024,18:15,Akhmat Grozny,Fakel Voronezh,2
Russia,Premier League,2024/2025,19/10/2024,12:00,Pari NN,FK Rostov,1
Russia,Premier League,2024/2025,19/10/2024,14:30,Khimki,Lokomotiv Moscow,2
Russia,Premier League,2024/2025,19/10/2024,14:30,Spartak Moscow,Krasnodar,0
Russia,Premier League,2024/2025,19/10/2024,17:00,Dynamo Makhachkala,CSKA Moscow,0
Russia,Premier League,2024/2025,20/10/2024,14:30,Orenburg,Krylya Sovetov,2
Russia,Premier League,2024/2025,20/10/2024,17:00,Rubin Kazan,Dynamo Moscow,0
Russia,Premier League,2024/2025,26/10/2024,12:00,Dynamo Makhachkala,Akron Togliatti,1
Russia,Premier League,2024/2025,26/10/2024,14:30,CSKA Moscow,Fakel Voronezh,0
Russia,Premier League,2024/2025,26/10/2024,17:00,FK Rostov,Akhmat Grozny,2
Russia,Premier League,2024/2025,27/10/2024,09:00,Orenburg,Rubin Kazan,1
Russia,Premier League,2024/2025,27/10/2024,11:15,Pari NN,Spartak Moscow,0
Russia,Premier League,2024/2025,27/10/2024,13:30,Khimki,Dynamo Moscow,3
Russia,Premier League,2024/2025,27/10/2024,16:30,Zenit,Lokomotiv Moscow,1
Russia,Premier League,2024/2025,28/10/2024,15:30,Krylya Sovetov,Krasnodar,1
Russia,Premier League,2024/2025,01/11/2024,16:00,Dynamo Moscow,FK Rostov,1
Russia,Premier League,2024/2025,02/11/2024,15:00,Lokomotiv Moscow,Rubin Kazan,1
Russia,Premier League,2024/2025,02/11/2024,15:00,Zenit,Dynamo Makhachkala,2
Russia,Premier League,2024/2025,02/11/2024,17:45,CSKA Moscow,Spartak Moscow,0
Russia,Premier League,2024/2025,03/11/2024,10:00,Akron Togliatti,Krylya Sovetov,2
Russia,Premier League,2024/2025,03/11/2024,12:15,Akhmat Grozny,Pari NN,0
Russia,Premier League,2024/2025,03/11/2024,14:30,Fakel Voronezh,Khimki,1
Russia,Premier League,2024/2025,03/11/2024,16:45,Krasnodar,Orenburg,4
Russia,Premier League,2024/2025,09/11/2024,11:00,Lokomotiv Moscow,Fakel Voronezh,2
Russia,Premier League,2024/2025,09/11/2024,13:30,Dynamo Makhachkala,Orenburg,2
Russia,Premier League,2024/2025,09/11/2024,16:00,FK Rostov,Khimki,3
Russia,Premier League,2024/2025,09/11/2024,16:30,Dynamo Moscow,Pari NN,3
Russia,Premier League,2024/2025,10/11/2024,10:00,Krylya Sovetov,CSKA Moscow,1
Russia,Premier League,2024/2025,10/11/2024,12:15,Spartak Moscow,Akron Togliatti,4
Russia,Premier League,2024/2025,10/11/2024,14:30,Akhmat Grozny,Zenit,1
Russia,Premier League,2024/2025,10/11/2024,16:45,Rubin Kazan,Krasnodar,1
Russia,Premier League,2024/2025,22/11/2024,16:00,Rubin Kazan,Akron Togliatti,3
Russia,Premier League,2024/2025,23/11/2024,09:00,Orenburg,Zenit,0
Russia,Premier League,2024/2025,23/11/2024,11:15,CSKA Moscow,FK Rostov,1
Russia,Premier League,2024/2025,23/11/2024,13:30,Khimki,Krasnodar,2
Russia,Premier League,2024/2025,23/11/2024,15:00,Spartak Moscow,Lokomotiv Moscow,5
Russia,Premier League,2024/2025,24/11/2024,11:00,Krylya Sovetov,Akhmat Grozny,2
Russia,Premier League,2024/2025,24/11/2024,13:30,Fakel Voronezh,Dynamo Moscow,1
Russia,Premier League,2024/2025,24/11/2024,16:00,Pari NN,Dynamo Makhachkala,0
Russia,Premier League,2024/2025,30/11/2024,11:00,Akron Togliatti,Orenburg,1
Russia,Premier League,2024/2025,30/11/2024,13:30,CSKA Moscow,Rubin Kazan,2
Russia,Premier League,2024/2025,30/11/2024,16:00,FK Rostov,Pari NN,4
Russia,Premier League,2024/2025,01/12/2024,11:00,Lokomotiv Moscow,Khimki,1
Russia,Premier League,2024/2025,01/12/2024,13:30,Zenit,Krylya Sovetov,2
Russia,Premier League,2024/2025,01/12/2024,16:00,Dynamo Makhachkala,Fakel Voronezh,0
Russia,Premier League,2024/2025,01/12/2024,16:30,Krasnodar,Spartak Moscow,0
Russia,Premier League,2024/2025,02/12/2024,16:00,Akhmat Grozny,Dynamo Moscow,1
Russia,Premier League,2024/2025,07/12/2024,11:00,Spartak Moscow,Pari NN,3
Russia,Premier League,2024/2025,07/12/2024,13:30,FK Rostov,Krylya Sovetov,3
Russia,Premier League,2024/2025,07/12/2024,13:30,Zenit,Akron Togliatti,1
Russia,Premier League,2024/2025,07/12/2024,16:00,Dynamo Makhachkala,Rubin Kazan,2
Russia,Premier League,2024/2025,08/12/2024,11:00,Dynamo Moscow,Khimki,4
Russia,Premier League,2024/2025,08/12/2024,13:30,Fakel Voronezh,CSKA Moscow,0
Russia,Premier League,2024/2025,08/12/2024,16:00,Akhmat Grozny,Orenburg,1
Russia,Premier League,2024/2025,08/12/2024,16:30,Krasnodar,Lokomotiv Moscow,0
Russia,Premier League,2024/2025,28/02/2025,16:00,Dynamo Makhachkala,Lokomotiv Moscow,1
Russia,Premier League,2024/2025,01/03/2025,11:00,Pari NN,Akron Togliatti,2
Russia,Premier League,2024/2025,01/03/2025,13:30,Zenit,CSKA Moscow,0
Russia,Premier League,2024/2025,01/03/2025,16:00,Akhmat Grozny,Rubin Kazan,2
Russia,Premier League,2024/2025,01/03/2025,16:30,Krasnodar,Krylya Sovetov,1
Russia,Premier League,2024/2025,02/03/2025,11:00,Khimki,Fakel Voronezh,1
Russia,Premier League,2024/2025,02/03/2025,13:30,Spartak Moscow,Orenburg,2
Russia,Premier League,2024/2025,02/03/2025,16:30,FK Rostov,Dynamo Moscow,1
Russia,Premier League,2024/2025,07/03/2025,15:00,Pari NN,Krasnodar,0
Russia,Premier League,2024/2025,07/03/2025,17:15,Lokomotiv Moscow,Akhmat Grozny,1
Russia,Premier League,2024/2025,08/03/2025,09:00,Orenburg,FK Rostov,1
Russia,Premier League,2024/2025,08/03/2025,11:30,Fakel Voronezh,Zenit,0
Russia,Premier League,2024/2025,08/03/2025,14:00,CSKA Moscow,Khimki,1
Russia,Premier League,2024/2025,08/03/2025,16:30,Dynamo Moscow,Dynamo Makhachkala,4
Russia,Premier League,2024/2025,09/03/2025,13:30,Krylya Sovetov,Akron Togliatti,0
Russia,Premier League,2024/2025,09/03/2025,16:30,Rubin Kazan,Spartak Moscow,2
Russia,Premier League,2024/2025,15/03/2025,09:00,Orenburg,Fakel Voronezh,1
Russia,Premier League,2024/2025,15/03/2025,11:30,Khimki,Akhmat Grozny,1
Russia,Premier League,2024/2025,15/03/2025,14:00,Dynamo Makhachkala,Krylya Sovetov,4
Russia,Premier League,2024/2025,15/03/2025,16:30,Lokomotiv Moscow,Dynamo Moscow,2
Russia,Premier League,2024/2025,16/03/2025,10:00,Akron Togliatti,CSKA Moscow,1
Russia,Premier League,2024/2025,16/03/2025,12:15,Rubin Kazan,Pari NN,1
Russia,Premier League,2024/2025,16/03/2025,14:00,FK Rostov,Krasnodar,0
Russia,Premier League,2024/2025,16/03/2025,16:45,Spartak Moscow,Zenit,2
Russia,Premier League,2024/2025,28/03/2025,15:30,Krylya Sovetov,Lokomotiv Moscow,5
Russia,Premier League,2024/2025,29/03/2025,11:00,Dynamo Moscow,Orenburg,5
Russia,Premier League,2024/2025,29/03/2025,13:30,Khimki,Pari NN,2
Russia,Premier League,2024/2025,29/03/2025,16:30,CSKA Moscow,Dynamo Makhachkala,2
Russia,Premier League,2024/2025,30/03/2025,12:00,Krasnodar,Fakel Voronezh,5
Russia,Premier League,2024/2025,30/03/2025,14:30,Akhmat Grozny,Spartak Moscow,0
Russia,Premier League,2024/2025,30/03/2025,17:30,Zenit,Rubin Kazan,4
Russia,Premier League,2024/2025,31/03/2025,16:30,Akron Togliatti,FK Rostov,2
Russia,Premier League,2024/2025,04/04/2025,17:00,Pari NN,Orenburg,1
Russia,Premier League,2024/2025,05/04/2025,11:00,Krylya Sovetov,Rubin Kazan,1
Russia,Premier League,2024/2025,05/04/2025,13:15,Fakel Voronezh,Akhmat Grozny,0
Russia,Premier League,2024/2025,05/04/2025,15:30,Lokomotiv Moscow,Zenit,1
Russia,Premier League,2024/2025,05/04/2025,17:45,Krasnodar,Akron Togliatti,1
Russia,Premier League,2024/2025,06/04/2025,12:00,Dynamo Makhachkala,Khimki,4
Russia,Premier League,2024/2025,06/04/2025,14:30,FK Rostov,Spartak Moscow,0
Russia,Premier League,2024/2025,06/04/2025,17:30,CSKA Moscow,Dynamo Moscow,3
Russia,Premier League,2024/2025,11/04/2025,17:30,Spartak Moscow,Dynamo Makhachkala,1
Russia,Premier League,2024/2025,12/04/2025,10:00,Orenburg,CSKA Moscow,0
Russia,Premier League,2024/2025,12/04/2025,12:30,Pari NN,Dynamo Moscow,1
Russia,Premier League,2024/2025,12/04/2025,15:00,Rubin Kazan,Lokomotiv Moscow,1
Russia,Premier League,2024/2025,12/04/2025,17:30,Akhmat Grozny,FK Rostov,2
Russia,Premier League,2024/2025,13/04/2025,12:30,Akron Togliatti,Fakel Voronezh,1
Russia,Premier League,2024/2025,13/04/2025,15:00,Zenit,Krasnodar,4
Russia,Premier League,2024/2025,13/04/2025,17:30,Khimki,Krylya Sovetov,1
Russia,Premier League,2024/2025,19/04/2025,10:00,Orenburg,Dynamo Makhachkala,2
Russia,Premier League,2024/2025,19/04/2025,12:30,Akron Togliatti,Spartak Moscow,2
Russia,Premier League,2024/2025,19/04/2025,15:00,Lokomotiv Moscow,Pari NN,3
Russia,Premier League,2024/2025,19/04/2025,17:30,Krasnodar,Akhmat Grozny,3
Russia,Premier League,2024/2025,20/04/2025,12:00,Dynamo Moscow,Rubin Kazan,3
Russia,Premier League,2024/2025,20/04/2025,12:00,Fakel Voronezh,FK Rostov,0
Russia,Premier League,2024/2025,20/04/2025,14:30,Zenit,Khimki,1
Russia,Premier League,2024/2025,20/04/2025,17:30,CSKA Moscow,Krylya Sovetov,1
Russia,Premier League,2024/2025,25/04/2025,17:30,Dynamo Makhachkala,Krasnodar,2
Russia,Premier League,2024/2025,26/04/2025,12:00,Dynamo Moscow,Zenit,1
Russia,Premier League,2024/2025,26/04/2025,12:00,Pari NN,Akhmat Grozny,1
Russia,Premier League,2024/2025,26/04/2025,14:30,FK Rostov,Lokomotiv Moscow,1
Russia,Premier League,2024/2025,26/04/2025,17:30,Spartak Moscow,CSKA Moscow,1
Russia,Premier League,2024/2025,27/04/2025,12:00,Krylya Sovetov,Orenburg,2
Russia,Premier League,2024/2025,27/04/2025,14:30,Khimki,Akron Togliatti,2
Russia,Premier League,2024/2025,27/04/2025,17:00,Rubin Kazan,Fakel Voronezh,2
Russia,Premier League,2024/2025,02/05/2025,16:00,Akron Togliatti,Dynamo Makhachkala,1
Russia,Premier League,2024/2025,03/05/2025,15:00,Lokomotiv Moscow,Orenburg,1
Russia,Premier League,2024/2025,03/05/2025,17:30,Krasnodar,Rubin Kazan,2
Russia,Premier League,2024/2025,04/05/2025,12:00,Fakel Voronezh,Spartak Moscow,0
Russia,Premier League,2024/2025,04/05/2025,14:30,Akhmat Grozny,CSKA Moscow,1
Russia,Premier League,2024/2025,04/05/2025,17:30,Khimki,FK Rostov,1
Russia,Premier League,2024/2025,04/05/2025,17:30,Zenit,Pari NN,2
Russia,Premier League,2024/2025,05/05/2025,16:30,Krylya Sovetov,Dynamo Moscow,1
Russia,Premier League,2024/2025,10/05/2025,12:30,Orenburg,Khimki,1
Russia,Premier League,2024/2025,10/05/2025,15:00,Dynamo Makhachkala,Zenit,0
Russia,Premier League,2024/2025,10/05/2025,17:30,CSKA Moscow,Krasnodar,1
Russia,Premier League,2024/2025,11/05/2025,12:00,Akron Togliatti,Akhmat Grozny,3
Russia,Premier League,2024/2025,11/05/2025,14:30,Fakel Voronezh,Lokomotiv Moscow,0
Russia,Premier League,2024/2025,11/05/2025,17:30,Dynamo Moscow,Spartak Moscow,2
Russia,Premier League,2024/2025,11/05/2025,17:30,Rubin Kazan,FK Rostov,1
Russia,Premier League,2024/2025,12/05/2025,17:00,Pari NN,Krylya Sovetov,5
Russia,Premier League,2024/2025,17/05/2025,12:00,Orenburg,Krasnodar,1
Russia,Premier League,2024/2025,17/05/2025,14:30,Khimki,Rubin Kazan,3
Russia,Premier League,2024/2025,17/05/2025,17:00,Pari NN,Fakel Voronezh,1
Russia,Premier League,2024/2025,18/05/2025,11:30,Krylya Sovetov,Spartak Moscow,0
Russia,Premier League,2024/2025,18/05/2025,12:00,Akhmat Grozny,Dynamo Makhachkala,1
Russia,Premier League,2024/2025,18/05/2025,14:30,Dynamo Moscow,Akron Togliatti,2
Russia,Premier League,2024/2025,18/05/2025,17:00,FK Rostov,Zenit,0
Russia,Premier League,2024/2025,19/05/2025,18:30,Lokomotiv Moscow,CSKA Moscow,2
Russia,Premier League,2024/2025,24/05/2025,14:30,Akron Togliatti,Lokomotiv Moscow,1
Russia,Premier League,2024/2025,24/05/2025,14:30,CSKA Moscow,Pari NN,2
Russia,Premier League,2024/2025,24/05/2025,14:30,Dynamo Makhachkala,FK Rostov,1
Russia,Premier League,2024/2025,24/05/2025,14:30,Fakel Voronezh,Krylya Sovetov,1
Russia,Premier League,2024/2025,24/05/2025,14:30,Krasnodar,Dynamo Moscow,3
Russia,Premier League,2024/2025,24/05/2025,14:30,Rubin Kazan,Orenburg,4
Russia,Premier League,2024/2025,24/05/2025,14:30,Spartak Moscow,Khimki,5
Russia,Premier League,2024/2025,24/05/2025,14:30,Zenit,Akhmat Grozny,3
Russia,Premier League,2025/2026,18/07/2025,18:30,Dynamo Moscow,Baltika,1
Russia,Premier League,2025/2026,19/07/2025,13:30,Akron Togliatti,Krylya Sovetov,1
Russia,Premier League,2025/2026,19/07/2025,16:00,Lokomotiv Moscow,Sochi,3
Russia,Premier League,2025/2026,19/07/2025,18:30,Spartak Moscow,Dynamo Makhachkala,1
Russia,Premier League,2025/2026,20/07/2025,13:30,Pari NN,Krasnodar,0
Russia,Premier League,2025/2026,20/07/2025,16:00,Zenit,FK Rostov,2
Russia,Premier League,2025/2026,20/07/2025,18:30,Akhmat Grozny,Rubin Kazan,0
Russia,Premier League,2025/2026,21/07/2025,15:30,Orenburg,CSKA Moscow,0
Russia,Premier League,2025/2026,25/07/2025,17:00,Krylya Sovetov,Pari NN,2
Russia,Premier League,2025/2026,26/07/2025,13:00,Spartak Moscow,Baltika,0
Russia,Premier League,2025/2026,26/07/2025,15:30,Dynamo Moscow,FK Rostov,1
Russia,Premier League,2025/2026,26/07/2025,17:00,Krasnodar,Lokomotiv Moscow,1
Russia,Premier League,2025/2026,26/07/2025,18:30,Sochi,Akron Togliatti,0
Russia,Premier League,2025/2026,27/07/2025,13:00,CSKA Moscow,Akhmat Grozny,2
Russia,Premier League,2025/2026,27/07/2025,15:30,Orenburg,Dynamo Makhachkala,1
Russia,Premier League,2025/2026,27/07/2025,18:00,Rubin Kazan,Zenit,2
Russia,Premier League,2025/2026,02/08/2025,16:00,FK Rostov,Krylya Sovetov,1
Russia,Premier League,2025/2026,02/08/2025,18:30,Krasnodar,Dynamo Moscow,1
Russia,Premier League,2025/2026,02/08/2025,18:30,Pari NN,Lokomotiv Moscow,2
Russia,Premier League,2025/2026,03/08/2025,11:30,Akron Togliatti,Spartak Moscow,1
Russia,Premier League,2025/2026,03/08/2025,13:45,Baltika,Orenburg,3
Russia,Premier League,2025/2026,03/08/2025,16:00,Zenit,CSKA Moscow,1
Russia,Premier League,2025/2026,03/08/2025,18:30,Dynamo Makhachkala,Akhmat Grozny,1
Russia,Premier League,2025/2026,04/08/2025,18:00,Rubin Kazan,Sochi,2
Russia,Premier League,2025/2026,08/08/2025,18:00,Dynamo Makhachkala,Akron Togliatti,1
Russia,Premier League,2025/2026,09/08/2025,11:30,Krylya Sovetov,Baltika,1
Russia,Premier League,2025/2026,09/08/2025,13:45,CSKA Moscow,Rubin Kazan,5
Russia,Premier League,2025/2026,09/08/2025,16:00,Lokomotiv Moscow,Spartak Moscow,4
Russia,Premier League,2025/2026,09/08/2025,18:30,Akhmat Grozny,Zenit,1
Russia,Premier League,2025/2026,10/08/2025,13:30,Orenburg,Krasnodar,0
Russia,Premier League,2025/2026,10/08/2025,16:00,Sochi,Dynamo Moscow,1
Russia,Premier League,2025/2026,10/08/2025,18:30,FK Rostov,Pari NN,1
Russia,Premier League,2025/2026,16/08/2025,13:00,Baltika,Lokomotiv Moscow,1
Russia,Premier League,2025/2026,16/08/2025,15:30,Spartak Moscow,Zenit,2
Russia,Premier League,2025/2026,16/08/2025,18:30,Akhmat Grozny,Krylya Sovetov,3
Russia,Premier League,2025/2026,17/08/2025,11:30,Akron Togliatti,Orenburg,1
Russia,Premier League,2025/2026,17/08/2025,13:45,Rubin Kazan,FK Rostov,1
Russia,Premier League,2025/2026,17/08/2025,16:00,Dynamo Moscow,CSKA Moscow,1
Russia,Premier League,2025/2026,17/08/2025,18:30,Krasnodar,Sochi,5
Russia,Premier League,2025/2026,18/08/2025,18:00,Pari NN,Dynamo Makhachkala,2
Russia,Premier League,2025/2026,22/08/2025,16:00,Orenburg,Akhmat Grozny,2
Russia,Premier League,2025/2026,23/08/2025,12:00,Rubin Kazan,Spartak Moscow,0
Russia,Premier League,2025/2026,23/08/2025,14:15,Zenit,Dynamo Makhachkala,4
Russia,Premier League,2025/2026,23/08/2025,16:30,Lokomotiv Moscow,FK Rostov,3
Russia,Premier League,2025/2026,23/08/2025,18:45,Dynamo Moscow,Pari NN,3
Russia,Premier League,2025/2026,24/08/2025,13:00,Krylya Sovetov,Krasnodar,0
Russia,Premier League,2025/2026,24/08/2025,15:30,CSKA Moscow,Akron Togliatti,3
Russia,Premier League,2025/2026,24/08/2025,18:00,Sochi,Baltika,0
Russia,Premier League,2025/2026,30/08/2025,12:00,Orenburg,Rubin Kazan,2
Russia,Premier League,2025/2026,30/08/2025,14:15,Zenit,Pari NN,2
Russia,Premier League,2025/2026,30/08/2025,16:30,Spartak Moscow,Sochi,2
Russia,Premier League,2025/2026,30/08/2025,18:45,FK Rostov,Akhmat Grozny,1
Russia,Premier League,2025/2026,31/08/2025,11:30,Akron Togliatti,Baltika,0
Russia,Premier League,2025/2026,31/08/2025,13:45,Lokomotiv Moscow,Krylya Sovetov,2
Russia,Premier League,2025/2026,31/08/2025,16:00,CSKA Moscow,Krasnodar,1
Russia,Premier League,2025/2026,31/08/2025,18:30,Dynamo Makhachkala,Dynamo Moscow,1
Russia,Premier League,2025/2026,12/09/2025,17:00,Rubin Kazan,Dynamo Makhachkala,1
Russia,Premier League,2025/2026,13/09/2025,12:00,Pari NN,Orenburg,3
Russia,Premier League,2025/2026,13/09/2025,14:45,Akhmat Grozny,Lokomotiv Moscow,1
Russia,Premier League,2025/2026,13/09/2025,14:45,Dynamo Moscow,Spartak Moscow,2
Russia,Premier League,2025/2026,13/09/2025,17:30,Krasnodar,Akron Togliatti,2
Russia,Premier League,2025/2026,14/09/2025,12:30,Krylya Sovetov,Sochi,2
Russia,Premier League,2025/2026,14/09/2025,15:00,Baltika,Zenit,0
Russia,Premier League,2025/2026,14/09/2025,17:30,FK Rostov,CSKA Moscow,1
Russia,Premier League,2025/2026,20/09/2025,12:30,Pari NN,Akhmat Grozny,1
Russia,Premier League,2025/2026,20/09/2025,14:45,Akron Togliatti,Rubin Kazan,2
Russia,Premier League,2025/2026,20/09/2025,17:30,Dynamo Makhachkala,Lokomotiv Moscow,1
Russia,Premier League,2025/2026,21/09/2025,10:00,Orenburg,Dynamo Moscow,1
Russia,Premier League,2025/2026,21/09/2025,12:30,Spartak Moscow,Krylya Sovetov,2
Russia,Premier League,2025/2026,21/09/2025,15:00,Baltika,FK Rostov,0
Russia,Premier League,2025/2026,21/09/2025,17:30,Krasnodar,Zenit,0
Russia,Premier League,2025/2026,22/09/2025,17:00,Sochi,CSKA Moscow,1
Russia,Premier League,2025/2026,26/09/2025,16:00,Krylya Sovetov,Dynamo Moscow,2
Russia,Premier League,2025/2026,27/09/2025,12:00,Akhmat Grozny,Akron Togliatti,3
Russia,Premier League,2025/2026,27/09/2025,14:30,Lokomotiv Moscow,Rubin Kazan,1
Russia,Premier League,2025/2026,27/09/2025,17:00,FK Rostov,Krasnodar,0
Russia,Premier League,2025/2026,27/09/2025,17:30,Zenit,Orenburg,5
Russia,Premier League,2025/2026,28/09/2025,12:30,CSKA Moscow,Baltika,1
Russia,Premier League,2025/2026,28/09/2025,15:00,Dynamo Makhachkala,Sochi,0
Russia,Premier League,2025/2026,28/09/2025,17:30,Spartak Moscow,Pari NN,3
Russia,Premier League,2025/2026,04/10/2025,11:00,Akron Togliatti,Zenit,1
Russia,Premier League,2025/2026,04/10/2025,13:15,Rubin Kazan,Krylya Sovetov,2
Russia,Premier League,2025/2026,04/10/2025,15:30,Krasnodar,Akhmat Grozny,2
Russia,Premier League,2025/2026,04/10/2025,17:45,Dynamo Moscow,Lokomotiv Moscow,3
Russia,Premier League,2025/2026,05/10/2025,10:00,Orenburg,FK Rostov,0
Russia,Premier League,2025/2026,05/10/2025,12:15,Sochi,Pari NN,2
Russia,Premier League,2025/2026,05/10/2025,14:30,CSKA Moscow,Spartak Moscow,3
Russia,Premier League,2025/2026,05/10/2025,17:00,Baltika,Dynamo Makhachkala,2
Russia,Premier League,2025/2026,18/10/2025,11:00,Krylya Sovetov,Orenburg,1
Russia,Premier League,2025/2026,18/10/2025,11:00,Pari NN,Akron Togliatti,0
Russia,Premier League,2025/2026,18/10/2025,13:15,Spartak Moscow,FK Rostov,1
Russia,Premier League,2025/2026,18/10/2025,15:30,Dynamo Makhachkala,Krasnodar,0
Russia,Premier League,2025/2026,18/10/2025,17:45,Lokomotiv Moscow,CSKA Moscow,3
Russia,Premier League,2025/2026,19/10/2025,12:30,Sochi,Zenit,0
Russia,Premier League,2025/2026,19/10/2025,15:00,Rubin Kazan,Baltika,0
Russia,Premier League,2025/2026,19/10/2025,17:30,Dynamo Moscow,Akhmat Grozny,2
Russia,Premier League,2025/2026,25/10/2025,12:00,Spartak Moscow,Orenburg,1
Russia,Premier League,2025/2026,25/10/2025,14:30,FK Rostov,Dynamo Makhachkala,1
Russia,Premier League,2025/2026,25/10/2025,17:00,CSKA Moscow,Krylya Sovetov,1
Russia,Premier League,2025/2026,26/10/2025,10:00,Akron Togliatti,Lokomotiv Moscow,1
Russia,Premier League,2025/2026,26/10/2025,12:15,Pari NN,Baltika,0
Russia,Premier League,2025/2026,26/10/2025,14:30,Zenit,Dynamo Moscow,2
Russia,Premier League,2025/2026,26/10/2025,16:45,Krasnodar,Rubin Kazan,1
Russia,Premier League,2025/2026,27/10/2025,16:30,Akhmat Grozny,Sochi,2
Russia,Premier League,2025/2026,31/10/2025,16:00,CSKA Moscow,Pari NN,2
Russia,Premier League,2025/2026,01/11/2025,14:45,Dynamo Makhachkala,Krylya Sovetov,2
Russia,Premier League,2025/2026,01/11/2025,14:45,Rubin Kazan,Dynamo Moscow,0
Russia,Premier League,2025/2026,01/11/2025,17:15,FK Rostov,Akron Togliatti,0
Russia,Premier League,2025/2026,01/11/2025,17:15,Zenit,Lokomotiv Moscow,2
Russia,Premier League,2025/2026,02/11/2025,09:00,Orenburg,Sochi,3
Russia,Premier League,2025/2026,02/11/2025,14:00,Baltika,Akhmat Grozny,2
Russia,Premier League,2025/2026,02/11/2025,16:30,Krasnodar,Spartak Moscow,2
Russia,Premier League,2025/2026,08/11/2025,11:00,Dynamo Moscow,Akron Togliatti,1
Russia,Premier League,2025/2026,08/11/2025,13:30,Dynamo Makhachkala,CSKA Moscow,0
Russia,Premier League,2025/2026,08/11/2025,13:30,Pari NN,Rubin Kazan,0
Russia,Premier League,2025/2026,08/11/2025,16:00,Sochi,FK Rostov,0
Russia,Premier League,2025/2026,09/11/2025,10:00,Krylya Sovetov,Zenit,1
Russia,Premier League,2025/2026,09/11/2025,12:15,Lokomotiv Moscow,Orenburg,1
Russia,Premier League,2025/2026,09/11/2025,14:30,Akhmat Grozny,Spartak Moscow,1
Russia,Premier League,2025/2026,09/11/2025,16:45,Baltika,Krasnodar,1
Russia,Premier League,2025/2026,21/11/2025,15:30,Akron Togliatti,Sochi,3
Russia,Premier League,2025/2026,22/11/2025,11:00,Orenburg,Baltika,0
Russia,Premier League,2025/2026,22/11/2025,13:45,Spartak Moscow,CSKA Moscow,1
Russia,Premier League,2025/2026,22/11/2025,16:30,Rubin Kazan,Akhmat Grozny,1
Russia,Premier League,2025/2026,23/11/2025,10:00,Krylya Sovetov,FK Rostov,2
Russia,Premier League,2025/2026,23/11/2025,12:15,Pari NN,Zenit,0
Russia,Premier League,2025/2026,23/11/2025,14:30,Dynamo Moscow,Dynamo Makhachkala,3
Russia,Premier League,2025/2026,23/11/2025,16:45,Lokomotiv Moscow,Krasnodar,1
Russia,Premier League,2025/2026,29/11/2025,11:00,Akron Togliatti,Pari NN,1
Russia,Premier League,2025/2026,29/11/2025,13:30,CSKA Moscow,Orenburg,2
Russia,Premier League,2025/2026,29/11/2025,16:30,Baltika,Spartak Moscow,1
Russia,Premier League,2025/2026,30/11/2025,11:00,Krasnodar,Krylya Sovetov,5
Russia,Premier League,2025/2026,30/11/2025,13:30,Akhmat Grozny,Dynamo Moscow,2
Russia,Premier League,2025/2026,30/11/2025,13:30,FK Rostov,Lokomotiv Moscow,1
Russia,Premier League,2025/2026,30/11/2025,16:00,Zenit,Rubin Kazan,1
Russia,Premier League,2025/2026,01/12/2025,16:30,Sochi,Dynamo Makhachkala,0
Russia,Premier League,2025/2026,05/12/2025,16:00,Akhmat Grozny,Orenburg,1
Russia,Premier League,2025/2026,06/12/2025,11:00,FK Rostov,Rubin Kazan,2
Russia,Premier League,2025/2026,06/12/2025,13:45,Spartak Moscow,Dynamo Moscow,1
Russia,Premier League,2025/2026,06/12/2025,16:30,Zenit,Akron Togliatti,2
Russia,Premier League,2025/2026,07/12/2025,11:00,Dynamo Makhachkala,Pari NN,0
Russia,Premier League,2025/2026,07/12/2025,13:30,Sochi,Lokomotiv Moscow,2
Russia,Premier League,2025/2026,07/12/2025,16:00,Baltika,Krylya Sovetov,2
Russia,Premier League,2025/2026,07/12/2025,16:00,Krasnodar,CSKA Moscow,3
Russia,Premier League,2025/2026,27/02/2026,16:30,Zenit,Baltika,1
Russia,Premier League,2025/2026,28/02/2026,09:00,Orenburg,Akron Togliatti,2
Russia,Premier League,2025/2026,28/02/2026,11:30,Krasnodar,FK Rostov,2
Russia,Premier League,2025/2026,28/02/2026,14:00,Lokomotiv Moscow,Pari NN,2
Russia,Premier League,2025/2026,28/02/2026,17:00,Dynamo Makhachkala,Rubin Kazan,2
Russia,Premier League,2025/2026,01/03/2026,10:00,Dynamo Moscow,Krylya Sovetov,4
Russia,Premier League,2025/2026,01/03/2026,16:00,Akhmat Grozny,CSKA Moscow,1
Russia,Premier League,2025/2026,02/03/2026,12:00,Sochi,Spartak Moscow,2
Russia,Premier League,2025/2026,07/03/2026,13:45,FK Rostov,Baltika,1
Russia,Premier League,2025/2026,07/03/2026,16:00,Pari NN,Sochi,2
Russia,Premier League,2025/2026,08/03/2026,09:00,Orenburg,Zenit,2
Russia,Premier League,2025/2026,08/03/2026,11:30,Krylya Sovetov,Dynamo Makhachkala,2
Russia,Premier League,2025/2026,08/03/2026,14:00,Rubin Kazan,Krasnodar,2
Russia,Premier League,2025/2026,08/03/2026,16:30,CSKA Moscow,Dynamo Moscow,1
Russia,Premier League,2025/2026,09/03/2026,13:30,Lokomotiv Moscow,Akhmat Grozny,2
Russia,Premier League,2025/2026,09/03/2026,16:00,Spartak Moscow,Akron Togliatti,4
Russia,Premier League,2025/2026,13/03/2026,16:30,Dynamo Makhachkala,Orenburg,1
Russia,Premier League,2025/2026,14/03/2026,10:45,Sochi,Krasnodar,1
Russia,Premier League,2025/2026,14/03/2026,13:00,Zenit,Spartak Moscow,2
Russia,Premier League,2025/2026,14/03/2026,15:15,FK Rostov,Dynamo Moscow,0
Russia,Premier League,2025/2026,14/03/2026,17:30,Baltika,CSKA Moscow,1
Russia,Premier League,2025/2026,15/03/2026,11:00,Akron Togliatti,Akhmat Grozny,1
Russia,Premier League,2025/2026,15/03/2026,13:30,Pari NN,Krylya Sovetov,3
Russia,Premier League,2025/2026,15/03/2026,16:00,Rubin Kazan,Lokomotiv Moscow,3
Russia,Premier League,2025/2026,21/03/2026,10:45,Akhmat Grozny,FK Rostov,1
Russia,Premier League,2025/2026,21/03/2026,13:00,CSKA Moscow,Dynamo Makhachkala,3
Russia,Premier League,2025/2026,21/03/2026,15:15,Krasnodar,Pari NN,5
Russia,Premier League,2025/2026,21/03/2026,17:30,Baltika,Sochi,4
Russia,Premier League,2025/2026,22/03/2026,10:45,Orenburg,Spartak Moscow,0
Russia,Premier League,2025/2026,22/03/2026,13:00,Dynamo Moscow,Zenit,1
Russia,Premier League,2025/2026,22/03/2026,13:30,Krylya Sovetov,Rubin Kazan,0
Russia,Premier League,2025/2026,22/03/2026,16:00,Lokomotiv Moscow,Akron Togliatti,5
Russia,Premier League,2025/2026,04/04/2026,11:00,Akron Togliatti,CSKA Moscow,1
Russia,Premier League,2025/2026,04/04/2026,13:15,Zenit,Krylya Sovetov,2
Russia,Premier League,2025/2026,04/04/2026,15:30,Dynamo Moscow,Orenburg,3
Russia,Premier League,2025/2026,04/04/2026,17:45,Akhmat Grozny,Krasnodar,0
Russia,Premier League,2025/2026,05/04/2026,12:00,Pari NN,FK Rostov,0
Russia,Premier League,2025/2026,05/04/2026,14:30,Dynamo Makhachkala,Baltika,2
Russia,Premier League,2025/2026,05/04/2026,17:30,Spartak Moscow,Lokomotiv Moscow,2
Russia,Premier League,2025/2026,06/04/2026,17:30,Sochi,Rubin Kazan,0
Russia,Premier League,2025/2026,11/04/2026,12:00,Krylya Sovetov,Akhmat Grozny,2
Russia,Premier League,2025/2026,11/04/2026,14:30,Rubin Kazan,Orenburg,0
Russia,Premier League,2025/2026,11/04/2026,17:30,Baltika,Pari NN,2
Russia,Premier League,2025/2026,12/04/2026,12:00,CSKA Moscow,Sochi,0
Russia,Premier League,2025/2026,12/04/2026,14:30,FK Rostov,Spartak Moscow,1
Russia,Premier League,2025/2026,12/04/2026,14:30,Lokomotiv Moscow,Dynamo Makhachkala,1
Russia,Premier League,2025/2026,12/04/2026,17:30,Zenit,Krasnodar,1
Russia,Premier League,2025/2026,13/04/2026,15:15,Akron Togliatti,Dynamo Moscow,2
Russia,Premier League,2025/2026,17/04/2026,17:30,FK Rostov,Sochi,0
Russia,Premier League,2025/2026,18/04/2026,10:00,Orenburg,Lokomotiv Moscow,0
Russia,Premier League,2025/2026,18/04/2026,12:30,Krylya Sovetov,CSKA Moscow,1
Russia,Premier League,2025/2026,18/04/2026,15:00,Rubin Kazan,Akron Togliatti,1
Russia,Premier League,2025/2026,18/04/2026,17:30,Pari NN,Dynamo Moscow,1
Russia,Premier League,2025/2026,19/04/2026,12:30,Dynamo Makhachkala,Zenit,0
Russia,Premier League,2025/2026,19/04/2026,15:00,Spartak Moscow,Akhmat Grozny,3
Russia,Premier League,2025/2026,19/04/2026,17:30,Krasnodar,Baltika,2
Russia,Premier League,2025/2026,21/04/2026,15:30,Sochi,Krylya Sovetov,2
Russia,Premier League,2025/2026,21/04/2026,17:45,CSKA Moscow,FK Rostov,1
Russia,Premier League,2025/2026,22/04/2026,15:30,Orenburg,Pari NN,2
Russia,Premier League,2025/2026,22/04/2026,17:45,Dynamo Moscow,Rubin Kazan,0
Russia,Premier League,2025/2026,22/04/2026,17:45,Lokomotiv Moscow,Zenit,0
Russia,Premier League,2025/2026,23/04/2026,15:30,Akron Togliatti,Dynamo Makhachkala,1
Russia,Premier League,2025/2026,23/04/2026,17:45,Akhmat Grozny,Baltika,1
Russia,Premier League,2025/2026,23/04/2026,17:45,Spartak Moscow,Krasnodar,1
Russia,Premier League,2025/2026,25/04/2026,12:30,FK Rostov,Orenburg,0
Russia,Premier League,2025/2026,25/04/2026,15:00,Krylya Sovetov,Lokomotiv Moscow,2
Russia,Premier League,2025/2026,25/04/2026,17:30,Rubin Kazan,CSKA Moscow,0
Russia,Premier League,2025/2026,26/04/2026,12:00,Pari NN,Spartak Moscow,1
Russia,Premier League,2025/2026,26/04/2026,15:00,Dynamo Moscow,Sochi,2
Russia,Premier League,2025/2026,26/04/2026,15:00,Krasnodar,Dynamo Makhachkala,2
Russia,Premier League,2025/2026,26/04/2026,17:30,Zenit,Akhmat Grozny,2
Russia,Premier League,2025/2026,27/04/2026,18:00,Baltika,Akron Togliatti,0
Russia,Premier League,2025/2026,01/05/2026,15:00,Krylya Sovetov,Spartak Moscow,2
Russia,Premier League,2025/2026,01/05/2026,17:30,Lokomotiv Moscow,Dynamo Moscow,1
Russia,Premier League,2025/2026,02/05/2026,12:00,Dynamo Makhachkala,FK Rostov,1
Russia,Premier League,2025/2026,02/05/2026,14:30,Baltika,Rubin Kazan,0
Russia,Premier League,2025/2026,02/05/2026,17:00,CSKA Moscow,Zenit,1
Russia,Premier League,2025/2026,03/05/2026,12:30,Sochi,Orenburg,3
Russia,Premier League,2025/2026,03/05/2026,15:00,Akron Togliatti,Krasnodar,0
Russia,Premier League,2025/2026,03/05/2026,17:30,Akhmat Grozny,Pari NN,2
Russia,Premier League,2025/2026,10/05/2026,10:30,Orenburg,Krylya Sovetov,1
Russia,Premier League,2025/2026,10/05/2026,13:00,Zenit,Sochi,2
Russia,Premier League,2025/2026,10/05/2026,15:15,Akhmat Grozny,Dynamo Makhachkala,1
Russia,Premier League,2025/2026,10/05/2026,17:30,Lokomotiv Moscow,Baltika,1
Russia,Premier League,2025/2026,11/05/2026,11:00,Akron Togliatti,FK Rostov,1
Russia,Premier League,2025/2026,11/05/2026,13:15,Pari NN,CSKA Moscow,1
Russia,Premier League,2025/2026,11/05/2026,15:30,Spartak Moscow,Rubin Kazan,2
Russia,Premier League,2025/2026,11/05/2026,18:00,Dynamo Moscow,Krasnodar,2
Russia,Premier League,2025/2026,17/05/2026,16:00,Baltika,Dynamo Moscow,1
Russia,Premier League,2025/2026,17/05/2026,16:00,CSKA Moscow,Lokomotiv Moscow,3
Russia,Premier League,2025/2026,17/05/2026,16:00,Dynamo Makhachkala,Spartak Moscow,0
Russia,Premier League,2025/2026,17/05/2026,16:00,FK Rostov,Zenit,0
Russia,Premier League,2025/2026,17/05/2026,16:00,Krasnodar,Orenburg,3
Russia,Premier League,2025/2026,17/05/2026,16:00,Krylya Sovetov,Akron Togliatti,4
Russia,Premier League,2025/2026,17/05/2026,16:00,Rubin Kazan,Pari NN,2
Russia,Premier League,2025/2026,17/05/2026,16:00,Sochi,Akhmat Grozny,1
Russia,Premier League,2026/2027,24/07/2026,18:00,CSKA Moscow,Baltika,2
Russia,Premier League,2026/2027,25/07/2026,12:00,Dynamo Moscow,Krylya Sovetov,0
Russia,Premier League,2026/2027,25/07/2026,14:15,Akron Togliatti,Zenit,0
Russia,Premier League,2026/2027,25/07/2026,16:30,Fakel Voronezh,Dynamo Makhachkala,1
Russia,Premier League,2026/2027,25/07/2026,18:45,Spartak Moscow,Rodina Moscow,3
Russia,Premier League,2026/2027,26/07/2026,15:00,Lokomotiv Moscow,Akhmat Grozny,1
Russia,Premier League,2026/2027,26/07/2026,17:30,Orenburg,FK Rostov,2
Russia,Premier League,2026/2027,26/07/2026,17:30,Rubin Kazan,Krasnodar,1
Russia,Premier League,2026/2027,31/07/2026,18:00,Rodina Moscow,FK Rostov,2
Russia,Premier League,2026/2027,01/08/2026,12:00,Akron Togliatti,Rubin Kazan,1
Russia,Premier League,2026/2027,01/08/2026,14:15,CSKA Moscow,Krylya Sovetov,1
Russia,Premier League,2026/2027,01/08/2026,16:30,Dynamo Makhachkala,Lokomotiv Moscow,2
Russia,Premier League,2026/2027,01/08/2026,18:45,Baltika,Dynamo Moscow,2
Russia,Premier League,2026/2027,02/08/2026,14:00,Orenburg,Zenit,0
Russia,Premier League,2026/2027,02/08/2026,16:15,Krasnodar,Fakel Voronezh,3
Russia,Premier League,2026/2027,02/08/2026,18:30,Akhmat Grozny,Spartak Moscow,1