change_id,routes,date_from,date_to,mode,days,hour_from,hour_to,kind,reason,source
r01,7 50,2025-03-29,2025-03-30,span,all,22,12,short,"ремонт, укорочены до Каланчёвской улицы с 22:00 29.03 до 12:00 30.03",https://t.me/DtOperativno/20574
r02,50,2025-03-15,2025-03-30,daily,weekend,5,25,reroute,"ремонт путей у МИИТ, объезд через Перуновский переулок",https://t.me/DtOperativno/20453
r03,17,2025-04-05,2025-04-20,daily,weekend,5,25,short,"ремонт путей на улице Менжинского, укорочен до Сельскохозяйственной улицы",https://t.me/DtOperativno/20659
r04,17,2025-04-26,2025-04-27,daily,weekend,5,25,cancel,"ремонт путей на проспекте Мира, маршрут не работает, автобус 017",https://t.me/DtOperativno/20884
r05,12,2025-04-28,2025-04-29,daily,all,23,25,short,"ремонт на улице Сергия Радонежского, после 23:50 до Авиамоторной",https://t.me/DtOperativno/20984
r06,12,2025-04-29,2025-04-29,daily,all,16,19,reroute,"репетиция парада Победы, объезд через Абельмановскую Заставу",https://t.me/DtOperativno/20899
r07,12,2025-05-03,2025-05-03,daily,all,16,19,reroute,репетиция парада Победы,https://t.me/DtOperativno/20899
r08,12,2025-05-07,2025-05-07,daily,all,5,20,reroute,генеральная репетиция парада Победы,https://t.me/DtOperativno/20899
r09,12,2025-05-09,2025-05-09,daily,all,5,20,reroute,парад Победы,https://t.me/DtOperativno/20899
r10,26,2025-05-11,2025-05-12,daily,all,5,25,reroute,"оперативный ремонт в Черёмушках, через улицу Вавилова",https://t.me/DtOperativno/21129
r11,7 50,2025-06-05,2025-06-06,span,all,22,12,short,укорочены до Каланчёвской улицы с 22:00 05.06 до 11:30 06.06,https://t.me/DtOperativno/21415
r12,12,2025-06-07,2025-11-16,daily,weekend,5,25,reroute,"ремонт путей на шоссе Энтузиастов, через проспект Будённого до МЦД Новогиреево",https://t.me/DtOperativno/21417
r13,7 50,2025-06-08,2025-06-08,daily,all,5,14,short,"Красочный забег, укорочены до Каланчёвской улицы",https://t.me/DtOperativno/21418
r14,11 17 25,2025-06-27,2025-06-28,span,all,11,7,reroute,"Московский выпускной на ВДНХ, трамваи не ходят в Останкино с 11:30 27.06 до 7:00 28.06",https://t.me/DtOperativno/21664
r15,7 50,2025-06-29,2025-07-02,daily,all,1,5,short,"ремонт на Комсомольской площади, ночью после 1:00 до Каланчёвской",https://t.me/DtOperativno/21687
r16,25,2025-07-05,2025-07-06,span,all,21,1,short,"ночной велофестиваль в Сокольниках, с 21:00 до 0:30 от Останкино до Богородского",https://t.me/DtOperativno/21773
r17,7 50,2025-07-10,2025-08-10,daily,all,5,25,short,"ремонт у Красносельской и Белорусского вокзала: 7 до Сокольников, 50 объединён с 13",https://t.me/DtOperativno/21735
r18,11 17 25,2025-07-18,2025-07-22,daily,all,23,25,reroute,"строительные работы, после 23:30 не ходят в Останкино",https://t.me/DtOperativno/21942
r19,7 50,2025-08-15,2025-11-24,daily,all,23,25,short,"работы на Комсомольской площади и в Протопоповском переулке, вечером не ходят до Белорусского вокзала и Новослободской (с 28.10 после 22:00)",https://t.me/DtOperativno/22371
r20,7,2025-09-06,2025-11-09,daily,weekend,5,25,short,"ремонт в Протопоповском переулке, по выходным до Каланчёвской улицы",https://t.me/DtOperativno/22624
r21,50,2025-09-06,2025-11-09,daily,weekend,5,25,cancel,"ремонт в Протопоповском переулке, по выходным маршрут не работает",https://t.me/DtOperativno/22624
r22,11 17 25,2025-09-13,2025-09-13,daily,all,11,21,reroute,"осенний велофестиваль на ВДНХ, не ходят к метро ВДНХ и в Останкино",https://t.me/DtOperativno/22704
r23,11 17 25,2025-09-16,2025-09-19,daily,all,0,5,reroute,"ремонт путей, после 0:20 не ходят в Останкино",https://t.me/DtOperativno/22757
r24,7,2025-09-20,2025-09-28,daily,weekend,5,25,reroute,"ремонт у метро Бульвар Рокоссовского, от Белорусского вокзала до Сельскохозяйственной улицы",https://t.me/DtOperativno/22810
r25,11 17 25,2025-09-24,2025-09-25,daily,all,0,5,reroute,"ремонт путей, после 0:20 не ходят в Останкино",https://t.me/DtOperativno/22851
r26,7 50,2025-10-28,2025-11-24,daily,all,22,23,short,"работы в Протопоповском переулке, после 22:00 до Каланчёвской",https://t.me/DtOperativno/23293
