hour,boardings,norm,ratio
0,1341.0,1310.5,1.023
1,128.0,110.5,1.158
2,0.0,0.0,
3,0.0,0.0,
4,151.0,185.5,0.814
5,4958.0,4744.0,1.045
6,21341.0,21473.5,0.994
7,47850.0,47252.5,1.013
8,67013.0,67653.0,0.991
9,50544.0,50795.0,0.995
10,42288.0,41394.5,1.022
11,41698.0,40936.0,1.019
12,43539.0,40604.0,1.072
13,46075.0,41200.5,1.118
14,47117.0,41155.5,1.145
15,53005.0,44944.0,1.179
16,55597.0,50726.0,1.096
17,59281.0,59128.5,1.003
18,50275.0,61779.5,0.814
19,41268.0,45772.0,0.902
20,29828.0,31287.5,0.953
21,19378.0,19962.0,0.971
22,11358.0,11146.5,1.019
23,5462.0,4922.0,1.11
